v -0.65133 -1.37098 -0.12491
v -0.72815 0.40738 -0.74247
v 0.00501 1.01306 0.91745
v -0.67560 -1.28884 0.46788
v -0.65091 0.39260 1.04408
v 0.24548 -0.95632 -1.21427
v 0.44356 -1.13737 0.79868
v 0.98468 -0.32737 0.45977
v -0.62244 -0.22786 1.02759
v 0.93967 -0.70270 0.15500
v 0.00000 1.14318 -0.47646
v -0.31603 0.94150 -0.76531
v 0.99934 -0.28791 -0.00938
v -0.23625 0.67654 1.13745
v 1.05828 -0.35883 0.38006
v 0.38513 0.23782 1.20972
v -0.60109 -1.49414 0.73607
v 0.63220 -2.13925 0.24530
v -0.99187 -2.65660 1.29353
v 0.30385 -0.23262 1.16012
v -0.34502 1.18867 0.01550
v 0.77437 -1.95644 0.81626
v -0.89616 -0.86246 0.20093
v 0.92414 -3.14495 0.75597
v -0.89853 -3.18568 0.10431
v 0.03684 -0.68037 -1.48743
v -0.92196 -2.99796 -0.04116
v 0.53759 1.10620 -0.02962
v -0.58359 1.07942 -0.04116
v 0.25961 -1.30578 -1.16562
v -1.01080 -0.40652 0.20415
v 0.62156 -0.71267 0.74257
v -0.27853 -1.68073 1.10622
v 0.45686 -1.97702 1.29316
v -0.30808 -1.63879 -0.71026
v -0.72603 0.71837 0.83165
v -0.88388 0.61004 -0.16233
v 0.53813 0.60132 1.05097
v -0.56416 0.56856 1.04927
v -0.90898 -0.45409 -0.16646
v 0.41529 -1.63411 0.99593
v -0.22847 -1.11604 0.87070
v -0.50859 -1.96115 1.24916
v 0.62839 -1.39787 -0.05777
v -0.64648 -1.37700 -0.09894
v 0.00000 -0.91684 0.89054
v -0.71226 0.03034 1.01489
v -0.48096 -2.47341 0.07449
v -0.33971 0.58533 -1.00422
v 0.66781 -1.81012 0.32507
v 0.39943 -1.01400 -1.14011
v 0.00000 -2.09780 1.29353
v -0.52494 0.12404 -1.03128
v -0.81339 0.86977 0.40444
v 0.77022 -0.74765 -0.64656
v -0.91817 -0.17938 0.65233
v -0.06807 0.88494 -0.90790
v -0.66371 -1.17340 0.56637
v -0.69621 -1.97311 0.36903
v -0.58551 0.81369 -0.64048
v -0.72296 -0.45222 -0.83190
v 0.15615 -2.68208 -0.14343
v -0.01400 0.50204 -1.11485
v 0.67812 -1.20184 0.34279
v 0.97448 -0.12057 0.45892
v -0.94910 -3.01104 1.22210
v 0.26060 -0.76059 -1.17195
v 0.13139 1.17748 -0.32446
v -0.24813 0.32961 1.24034
v 0.22735 -1.47196 0.99985
v -0.17261 -1.79319 1.20992
v -0.86121 0.80275 0.24586
v -0.77663 -1.99583 1.01198
v 0.53922 0.06433 1.14064
v 0.81805 -0.94614 0.02799
v 0.18730 -1.46898 -1.18491
v -0.91632 -0.42189 -0.00461
v -0.78304 0.75765 0.70948
v 0.96032 -0.13302 0.00624
v 0.03774 0.27212 1.27468
v 0.91763 0.65443 0.30784
v 0.89796 -2.06377 1.01268
v -0.46516 -1.34396 -0.85746
v -0.68680 -1.66122 0.56308
v -1.03761 -2.44047 0.33663
v -0.89348 -2.14038 0.54145
v 0.87838 -3.18423 0.83221
v 0.82400 -0.31941 -0.56959
v 0.59516 0.74054 0.93995
v -0.60066 -1.66847 0.81024
v -0.95408 0.08470 -0.06118
v -0.73773 0.95903 -0.00008
v 0.29828 0.83259 -0.88649
v 0.59862 -1.01576 0.66652
v -0.46940 -0.86865 0.77641
v 0.63981 -3.18357 1.28887
v 0.02926 -1.13210 0.89686
v -0.42388 0.92265 -0.70741
v -0.69423 -3.18523 1.14518
v 0.81383 -2.44532 0.24327
v -0.91733 -3.18367 0.55275
v -0.14591 -1.91261 1.29265
v -0.32773 0.18013 -1.15261
v -0.99493 -0.31373 0.04796
v 0.67960 -1.21350 0.42990
v 0.43853 1.14353 -0.08343
v 0.83024 -3.16917 -0.14279
v -0.85028 -2.02520 0.75435
v 0.21762 -0.65396 -1.24747
v -0.80511 -0.69608 0.47516
v 0.13826 -0.15314 -1.11411
v -0.37692 -1.61416 -0.49624
v 0.87562 -0.58165 0.11062
v 0.67770 -3.17195 -0.18671
v -0.62079 0.70377 -0.69393
v 0.66536 -1.71596 0.70933
v -0.51273 -1.23830 -0.83517
v 0.97435 -0.12875 0.04412
v -0.31235 -0.26171 -0.93092
v -0.88802 -2.09714 0.61035
v 0.22247 -1.77192 -0.40343
v 0.73316 -1.91979 0.83849
v 0.13244 0.99150 -0.77711
v -0.13288 -1.98884 -0.28149
v -0.70257 -1.87806 0.82711
v 0.56681 -1.97424 1.23326
v -0.35606 -1.88658 1.22160
v 0.38093 0.96548 0.87897
v 0.39378 0.75188 -0.89276
v 0.46830 -1.53218 0.89960
v 0.41251 -1.65027 -0.18898
v -0.39280 -1.63170 -0.27789
v -0.02323 -2.14060 -0.23855
v 0.12315 1.22286 -0.05228
v 0.82051 -0.90934 -0.07931
v 0.58382 -1.42000 -0.51934
v 0.62128 -0.83328 0.67344
v -0.58716 -1.82722 0.16126
v 0.98566 0.24350 0.25658
v -0.91639 -3.18283 0.69278
v 0.27545 1.08694 0.75694
v -0.54850 0.26926 1.13533
v 0.09286 0.06924 -1.22846
v -0.87695 0.55481 -0.24455
v 0.58529 -1.47709 -0.01017
v 0.22164 -1.91523 1.28426
v -0.85372 0.70947 -0.14118
v -0.09948 1.15931 -0.40380
v 0.80748 -0.52523 0.66941
v -0.65482 1.01498 -0.10235
v 0.22720 -0.73750 -1.28776
v 0.98145 0.20557 0.47265
v -0.28037 -3.18363 1.29173
v 0.71043 -1.80492 0.61995
v 0.37152 -0.05400 1.19131
v -0.65776 0.70902 -0.64694
v -0.86359 0.48314 0.75361
v 0.31233 -1.45355 0.95815
v 0.73001 -2.03054 0.40109
v -0.74867 -2.06619 0.40510
v -0.93798 -3.07049 1.22448
v 0.92311 -3.15113 0.39617
v -0.48719 0.77295 0.98824
v 0.22810 -1.03181 -1.24831
v 0.87584 -0.70837 0.04452
v -0.25760 -1.34226 -1.14496
v 0.46073 -1.53929 -0.41094
v 0.49777 -1.34527 0.80962
v 0.32300 -2.92280 -0.17651
v 0.01865 -3.18511 1.26662
v 0.41574 -3.18114 1.29241
v -0.10686 -2.14335 -0.21477
v 0.63884 -1.53951 0.20462
v 0.69915 0.84914 0.74766
v 0.50692 1.04399 -0.36457
v -0.61711 0.93592 -0.42218
v -0.22890 0.74880 1.10312
v 0.05002 -1.71086 -1.08693
v -0.05024 -1.46874 -1.20673
v -0.58754 -0.28618 -0.82060
v -0.06172 -1.70825 1.17959
v -0.74901 0.83590 -0.30335
v 0.35091 -1.22759 0.85857
v -0.15109 -0.41089 -1.20480
v -1.04128 -0.22037 0.22401
v -0.61232 -1.74665 0.18255
v -0.54724 -0.02760 1.12694
v 0.47812 -1.51037 -0.73639
v 0.09567 0.44450 1.24555
v -0.19745 0.51669 1.20811
v -0.68896 -3.18440 -0.18815
v 0.27955 -0.28030 -0.92346
v 0.02690 1.22014 -0.12391
v 0.95825 0.11929 0.59974
v -0.97154 -0.00390 0.52408
v -0.82536 0.31771 -0.52049
v -0.72343 -0.29376 -0.79260
v -0.79660 -0.57066 0.64817
v 0.61008 -0.63006 0.81335
v 0.34536 0.50759 1.17339
v 0.94574 -3.01489 1.27916
v -0.68632 -1.76255 0.39246
v -0.77654 -0.93249 0.12014
v -0.40525 0.14917 1.20379
v -0.49589 -3.18451 -0.23829
v 0.22897 -0.31246 -0.96700
v 0.56966 -1.63096 0.83478
v -0.91948 -3.17245 0.25181
v -0.82735 0.69152 0.68264
v -0.77922 -2.06068 0.45469
v 0.68599 -1.33071 -0.10539
v 0.61248 -1.06312 0.65349
v -0.00219 -0.11670 -1.19668
v -0.97833 -0.08462 0.16629
v -0.26725 -0.56699 -1.05984
v 0.17164 1.03409 0.87055
v 0.47527 -0.63032 -1.01247
v 0.23399 -1.79287 1.19332
v -1.01326 -2.62973 1.29281
v 0.90980 0.04825 -0.26684
v -0.42842 -1.97140 1.29288
v -0.97790 0.02517 0.13923
v -0.28074 -1.64651 -0.87382
v -0.22251 0.98480 -0.75626
v 0.13659 0.74510 -0.99682
v 0.38493 -1.33263 0.87587
v -0.77144 -0.06246 0.94040
v -0.63678 1.04551 -0.02568
v -0.98586 0.08318 0.44589
v -0.23691 -3.10779 -0.25352
v -1.02862 -0.52167 0.28879
v -0.67866 0.01824 1.04178
v -0.16334 -0.12882 -1.12713
v -0.01268 -2.00430 -0.31037
v -1.04291 -2.40968 1.29366
v -1.07378 -2.29407 1.22595
v -0.33000 0.06790 -1.19560
v 0.62985 -1.39150 0.00553
v 0.93185 -3.04079 -0.05816
v 0.36855 -1.11497 -1.09204
v -0.82512 0.86586 0.32994
v 0.51555 1.04219 0.67033
v -0.24682 -2.65126 -0.09939
v 0.80492 -1.98268 0.72421
v 0.91809 -3.17755 0.19826
v 0.03233 0.56107 -1.09448
v -0.35267 -0.41785 1.07193
v 0.05554 -0.82241 -1.33390
v 0.37371 1.13858 -0.24280
v 0.85375 -0.73953 -0.07263
v -0.84872 -0.77718 -0.08810
v 0.07010 0.56314 -1.08957
v -0.08173 0.62443 -1.06327
v -0.91726 -3.18375 0.37779
v 0.49419 -3.18463 1.17531
v -0.25514 -0.92272 -1.19809
v 0.49041 -3.02622 -0.17283
v 0.76131 0.84117 0.64776
v -0.43312 -0.50254 1.00006
v 0.25720 -1.48953 -1.13535
v 0.52374 -1.88936 0.08970
v -0.77552 -0.91376 0.15474
v -0.74797 -1.20979 -0.08360
v -0.63767 -1.18063 -0.62253
v -0.82193 -2.01462 0.63703
v -0.50396 -1.76021 0.01925
v -0.91827 -3.18279 -0.10574
v 0.26527 -1.26803 -1.16258
v 0.41762 0.95417 -0.66922
v 0.84778 -0.83096 -0.05066
v -0.86056 0.16689 0.83686
v 0.15700 -1.68663 -0.70816
v -0.11508 -1.69865 -0.67123
v 1.00098 -2.13305 0.78661
v -0.80369 -0.96317 -0.00300
v -0.89419 -0.53809 -0.22863
v 0.44876 0.25956 -1.05167
v -0.94210 -2.13497 0.62950
v 0.14153 -0.66299 -1.43421
v 0.95270 -0.26122 0.47484
v -0.56858 -1.43629 -0.55538
v 0.95596 -2.94842 -0.00150
v 0.61010 -1.58676 0.75252
v -0.74578 0.92365 -0.08771
v -0.91694 -3.18322 0.41120
v 0.77994 0.91089 0.42679
v 0.77610 -3.18489 -0.15282
v -0.59012 -1.23221 -0.69089
v -0.43279 -0.96224 -1.12229
v -0.07934 -2.76843 -0.17995
v -0.02338 -3.17664 1.29356
v -0.81024 -0.12093 0.87794
v -0.68664 -1.60702 0.48056
v 1.07036 -0.37272 0.23636
v -0.14444 -1.92561 1.29353
v 0.88324 -3.17438 1.29268
v 0.83432 0.84842 0.15020
v -0.83379 0.80395 -0.01644
v -0.15959 -1.19301 -1.27379
v -1.04427 -0.16342 0.06933
v 0.89610 -3.18467 0.76934
v 0.84049 -3.18488 0.62039
v 0.17897 0.00895 1.24346
v -0.84990 -3.13632 -0.12572
v -0.95852 0.01936 -0.03982
v -0.24613 -2.27326 -0.08779
v 0.91210 -3.18334 0.37142
v 0.54069 -1.27007 -0.76461
v 0.17024 -2.29159 -0.13859
v -0.44153 -1.22093 0.81594
v 0.87795 -0.43656 -0.48162
v 0.61738 -1.50876 0.13206
v -0.07476 -0.32818 -1.27803
v -0.67847 -1.76211 0.71661
v 0.93973 -3.05681 0.37968
v -0.24938 1.12520 -0.43448
v -0.65162 0.69855 -0.66136
v -0.09970 -0.58635 1.01660
v -0.74895 0.41338 0.94768
v 0.91706 -3.17239 0.97450
v 0.21268 -1.81445 1.21240
v -0.74724 0.45550 -0.69061
v -0.23083 -1.38836 0.95776
v -0.49131 0.88210 -0.68159
v -0.01448 -0.14165 -1.20828
v -0.70181 -0.92518 0.49286
v 0.00000 -0.37214 1.13656
v 0.06483 -0.98590 -1.32422
v 0.73557 -2.01032 0.42455
v 0.71245 0.22208 -0.81945
v -0.70424 0.15929 -0.84445
v 0.39488 -1.59556 -0.54990
v -0.36113 -1.61531 -0.66152
v -0.90296 -3.18451 1.09962
v -0.90979 0.41208 0.67432
v -0.04203 -0.72409 -1.45961
v 0.12012 -1.69778 -0.99452
v -0.66859 -1.05108 -0.67657
v -0.75499 0.35061 0.95783
v 0.35025 1.09557 -0.43306
v -1.04506 -2.45849 0.34136
v -0.77447 -0.85663 -0.52524
v -1.04141 -2.46984 0.31842
v 0.96950 -2.88837 0.11059
v 0.04099 -0.71201 -1.46731
v 0.71437 -1.90115 0.84451
v -0.71391 -1.90746 0.86149
v 0.07757 -2.46195 -0.16026
v -0.98699 -2.78227 1.29279
v -0.64887 -1.04154 0.59781
v 0.52241 0.03016 1.14443
v -0.51946 0.02718 1.14541
v -0.95257 -0.76724 0.27532
v 0.66529 -1.83430 0.84139
v -0.95048 -0.70283 0.33998
v 0.13688 -2.83359 -0.18543
v -0.37734 -0.09541 1.18046
v -0.15990 -0.79658 0.89546
v 0.59745 -1.21167 -0.69239
v 0.37231 -1.32688 -1.01089
v 0.00000 -1.21173 0.91716
v 0.41174 1.17891 0.12827
v -0.40031 -1.08130 -1.08714
v 0.87017 0.78072 0.33467
v -0.42921 -0.97536 0.78973
v -0.61250 -1.38215 -0.47197
v -0.36642 -1.03300 0.82035
v 0.12118 -1.37300 0.97442
v -0.83819 -2.39518 0.28374
v 0.22560 1.21344 0.43785
v -0.62013 -0.87206 0.66132
v 0.95230 0.47174 0.43582
v 0.71301 -0.01388 1.00705
v 0.60038 -1.88299 1.03047
v 0.26092 -1.04146 -1.22082
v 0.06975 -1.72537 -0.57550
v 0.04042 -2.23352 -0.20400
v -1.00967 -2.12787 0.88601
v -0.52534 1.00942 -0.42548
v 1.04456 -0.21151 0.25065
v -1.05444 -0.19925 0.25355
v 0.56457 -0.16130 -0.92104
v 0.32684 1.11059 -0.41099
v 0.96728 -0.66542 0.19529
v 0.91311 -3.18416 0.53207
v -0.47509 -0.55679 0.94926
v 0.83393 0.68624 -0.26738
v -0.69038 -0.93148 0.52804
v -1.09892 -0.14729 0.25303
v 0.27275 0.85561 1.02055
v 0.48197 0.95266 -0.59611
v 0.34144 -1.65118 -0.44643
v -0.33849 -1.65206 -0.45486
v 0.64061 -0.36745 -0.83748
v -0.99780 -0.69450 0.33093
v 0.76033 0.92603 0.45767
v 1.02305 -0.09530 0.32237
v -0.30907 0.45373 1.20076
v 0.05720 -1.87547 1.27570
v -0.84405 -0.64925 0.41928
v -0.45113 -1.34608 0.84292
v 0.72763 -1.92311 0.48397
v 0.00000 -0.52209 1.05963
v -0.51709 -1.48547 -0.54029
v -0.56284 -1.48723 -0.07496
v 0.26697 -1.86505 -0.25546
v -0.13336 -2.27777 -0.16276
v 0.55864 -0.98119 0.70430
v -0.57913 -0.43051 0.96859
v -0.84762 0.48978 0.78157
v 0.62281 -0.92374 0.64568
v -0.57804 -1.42687 -0.52934
v 1.08991 -2.18219 0.79094
v 0.91716 0.44315 0.63805
v -0.49955 0.90179 0.87992
v 0.50094 -2.67068 0.00805
v 0.46525 -0.40778 1.03774
v -1.05861 -0.57211 0.39366
v -0.13233 1.05135 -0.67741
v 0.36620 -2.18057 0.00255
v -0.90656 0.69088 0.31093
v -0.66680 -1.98582 1.17408
v 1.09237 -2.17581 0.92411
v -0.72845 -1.86740 0.68471
v -0.49558 -2.07617 1.29353
v -0.28739 -1.95498 1.29350
v -0.89357 -0.28164 -0.37070
v -0.84167 0.56873 -0.36074
v 0.75742 -0.96460 0.15787
v -0.43310 -1.91087 -0.00985
v -0.97451 -2.85803 0.05677
v 0.46666 -1.05716 -1.00672
v -0.96700 -0.15776 0.47725
v -0.42050 -0.06571 1.17183
v 0.40141 1.01710 -0.57589
v -0.77353 -0.51187 -0.79297
v -0.78885 -2.53664 0.18333
v 0.39672 1.10706 0.64259
v -0.43871 -3.17681 -0.24923
v -0.51005 1.14125 0.20976
v -0.91696 -3.18538 0.05170
v 0.34071 -0.26386 -0.92110
v -0.84763 -0.78598 -0.09223
v 0.21774 1.22734 0.34822
v 0.08602 -1.19604 -1.29018
v -0.75711 -1.94340 0.56196
v -0.90949 -0.32911 0.59378
v 0.21823 -0.68690 0.93354
v -0.19699 -1.24369 0.90870
v -0.59785 -0.99973 0.66722
v -0.92428 -3.13613 -0.09822
v -0.17829 -1.62324 -1.11072
v -0.98064 -0.06382 0.27817
v -0.51516 -1.48973 -0.66496
v 0.75333 -0.42546 -0.80164
v -0.81024 0.23413 -0.58185
v -0.37884 0.00569 -1.11858
v 0.39534 -1.56887 -0.86985
v -1.09497 -2.17612 0.90592
v 0.83804 -3.12108 -0.12417
v -1.09177 -2.19282 0.78440
v 1.03123 -2.53472 1.26746
v -0.28438 -1.56584 1.03184
v 0.41081 -0.69846 -1.06825
v 0.62776 -1.01876 0.63144
v -0.21234 0.16015 1.25531
v 0.83918 -0.82741 -0.08722
v 0.45290 -0.97587 0.77727
v 1.05364 -2.18688 1.19840
v -0.29648 -1.47256 0.97503
v -0.91596 -3.18394 0.83807
v 0.96999 0.10894 0.54827
v 0.84497 0.68195 0.65053
v -0.84317 0.69725 0.63619
v 0.90614 -3.18340 1.19704
v 0.76101 -0.25714 0.89593
v -0.20876 -1.88605 -0.29778
v -1.09215 -2.19050 1.05920
v -0.40758 0.54090 -0.98790
v -0.28208 -1.37541 -1.13575
v -0.15005 0.89609 1.01949
v -0.41118 -1.47294 0.91547
v -0.84015 -3.14961 -0.13558
v -0.65849 -1.68463 0.28155
v 0.35693 1.01018 0.83827
v 0.93668 0.21420 -0.12789
v 0.85500 -0.40875 0.67306
v -0.26339 -0.76867 -1.14708
v 0.55617 -1.13138 0.72037
v 0.83329 -0.47608 -0.61268
v -0.60623 -1.46857 0.06761
v -1.02365 -2.57929 0.88193
v 0.64597 -1.37616 -0.13433
v 0.74108 -0.77870 0.53861
v -0.13766 0.02807 1.25235
v 1.08422 -2.23681 0.64660
v -1.02626 -0.31599 0.32489
v -0.91764 -3.18296 -0.01088
v -0.61454 1.08243 0.29879
v -0.84750 0.65821 -0.25538
v -0.54671 1.09593 -0.06404
v -0.45654 -2.89171 -0.11662
v -0.77076 -0.95832 0.08332
v 0.61527 1.05677 0.46045
v 0.41570 0.58837 -0.96031
v -0.47608 0.58549 -0.90581
v -0.62955 -0.06703 1.06429
v -1.02536 -2.56789 0.25075
v 1.02329 -0.23581 0.10133
v -0.65056 -1.31559 0.12359
v -0.41652 -0.80600 0.81873
v 0.64574 -1.84010 0.88770
v -0.63551 -1.75294 0.81011
v -0.90363 0.68713 0.39130
v -1.06055 -2.17131 1.13632
v -0.91996 -3.16996 0.76539
v 0.15846 -1.95842 -0.28425
v -0.54041 -0.10940 -0.96554
v -1.06797 -2.32372 0.45630
v 0.11586 -1.45428 -1.20430
v -1.05908 -2.37518 0.40515
v 0.88437 -2.10031 0.59695
v 0.25007 -1.65489 -1.06722
v 0.81727 0.87103 0.12343
v -0.78329 0.92960 0.21642
v 0.23478 0.48546 -1.07739
v -0.64973 -1.82363 0.85916
v 1.06580 -0.52283 0.40080
v 0.68776 -1.08255 0.43220
v 0.90518 -3.18518 0.06942
v -1.08825 -2.21263 0.65977
v 0.63018 0.88414 -0.48539
v -0.23781 -2.58661 -0.09214
v -0.44859 -0.44858 -0.94952
v -0.24853 -1.44078 -1.16697
v -0.63284 0.95715 0.68148
v -0.29302 -3.18497 1.28441
v -0.27341 -3.18261 1.29326
v 0.78557 -1.08635 -0.04374
v -0.33049 -3.18297 1.29301
v -0.02730 -2.20030 -0.21595
v 0.74644 0.58953 0.88391
v 0.03324 0.94143 -0.85377
v -0.99051 0.16086 0.33443
v -0.85872 -0.72111 -0.02869
v 0.12627 -0.96221 0.87974
v -0.23372 -2.38124 -0.08612
v 0.56510 -1.44084 -0.54601
v 0.82364 -0.91040 -0.04925
v 0.31350 -1.63363 -0.97616
v -0.28207 -1.64510 -1.02222
v 0.57140 -0.79423 -1.00656
v -0.42798 -0.74952 -1.07946
v -0.22743 -0.03698 1.22731
v -1.00394 -2.69287 0.21135
v 0.92377 0.60539 0.16759
v 0.71350 -0.25351 -0.81707
v 0.14465 0.83545 1.06435
v -0.93404 -3.08658 1.29290
v 0.76636 0.95141 0.21119
v 0.82751 0.66744 0.70520
v 0.84639 -0.56256 0.54969
v 0.49006 -3.18189 -0.23592
v 0.16940 1.19056 -0.22912
v 0.56223 -0.85545 -0.98142
v -0.50489 -0.87449 0.75352
v -0.90281 -0.48433 -0.25477
v 0.16787 -0.57673 1.01690
v -0.15157 -1.38764 -1.17037
v 0.54798 -2.04930 0.15773
v 0.78294 0.87926 -0.06699
v -0.02862 -1.70204 -0.69182
v 0.54499 0.69985 0.99992
v -0.17355 -1.69776 -1.07572
v 0.32923 0.03657 -1.17074
v -0.61380 0.17753 1.10032
v -0.04648 -1.74245 1.20039
v -0.47926 -1.52085 -0.48550
v -0.93831 -3.06860 -0.02879
v -0.61507 -1.87602 0.99663
v 0.61863 -1.87776 0.99370
v 0.79105 -2.10051 1.29317
v 0.92845 -2.16954 1.29226
v -0.95648 -0.19959 -0.03805
v 0.72890 -1.25493 -0.09099
v -0.67927 -1.57898 0.37707
v 0.25197 -0.36651 -0.97575
v -1.06025 -0.33296 0.37016
v 0.47190 -0.74342 0.81989
v -0.89328 0.69479 0.45227
v 1.05596 -2.36517 0.40960
v 0.57618 -0.50763 0.92554
v -0.12463 -1.70448 -1.08006
v 0.82759 -2.28470 0.34762
v -0.93806 -3.06071 1.29237
v 0.93953 -3.03634 1.29184
v 0.94039 -3.02099 1.29290
v 0.47040 0.64538 -0.88220
v -0.91682 -3.18343 0.97656
v -0.34820 0.17070 -1.15044
v -0.65969 -2.02046 0.29350
v 0.92071 -3.15931 1.29087
v 0.56788 0.99889 -0.37467
v -0.80185 0.37525 -0.57413
v 0.67672 -1.09608 0.52227
v 0.42919 0.12045 1.19398
v 0.13936 -0.60525 -1.37411
v -1.08274 -2.24254 0.58963
v -0.04671 0.55107 -1.09657
v -0.06026 -1.85330 -0.41187
v 0.92777 -0.40454 0.06412
v -0.97953 0.27503 0.17388
v 0.91309 0.55544 -0.07053
v 0.95883 -0.03889 -0.03438
v 0.75246 -0.92074 -0.55459
v -0.34220 0.12683 1.22335
v -0.94331 0.54499 0.29537
v 0.67475 0.48252 -0.76464
v -0.30822 -1.79759 -0.24727
v -0.93448 0.24248 0.66473
v 0.33632 -1.62084 -0.93978
v -0.63466 -0.87762 -0.86548
v 0.62885 -2.28205 0.21734
v -0.48146 -0.74601 0.81332
v -0.38150 -0.61904 -1.04509
v -0.36623 -0.65549 -1.06692
v -0.64314 -1.84501 0.26727
v 0.98534 -2.74627 1.29239
v -1.06858 -0.34563 0.22787
v 0.18216 -2.73982 -0.14762
v 0.54640 1.11944 0.12246
v 0.83908 0.84500 0.27668
v -0.89563 -2.92040 -0.00640
v -0.92416 -0.48114 0.46037
v -0.93374 -0.51360 0.44746
v 1.07021 -2.30573 1.28922
v -0.96128 -0.22583 0.45527
v 0.91575 -3.18226 0.09003
v 0.61887 -0.38601 0.96678
v -0.54464 -0.35197 1.02625
v 0.78676 -2.09084 1.29227
v 0.72970 -0.84754 0.47904
v -0.34908 -0.74021 0.87121
v 0.43334 0.71392 -0.88226
v 0.39837 0.98300 -0.64064
v 0.52933 -0.79395 0.76259
v -1.02184 -0.46943 0.23860
v 0.81778 0.31607 -0.54535
v -0.97091 -2.43477 0.31110
v -0.65209 -1.91439 0.29031
v 0.42471 -1.80657 1.11104
v -0.14094 -0.15997 -1.10242
v 0.67793 -1.25496 0.06482
v -0.12916 -2.20058 -0.18420
v 0.77383 -1.04711 0.02174
v 0.98548 -0.64006 0.22303
v -0.90928 0.61847 0.50092
v 0.50974 -1.53565 0.86286
v 0.75918 -0.53551 0.73898
v 0.19155 -1.63952 1.11260
v -0.35895 -1.17790 0.84397
v 0.11778 -1.55786 1.07635
v 0.84890 0.75926 -0.05771
v -0.40660 -0.18768 1.14648
v 0.49701 -1.97656 1.28070
v -0.96509 -2.90864 1.29300
v 0.66988 -1.27654 0.33638
v -0.91845 -0.71453 0.11332
v 0.23073 0.04511 -1.21651
v -0.64441 0.78182 -0.59510
v 0.50481 -0.33514 1.05278
v -0.47748 -0.36945 1.04999
v -0.29187 -1.65876 -0.58708
v -0.68725 -1.15014 0.31214
v 0.98733 0.21705 0.22565
v 0.24460 -0.41948 1.09487
v -0.75202 -1.92154 0.75860
v 0.22835 0.64602 -1.01849
v -0.76510 -3.18075 1.29343
v -1.00678 -2.66243 1.29284
v 0.30102 -0.79968 0.86316
v -0.05605 -0.98594 -1.32087
v -1.05154 -0.59564 0.37015
v -0.58575 1.05933 0.53106
v -0.91593 0.65610 0.23787
v 0.02256 -2.46128 -0.17085
v 0.89842 -0.85961 0.20285
v 0.12173 -1.00513 -1.30476
v 0.06016 1.15835 -0.41881
v -0.90378 -2.06105 0.83540
v -0.92936 -0.36886 0.49163
v -1.02643 -2.24328 1.29422
v 0.09628 -2.10603 -0.23504
v -0.11296 -2.06785 -0.24570
v 0.74897 -1.95564 0.91606
v 0.02894 -1.69636 -0.75736
v -0.60361 -1.45219 0.02457
v 0.91236 -3.18272 0.66306
v 0.28919 -0.68806 -1.10626
v -1.01104 -0.30966 0.07619
v 0.31789 -1.63129 -0.77717
v -0.13175 -1.18131 0.90059
v -0.57404 -1.68754 0.09659
v 1.04152 -2.44422 0.33749
v -0.33899 1.11107 0.67718
v -0.24996 -0.40377 -0.99379
v 0.41592 0.95009 0.88004
v 0.44574 0.87968 -0.73516
v 0.44343 -0.00036 1.17617
v -0.76383 -1.16669 -0.07455
v -0.53114 -1.53633 -0.07556
v 0.66427 -0.68013 -0.90094
v 0.38759 -0.02738 -1.08925
v 0.37576 -1.04431 -1.15079
v 0.94703 0.48051 0.09196
v 0.67716 -1.96890 0.33218
v -0.50944 0.92337 -0.60414
v 1.06239 -2.33371 1.29236
v 0.88649 0.67720 -0.01106
v 0.68307 -0.91175 0.55692
v -0.73976 -0.18801 0.94155
v 0.55736 -0.28939 -0.82523
v 0.73047 -0.56560 -0.85711
v 0.91559 -2.23215 0.45445
v 0.67821 -0.63988 -0.91003
v -0.54528 0.39229 -0.91891
v 0.75869 0.21397 0.97461
v -0.87908 -0.44002 -0.47385
v 0.21114 -1.07900 -1.16967
v -0.54686 -1.99594 1.28811
v 0.39555 -1.10811 -1.06823
v -0.82031 0.44739 -0.49611
v -0.97036 -0.14811 0.44956
v -0.08086 1.05817 -0.67676
v 0.87430 0.67704 -0.09888
v -0.08288 -0.70642 0.94001
v -0.84362 -0.28444 0.76627
v 0.36469 -1.12786 0.83278
v -0.41263 -1.15468 0.81754
v -0.37741 -2.63143 -0.03192
v 0.12150 -3.18594 -0.26185
v -0.10403 -3.18606 -0.25833
v -0.31757 -1.32277 0.90106
v -0.69350 0.82960 -0.44927
v -0.71075 0.27985 -0.80944
v 0.50912 -0.42262 -0.91553
v -0.56693 -0.79811 -1.01151
v -0.99951 -0.29338 -0.00098
v 0.71014 -1.22564 -0.29378
v 0.46248 -0.91635 -1.10054
v -0.02766 -3.18395 1.29276
v 1.09196 -2.18132 1.05873
v 0.73748 -1.88325 0.65527
v 0.74988 -2.38498 0.24815
v -0.49943 -1.49993 -0.32124
v 0.43001 -1.75283 1.06300
v -0.22274 0.10738 1.25082
v -0.48945 -1.25413 0.79337
v -1.09293 -2.17690 1.03635
v 0.52309 -1.99425 1.29226
v 0.70491 -0.23468 -0.83607
v 0.72363 0.69620 0.84848
v -0.12906 0.43491 1.24286
v -0.19052 -2.01154 -0.22886
v 0.92818 -0.71291 0.13228
v 0.74776 -2.11761 0.37404
v 0.43892 0.33427 1.17953
v -0.80457 0.66275 -0.39794
v -1.03359 -0.24265 0.27305
v -0.91491 -0.71139 0.11249
v -0.04133 -1.08428 -1.24271
v 0.68410 -3.02634 -0.11637
v -0.26903 1.22206 0.29657
v -0.20958 -0.57545 -1.22182
v 0.21046 -0.51470 -1.16065
v -0.89820 0.48247 -0.21235
v 0.61431 0.57597 1.01232
v -0.35931 1.07432 -0.48622
v 0.09754 -1.33220 -1.15998
v 0.35798 -0.18945 -0.98608
v -0.76546 -2.06952 1.27911
v -0.79353 -2.00179 0.56570
v -0.23820 -2.86513 -0.17437
v 0.91454 -3.18101 1.22904
v 0.99204 -2.75628 0.12940
v 1.00690 -2.21687 1.29244
v 0.07725 -0.13925 -1.20645
v -0.65006 -1.74788 0.77613
v -0.81229 -2.72564 0.08397
v 0.61111 -0.26293 -0.83139
v 0.93961 -3.06754 -0.00095
v 0.97115 -0.06494 0.19861
v 0.97137 -0.07231 0.17371
v 0.97284 -0.08158 0.15564
v 0.77285 -2.08237 1.29033
v -0.78348 -2.08762 1.29201
v 0.23234 1.07731 -0.58139
v 0.16500 -0.00128 1.24532
v -0.23597 -0.67401 0.93869
v -0.66281 -1.41605 0.57719
v -0.88433 -3.18519 0.40184
v -0.61567 -1.90662 1.05036
v -0.39357 -0.96024 -1.14104
v -0.78959 -0.17958 0.88798
v 1.04991 -2.40909 0.36902
v 0.24556 -0.55396 -1.10588
v 0.68622 -1.70932 0.62808
v 0.29324 1.21198 0.13499
v -0.76374 -0.49794 -0.81828
v 0.87601 -0.60543 0.41259
v -0.17587 -0.30861 1.15383
v -0.31563 -1.17852 0.85966
v -0.56368 -2.01096 1.29278
v -0.45186 -0.67131 0.87451
v -0.38283 -0.95673 0.81145
v 0.86388 -0.64571 0.04771
v 0.83470 -2.09581 1.26051
v -0.62836 -1.15325 0.63843
v -0.83733 -2.14377 0.46131
v -0.16541 -0.52319 -1.27728
v -0.78717 0.21686 0.94228
v -0.11728 0.96150 0.96669
v -0.61676 -1.47885 0.11796
v 1.07726 -2.26414 1.28367
v -0.16278 -0.07094 1.22841
v 0.96778 -2.86454 1.29320
v -0.68797 0.93884 -0.24317
v -0.27909 -1.28462 -1.14628
v -0.23290 -1.51468 -1.15186
v -0.23554 -0.30075 -0.94523
v -0.90696 -0.45484 0.48564
v -0.24844 -0.72677 0.90425
v -0.51196 -1.03790 0.74442
v 0.48600 -0.85277 0.76960
v 0.91686 -3.17776 -0.08421
v 1.02232 -2.57484 1.29309
v -0.02548 -2.90772 -0.21807
v -0.26741 -0.43816 1.08323
v -0.74690 0.58332 -0.62087
v -0.76103 -0.82420 0.32451
v -0.65853 -1.28501 0.23243
v 0.53616 1.07211 0.57090
v -0.16284 1.05839 0.84196
v -0.78242 -0.79317 0.29724
v 0.48227 0.77184 -0.79728
v 0.90955 0.04385 0.73535
v 0.27820 1.01518 -0.67824
v 0.23063 1.00184 -0.72356
v -0.60017 1.06226 -0.06613
v -0.49909 -0.04508 -1.03054
v -0.41760 -1.78950 1.10060
v -0.69765 -0.22910 0.96925
v 0.60008 0.98815 0.67200
v 0.16928 -1.01440 -1.28380
v 0.50811 0.84866 0.92058
v -0.29955 -1.14324 -1.15232
v -0.75386 -0.88736 0.25274
v 0.25305 -0.77607 0.88391
v 0.08794 -2.33320 -0.17104
v 0.28247 -1.39683 -1.13167
v -0.51228 0.80809 -0.73777
v -0.96550 -2.20409 0.53082
v -0.67475 -1.51421 0.54942
v -0.14154 -1.70145 -0.63142
v 0.27901 -1.65376 -0.67157
v -0.85954 -0.90349 0.14409
v 0.60553 -1.43173 0.71205
v 0.32267 -1.74779 -0.27307
v 1.06355 -2.31829 0.46207
v 0.33454 -0.10949 1.18986
v 0.94614 -0.36013 0.47511
v 0.70378 1.00880 0.11131
v -0.90556 0.37193 -0.23132
v 0.26223 -1.82478 -0.29229
v -0.58994 -1.52021 0.05838
v 0.85021 -0.77494 -0.08259
v -0.36570 0.89296 0.95993
v -1.01288 -0.43467 0.44674
v 0.09543 -0.46558 1.08962
v 0.43007 -1.49516 0.91285
v 0.24564 -1.67515 -1.02612
v -0.45262 -1.83574 1.11971
v 0.35257 -1.61160 -0.90338
v 0.14039 0.69336 -1.02150
v -0.69413 -2.14492 0.30518
v -0.11873 -0.84522 -1.23559
v -0.86346 -0.63237 0.08249
v -0.31741 -1.68901 -0.38957
v -0.76479 0.84484 -0.23034
v 0.09424 0.90801 1.01672
v -0.11696 1.08500 -0.61487
v 0.53882 0.46850 1.09899
v 0.38315 -0.81680 0.83075
v 0.69595 -0.93734 0.50024
v 0.95130 0.50178 0.32025
v -0.32686 -1.64147 -0.57163
v 1.07122 -2.29559 0.49705
v -0.31099 -1.63076 -0.98143
v -0.80003 -0.98859 -0.01457
v 0.91179 -3.18324 1.28667
v -0.64693 -0.33351 0.96917
v -0.68154 -1.07157 0.50179
v -0.82322 -0.69819 0.36685
v -0.50652 0.34984 1.14449
v 0.90609 -3.18356 0.63022
v -0.60624 1.00822 0.62161
v -0.63507 -0.70190 -0.95219
v -0.16945 -0.91670 0.87729
v 0.91398 -3.18118 -0.00779
v -0.50697 -1.30958 0.79209
v 0.27255 -2.18444 -0.08618
v 0.34559 0.82367 1.02020
v 0.27435 -2.27526 -0.06636
v -0.28304 -2.25852 -0.06113
v -0.78717 0.54931 0.85308
v 0.60498 -0.02962 1.08880
v 0.37510 -1.26799 0.85997
v -0.58136 1.01990 -0.28734
v 0.14602 -1.19209 -1.27977
v -0.76361 -1.04796 0.04784
v -0.67033 -0.29522 -0.79862
v 0.10976 -0.15119 -1.17747
v 0.10937 -0.13248 -1.19434
v 0.27655 -2.80294 -0.13782
v -0.97126 -0.47459 0.20019
v 0.35003 -1.90644 -0.11458
v -1.01301 -0.63747 0.38211
v 0.54731 -0.83992 0.73328
v -0.68766 -1.09547 0.41569
v -0.91913 0.54555 -0.04797
v -0.45880 0.95301 -0.62294
v 0.26383 -2.50460 -0.06788
v -0.63889 -1.36354 0.13285
v -0.51410 -0.84464 -1.05861
v -1.09274 -2.18443 1.10649
v -0.21141 1.10038 0.75880
v -1.04262 -0.21145 0.21794
v 0.78768 -0.89783 -0.41437
v -0.79349 -0.88776 -0.40097
v 0.07670 0.99464 0.93625
v -0.66885 0.02141 -0.91966
v -0.00907 -2.62573 -0.17029
v 0.83011 -0.55646 0.59466
v 0.65398 -1.96568 1.13566
v -0.51940 -2.00136 0.11741
v 0.60505 0.94624 0.73762
v -1.02993 -2.53685 0.26728
v 0.81280 -0.94204 -0.09414
v 0.93403 -3.08622 1.27388
v 0.76628 -2.21101 0.34498
v 0.65998 -2.43140 0.18471
v -0.08483 -0.18563 -1.21871
v 0.85840 -2.14907 0.48257
v 0.78644 0.02326 -0.66035
v -0.88891 0.43729 0.71692
v -0.79414 0.50765 -0.54824
v -0.36710 -1.43904 0.92644
v -0.70027 -1.75143 0.50609
v -0.22304 -0.73250 -1.30026
v 0.75448 0.11797 0.98173
v -0.01368 -2.38293 -0.17944
v -0.12722 0.75436 1.11600
v 0.00639 1.00443 -0.77400
v 0.31148 -0.85288 0.84921
v 1.03231 -0.28111 0.29311
v -1.02278 -0.45915 0.34322
v 0.52379 -3.16408 -0.22428
v 0.95357 0.42214 0.49492
v -0.59117 -1.82380 0.95612
v 0.04204 0.86403 -0.92695
v 0.64542 1.04776 0.03488
v -1.03801 -0.62778 0.37349
v 1.08551 -2.21556 0.64901
v -1.00719 -0.27139 0.09186
v -0.26309 -0.76966 -1.14758
v -0.22573 -1.28156 -1.18605
v -0.66848 -1.41080 0.54930
v -0.85074 0.50215 -0.37193
v 0.87517 -0.61180 -0.02719
v -0.09048 -1.65407 1.14152
v 0.81261 -0.95293 -0.00005
v 0.82332 0.20056 -0.54996
v 0.26230 -3.18608 -0.25857
v 0.66144 -0.17379 -0.87637
v -0.93678 -0.34317 -0.06696
v -0.25223 -2.03742 -0.15933
v 0.78033 -0.63267 -0.69220
v -0.71434 0.40312 -0.76081
v -0.50517 -0.95789 -1.01126
v -0.91731 0.64385 0.38680
v 0.69953 -1.94058 0.98603
v -0.91184 0.43030 -0.18414
v 0.86903 -2.36367 0.31825
v -0.67246 -0.82869 0.61801
v 0.67581 -0.82120 0.61781
v 0.82241 -0.93490 0.06386
v -0.69154 -2.07197 1.29383
v -0.83937 -0.92640 0.05773
v 0.69664 -1.01168 0.42888
v 0.76674 0.56418 -0.58684
v -0.97847 0.27248 0.44767
v -0.94336 0.43262 -0.01421
v 0.54803 -2.93894 -0.10918
v -0.91494 -3.18439 0.12659
v 0.71104 0.57772 -0.67819
v -0.12683 -1.45454 -1.20174
v 1.07335 -2.26331 0.54180
v 0.31057 -0.52596 1.02300
v 0.19253 -1.28676 0.92449
v 0.75506 -1.94302 0.84267
v 0.99134 -2.73840 0.13356
v -0.75515 -0.81949 -0.65934
v 0.57870 -1.15971 -0.76943
v -0.57143 -1.17782 -0.77015
v 0.37277 0.36727 -1.07170
v -0.92724 -0.38585 -0.05226
v -0.34027 -1.60167 1.02481
v 0.86836 0.71723 0.53542
v 0.56254 -1.39449 -0.61931
v 1.09207 -2.19135 0.83621
v -0.62626 0.80658 -0.59203
v 1.08163 -0.42568 0.42037
v 0.92180 -3.15743 0.95723
v -0.66469 -0.67928 -0.90167
v 0.15499 -0.58783 -1.33923
v 1.09054 -0.29586 0.37360
v 0.42190 -1.03677 0.79600
v -0.87419 -2.08999 0.59482
v 0.86777 -0.48289 0.58007
v 0.81181 0.88196 0.36351
v 0.91077 -0.84060 0.22341
v -0.96240 -0.12963 0.02014
v -0.15403 -1.78542 -0.44364
v -0.81037 -2.09732 0.47096
v 0.35819 -1.62921 -0.49915
v 0.13028 -3.18538 -0.27030
v -0.04187 -2.36504 -0.17901
v -0.15451 -1.17203 0.89540
v 0.76540 -2.30498 0.29618
v 1.06668 -2.33669 0.59592
v -0.22735 0.79486 -0.94145
v 0.18514 -0.06959 -1.16558
v -0.72361 -0.94995 0.31792
v 0.91609 -3.18041 1.09428
v 0.89805 -3.18385 1.12881
v -0.85316 -0.55583 -0.47741
v 0.72686 -1.14537 -0.34126
v -0.74144 -1.07631 -0.38318
v 0.48739 -0.29398 -0.83913
v 0.48398 -0.54444 0.95153
v 1.06959 -0.32705 0.18970
v -0.77130 -0.98374 -0.37091
v -0.10516 -1.86910 1.26656
v 0.16583 -2.49122 -0.12355
v -0.69424 0.86334 -0.39290
v -0.51429 -1.48713 -0.28955
v -1.00370 -2.68731 1.29201
v -0.44380 -2.00305 0.03464
v 0.66848 -1.33937 -0.30723
v -0.67430 -1.34307 -0.18488
v 0.34011 -1.95943 1.29309
v 0.88333 0.74865 0.35400
v 0.76479 -0.31024 -0.69806
v 0.59034 -1.45550 -0.04859
v -0.82023 0.39295 0.86585
v 0.48198 -1.91824 1.19915
v 0.38377 -1.21049 -1.03900
v -0.37442 -1.24220 -1.03731
v 0.36992 1.11779 -0.33731
v 0.18581 -0.89894 0.87545
v -0.02661 1.24941 0.19346
v 0.97390 -0.73494 0.29118
v -0.66084 -1.52533 0.28699
v 0.23428 -1.68103 -1.06615
v -0.69606 -1.92126 0.38986
v 0.91252 -3.18530 -0.04813
v 0.90974 0.61914 0.03237
v 0.13112 -3.00928 -0.23717
v 0.85326 -0.31039 -0.50374
v -0.84650 -0.25448 -0.50802
v 0.10822 -2.00818 -0.28212
v 0.16181 1.23961 0.22090
v 0.30488 -1.81929 1.18538
v 0.64547 1.06214 0.17482
v -0.44133 0.76290 -0.84713
v -0.02504 -1.69673 -0.74920
v -0.59143 -0.78773 0.72100
v -0.46621 -0.04698 1.15844
v -0.88762 -0.39699 0.60161
v 0.07830 -2.53958 -0.16000
v -1.06629 -0.30361 0.17096
v 0.70724 -1.81303 0.49519
v -0.11952 -1.89115 -0.35914
v -0.96960 -0.14345 0.41438
v -0.03483 -1.56603 1.09083
v -0.01822 1.12125 0.75335
v -0.13474 0.46046 -1.11176
v -0.97437 -0.12702 0.45366
v -0.74750 -1.90425 0.68978
v 1.03557 -0.23471 0.27122
v 0.75863 -0.47368 -0.81487
v 0.83872 -0.28878 0.77225
v -0.76440 0.84402 0.63687
v 0.94366 0.43260 -0.01455
v -0.73974 -1.88732 0.64663
v 0.86483 -0.62825 0.08648
v -0.61308 -1.46006 0.09007
v -0.06695 0.56688 -1.08858
v -0.32710 -2.83354 -0.13427
v -0.11359 -0.26396 -1.16440
v 0.19612 -1.83039 -0.36157
v -0.11898 0.80948 -0.95906
v -1.06619 -0.51271 0.42620
v -0.72794 0.97740 0.05639
v 0.95038 -0.77483 0.26112
v 0.66413 -1.88404 0.92345
v -0.55910 -1.62541 0.04769
v 0.76508 -0.01787 0.95525
v -0.86501 -0.44679 -0.52311
v 0.06708 -0.78748 -1.37111
v 0.31617 -0.66721 0.92458
v -0.00499 0.85590 1.06196
v 0.45093 -1.41958 0.86842
v 0.91301 -3.18290 0.49430
v -0.20195 -1.46065 -1.18525
v -0.65183 -1.67466 0.25802
v -0.98403 0.24674 0.39561
v -0.62909 -1.39218 0.04925
v -0.27499 0.43612 -1.08215
v -0.97289 -0.06148 0.23506
v -0.99734 -2.26159 0.48117
v 0.35474 1.07238 -0.49594
v 0.59171 1.09760 0.21689
v 0.08415 0.73528 1.13131
v -0.83763 0.81501 0.45825
v -0.73190 0.11844 1.00426
v 0.26935 -0.66823 -1.11398
v 0.26487 -1.10454 0.86032
v -0.65395 0.31011 1.05869
v -0.39194 -0.27484 -0.89114
v -0.63797 -0.66909 -0.94306
v -0.95904 -0.21912 0.45741
v 0.49825 -0.57542 -0.98346
v 0.94937 -0.48569 0.45431
v -0.47805 -1.61456 0.93135
v -0.73079 0.77478 0.77873
v -0.68587 -2.03392 1.27013
v 0.45768 -1.78211 1.06429
v -0.04637 0.05555 -1.23460
v -0.84485 -0.14916 -0.50839
v 0.91591 -3.17885 0.73073
v -0.36944 -1.58899 -0.90480
v -0.80912 -0.00954 -0.60309
v 0.18762 0.17977 1.26377
v 0.70657 -1.10349 -0.51953
v -0.18419 -0.69714 -1.37960
v -0.97475 0.20505 0.07710
v 0.83059 -2.04695 0.58190
v 0.80302 -2.08321 1.27159
v 1.09448 -0.13982 0.21757
v 0.91158 -0.45861 0.47709
v -0.34885 -3.18435 1.29265
v -0.22510 -2.54400 -0.09358
v 0.19809 -1.33786 -1.14491
v 0.30257 -1.34063 -1.10863
v 1.09097 -0.12143 0.23620
v 0.59931 -1.55613 0.09924
v 0.30261 -1.88842 -0.18777
v 0.10376 -0.75049 0.91783
v -0.32602 1.20512 0.14859
v -0.33193 0.64720 1.12644
v 0.79505 -1.03744 -0.02559
v -1.08856 -2.20050 0.70114
v 1.05839 -2.38304 0.44157
v 0.93060 0.60020 0.33168
v 0.05790 -0.67155 -1.48403
v -0.77180 -0.85985 0.22518
v -1.07719 -0.11036 0.23552
v -0.15958 -2.91012 -0.20519
v -0.74701 -0.53419 -0.83894
v 0.56274 -1.56433 0.81446
v -0.12280 -0.11828 -1.18981
v -0.64489 -1.35719 0.02398
v 0.58584 -0.78905 -0.97635
v -0.75821 -1.01320 0.09447
v -0.93366 -0.42955 0.15135
v 1.08714 -2.20353 0.69673
v 0.82125 0.87713 0.27243
v -0.06912 -1.76605 -0.49673
v -0.59010 -2.99554 -0.12567
v 0.42377 -0.86298 -1.11333
v -0.09562 -3.03357 -0.24734
v 0.38235 -0.90020 0.81481
v -0.89533 -2.06021 0.99786
v -0.95122 -0.30695 0.48218
v 0.43407 1.01042 0.79430
v 0.26053 -1.08242 -1.13970
v -0.27049 -0.27697 -0.93054
v -0.77449 -0.94003 0.10602
v 0.50619 -1.72750 0.97315
v 0.89989 -0.49526 0.02425
v 0.50917 -0.21086 1.09670
v -1.08684 -2.18773 1.14048
v 0.49267 -0.00224 -1.07141
v -0.42758 0.03731 -1.14374
v 1.04635 -2.43352 0.34899
v -0.46158 0.72849 1.02980
v 1.04671 -2.37824 0.39125
v 0.22844 -0.64085 0.96297
v 0.92937 0.53760 0.02790
v -0.70975 -1.85031 0.74242
v -0.59345 -1.29052 0.70246
v 0.28955 1.13198 -0.37958
v 0.85135 -0.91182 0.10382
v 0.66222 -1.27260 0.12370
v 0.23289 -1.66713 -1.08172
v -0.69853 -0.41178 -0.83062
v 0.94117 0.51159 0.46496
v -0.94817 0.51468 0.35476
v 0.98576 0.25856 0.33578
v 0.74720 -1.91381 0.75122
v 0.97820 0.25520 0.14818
v -0.17299 1.17257 -0.32057
v 0.58858 -0.76380 -0.99875
v 0.80950 -1.98922 0.84947
v -0.77210 -3.18491 -0.16510
v 0.91813 -3.17341 0.92900
v -0.11650 0.54431 1.21064
v 1.02473 -2.57051 0.25470
v -0.04754 -1.81138 -0.45093
v -0.18700 -2.73037 -0.14391
v 0.75001 0.56627 -0.62590
v 0.85141 -2.24794 0.39162
v -0.87491 -2.21947 0.43194
v 1.09506 -0.17877 0.29692
v 0.06016 -1.00137 -1.32195
v -1.03936 -0.23376 0.28177
v -0.92115 0.13411 0.71372
v 0.40357 0.32414 -1.06775
v -0.40439 0.34424 -1.06038
v -0.24643 -0.72645 -1.21271
v 0.93823 -0.35597 -0.05978
v -0.90287 -0.52668 0.44818
v 0.97570 -0.06338 0.26310
v 0.03408 0.55606 1.21333
v 0.25865 1.20902 0.43309
v -0.62027 -2.27381 0.21311
v 0.91695 -3.17973 0.77505
v -0.03635 -2.74661 -0.18234
v 0.38106 -1.64959 -0.28174
v -0.39940 -1.60544 -0.39085
v 0.37051 -1.63711 -0.37511
v -0.92549 -0.22742 -0.21267
v 0.37580 -0.58008 -1.03035
v -0.76528 0.63868 0.83314
v -0.75380 0.96453 0.20376
v -0.92555 0.42436 0.62087
v -0.75481 -0.73544 -0.74945
v -0.93039 -2.22694 0.47055
v 0.93235 -0.41276 0.47373
v 0.60837 -0.02163 -0.99561
v 0.15795 -0.66539 -1.41108
v 0.63980 -0.13430 1.04191
v 0.05418 -0.66934 0.96374
v 0.92196 -3.14564 1.29304
v -0.35465 -1.26970 0.86942
v 0.65533 -1.00603 -0.74267
v 1.00523 -0.28019 0.08513
v -0.73174 -1.93001 0.48876
v 0.62693 -2.03018 1.29274
v 0.85922 -3.18518 0.27153
v 0.43118 -1.40298 -0.88505
v -0.03492 -2.09738 -0.25808
v -0.49356 0.95578 -0.57549
v -0.49264 -3.18402 1.29227
v 0.20343 0.81747 -0.93332
v -0.20242 0.76771 -0.96582
v 0.62372 -0.40767 0.95075
v -0.70530 -0.93208 0.46501
v -0.26535 0.96900 0.92479
v -0.27195 -0.72088 -1.12563
v 0.69367 -0.20542 -0.85206
v -0.88388 -0.44897 -0.44911
v 0.96248 -2.91208 1.29106
v -0.62286 -1.40580 -0.04655
v 0.09205 -0.13859 -1.20441
v -1.01666 -0.64510 0.32077
v -0.45541 -0.87902 -1.10314
v -0.76614 -0.90220 0.18655
v -0.84550 -0.40462 0.69388
v -0.21783 -1.31706 0.93082
v -0.45751 0.02999 -1.12283
v 0.66649 -2.05322 1.29344
v -0.88570 -0.45429 0.56094
v -0.91842 0.53141 0.56869
v 0.61983 -2.54330 0.11678
v -0.51525 -0.85500 -1.05774
v -0.26207 1.05372 0.81789
v -0.41494 -0.29587 -0.86303
v 0.66127 -0.66733 -0.92736
v 0.96654 0.21055 0.55377
v -0.50257 -0.44331 1.00312
v 0.45842 -1.54135 -0.46961
v 0.36444 -1.86107 -0.11943
v -0.53688 0.93457 0.81582
v 0.58482 0.90911 0.80371
v 0.08436 0.66896 -1.04433
v 0.06377 -0.94984 -1.31080
v -0.62930 0.92539 0.73694
v -0.11837 -1.19210 -1.28536
v -0.34449 -2.49514 -0.01626
v 0.76332 -0.99894 0.08794
v 0.78534 -0.75594 0.39792
v 0.38162 0.67314 -0.94357
v -1.07035 -0.16093 0.11902
v -0.17678 -0.06151 -1.19151
v -0.07594 -0.66016 -1.47775
v -1.07423 -0.45480 0.42777
v -0.17439 -0.06294 -1.19657
v 0.11412 -0.64406 -1.45978
v -1.04002 -0.61041 0.39505
v 0.12299 -0.69599 0.94285
v 0.52133 -1.07596 0.74152
v 0.30239 -1.13954 -1.14909
v -0.44412 0.22148 1.18793
v -0.53276 -3.04281 -0.16733
v 0.41792 -1.54848 0.94599
v -0.48185 -1.77442 -0.00467
v 0.09436 -2.24824 -0.18635
v -0.73695 0.54528 0.91444
v 0.46469 -1.53268 -0.74999
v -0.44784 -1.54536 -0.77793
v 0.79922 -0.75244 0.32524
v -0.08872 -0.67156 -1.45987
v -0.64310 -0.70825 -0.92520
v 0.63027 -0.70765 -0.95623
v 0.07516 -1.70107 -0.99418
v 1.01993 -0.51533 0.33604
v -1.02276 -0.43684 0.33052
v 0.10981 -2.59302 -0.14915
v -0.49916 -2.12132 0.11730
v 0.53598 -2.12808 0.15298
v -0.61327 -1.38115 -0.43942
v -0.19987 0.00894 -1.21384
v 0.76873 -0.43646 -0.76126
v -0.77047 -0.44091 -0.76008
v -0.06198 -1.45834 -1.21217
v -0.81299 -0.48031 -0.67817
v 0.18473 -0.62976 -1.31410
v 0.02751 -0.77652 -1.42247
v -0.64565 -0.56274 0.83560
v 0.22752 0.72276 1.11708
v -0.69559 -1.71870 0.48116
v -0.36933 1.00894 0.83213
v 0.06084 1.22063 0.49025
v 1.04371 -2.46290 1.28421
v -0.70492 -2.31383 0.25583
v -0.87475 -2.11191 1.24938
v -0.84292 -2.08650 1.22634
v 0.02020 0.45949 -1.12814
v -1.04255 -2.14416 0.93054
v 1.05164 -2.40452 1.29062
v -0.05336 1.16548 -0.40159
v -0.39696 0.47221 1.16464
v 0.34754 -2.81060 -0.11679
v 0.78826 -0.49920 -0.75362
v 0.81516 -0.16602 0.85752
v 0.82263 -2.10711 1.28984
v -1.01385 -0.25109 0.11426
v 1.01055 -0.26019 0.10438
v -0.62204 -0.90620 0.65038
v -0.34065 -1.26981 -1.07217
v 0.31381 0.04745 -1.19948
v -0.02245 -1.09597 -1.24390
v -0.33319 -2.46299 -0.01897
v -0.63718 -0.66268 0.76816
v -0.62138 -1.51112 0.14525
v -0.51200 -0.70439 0.82204
v -0.23520 -0.31026 -0.95203
v 0.00353 -1.85122 -0.41793
v -0.56682 -0.74036 0.76499
v -0.79544 -2.32099 0.30487
v 0.91320 -3.18250 0.41986
v 0.64490 -1.97042 0.27641
v -0.29279 -2.33199 -0.04522
v -0.31041 1.18968 0.46392
v 0.47024 -1.41819 -0.80712
v -0.91723 -3.18395 0.18556
v -0.75631 -2.11201 0.38706
v -0.11348 -3.08148 -0.25645
v -0.89561 0.71569 0.23278
v -0.12524 1.12694 -0.50665
v 0.33686 -1.61415 -0.95069
v -0.95200 -0.26234 -0.06134
v -0.64007 -0.18230 -0.87871
v -0.82259 -1.99910 0.82347
v 1.08637 -2.17984 1.10361
v -0.93545 -0.25546 -0.15230
v -0.47873 -0.30150 -0.84585
v -0.74668 -0.38839 -0.79699
v 0.55838 1.08457 0.49475
v 0.86777 0.16950 -0.41216
v 0.66905 -3.18503 -0.18323
v 0.07252 -0.25172 -1.24013
v -0.19166 -0.76450 -1.27641
v 0.74127 0.68191 -0.54282
v 0.98079 -0.09368 0.37103
v 0.96003 -2.09661 0.97438
v 0.96111 -0.36163 -0.00236
v 0.86518 -0.89901 0.15394
v -0.85309 -0.91124 0.11247
v -0.26350 -1.07206 -1.16158
v -0.64241 -1.39175 0.20856
v 0.64881 -0.98425 0.60117
v -0.16368 -2.08669 -0.20786
v 0.76630 -3.17276 -0.16263
v -0.68675 -2.36624 0.22586
v -0.55979 -1.69992 0.88932
v -0.26058 -0.62388 -1.11995
v -0.59125 0.46715 1.06620
v 0.05545 0.67944 1.16146
v -0.26516 -0.64153 -1.10466
v 0.66454 -1.25256 0.24338
v 0.38115 -1.60535 -0.57014
v 1.04889 -0.19872 0.21102
v -0.84008 0.70619 -0.21406
v 0.23273 -1.26047 -1.20063
v -1.00477 -0.66689 0.35996
v -0.75872 0.95479 0.33124
v 1.06225 -0.55610 0.39351
v -0.62367 -1.37062 0.66794
v 0.71604 0.75718 -0.50527
v -0.71234 0.71788 -0.55726
v -0.86939 -0.89532 0.15717
v 0.41794 -3.18141 -0.25471
v 0.90177 -0.52133 0.45148
v 0.15526 0.41386 1.24297
v 0.26334 -1.40101 -1.15326
v 0.54750 0.76944 -0.72686
v -1.01934 -2.59442 0.22723
v -0.67235 -0.59147 0.79167
v 0.98094 -0.07130 0.33549
v 0.99264 -0.31625 0.03144
v -0.04370 0.41907 -1.13663
v 0.91674 -3.18388 0.58264
v -0.03695 -0.96983 -1.30490
v 0.25243 -0.01031 -1.17296
v -0.23608 -1.41478 -1.16320
v -0.69227 0.02284 -0.88177
v 1.03929 -2.47906 1.29158
v 0.65852 -1.00604 0.58105
v -0.63909 -1.38976 0.64125
v -0.41697 0.97882 -0.63011
v -0.65369 -0.81406 0.64859
v 0.63882 -0.84252 0.65117
v 0.07254 -2.09704 -0.24763
v 0.94347 -0.35266 -0.04763
v -1.00323 -2.50216 1.29448
v 1.05783 -0.45831 0.43282
v -0.51937 -1.47689 -0.41709
v 0.06957 1.20676 -0.19050
v -0.92272 -0.41362 0.08212
v -0.02010 0.93089 1.00277
v 0.10081 0.94262 0.98620
v -0.46103 0.40531 1.15571
v 0.75388 0.90053 -0.13144
v -0.64428 -1.25178 0.61611
v 0.18656 -0.52062 -1.23523
v -0.69983 -0.34683 -0.80617
v -0.93765 -0.57194 0.42326
v -0.77793 -0.78730 0.32114
v 0.56457 -1.31515 0.74246
v -0.22935 -1.05098 0.86231
v -0.03740 1.22749 0.47211
v 0.64185 -1.94094 1.09044
v 0.02970 -1.88020 -0.39449
v -1.04293 -2.18564 0.66136
v 0.40598 -1.14029 -1.04089
v 0.66426 -0.75802 0.67198
v -0.42355 -0.73363 0.84649
v -0.77784 0.93671 0.29564
v 0.62773 0.65022 0.96762
v -0.83345 -2.08834 0.51788
v -0.96906 -0.15362 0.41970
v -0.01914 -0.78002 -1.41547
v 0.91696 -3.17657 1.13346
v -0.66800 -1.38477 0.34849
v -0.36294 -1.11845 -1.09670
v -0.88221 0.41016 -0.30548
v -0.53800 -1.71670 0.92814
v 0.19993 -1.67239 -0.79337
v 0.98706 -2.72001 0.13877
v -0.44083 0.03564 -1.13467
v -0.04515 -0.85478 -1.27455
v -0.24826 -1.16342 -1.20179
v 0.66490 0.91531 -0.35861
v -0.66440 0.91302 -0.36407
v 0.86984 0.36404 -0.36363
v 0.24020 -1.45295 -1.17150
v -0.24125 -1.44087 -1.17145
v -0.41873 -0.99413 -1.12603
v 0.63017 1.00040 -0.22467
v 0.78842 0.37185 0.91434
v 0.63119 0.10420 -0.93919
v 0.91006 -3.17580 1.29229
v -0.24750 -0.76046 -1.23267
v -0.52087 -1.62093 0.89100
v -0.59731 -0.20711 -0.87894
v 0.86233 -2.05014 0.67564
v 0.71731 -0.27380 -0.80595
v 0.96493 0.41788 0.31662
v -0.91914 -3.17334 0.47311
v 0.74517 -0.54280 -0.84152
v -0.82785 -0.36543 0.74889
v 0.17899 -0.70540 -1.37426
v 0.90036 -3.17547 -0.11031
v -1.02538 -0.30805 0.09968
v -0.56789 -1.51770 -0.00382
v 0.24137 -1.51086 -1.14510
v 0.56280 -3.18437 1.28388
v 0.13601 0.12575 -1.20498
v -0.00986 -2.80846 -0.19447
v 0.64501 0.97060 0.63868
v 0.96879 -2.87109 0.04616
v -0.97239 -0.72526 0.26349
v -0.18009 0.08065 1.25418
v 0.59865 -1.67517 0.13666
v 0.27504 -1.15803 -1.17561
v -0.50664 -0.61835 0.88692
v -0.17649 0.66351 -1.02739
v 0.60697 -0.26827 1.02283
v -0.71718 -0.09095 0.99390
v -0.62432 -0.02593 -0.98134
v 0.33343 -0.21506 -0.97285
v -0.23618 -0.86317 0.86855
v -0.63620 -1.49907 0.19473
v -0.60000 -0.37051 0.98640
v -0.55540 -1.58033 0.82906
v 0.86802 -0.35100 -0.47977
v -0.58036 0.98185 0.70896
v 0.20183 -1.22188 -1.23936
v -0.79636 -0.76431 0.31261
v 0.11933 -2.10533 -0.22390
v -0.58131 -0.86836 0.69770
v -0.09817 -0.13886 -1.20188
v -1.07556 -0.48172 0.41240
v 0.96318 0.10646 0.57765
v -0.49919 -1.50721 -0.68436
v 0.99763 -2.67951 1.29290
v -0.35956 0.73576 -0.92320
v -0.61823 -3.18453 -0.20489
v -0.68256 -1.03045 0.50873
v -0.64550 -1.33496 0.14015
v 0.67524 -1.30457 0.42104
v 0.68374 -1.62614 0.55426
v 0.69180 -1.12303 0.30118
v 0.77411 0.93429 0.35113
v 0.39529 -1.08643 -1.08709
v -0.85798 0.79767 0.40012
v 0.50321 -1.49827 -0.29359
v 0.38141 0.06020 -1.17698
v 0.34878 -1.76453 -0.20194
v -1.09759 -0.15715 0.27112
v -0.31220 0.70859 -0.95736
v 0.56813 -1.80409 0.12437
v -0.00424 -0.25022 -1.25241
v -0.46067 -2.05158 0.06618
v -0.53267 -0.16226 -0.93366
v -0.53725 -1.57540 -0.01989
v 0.49920 1.01131 0.74469
v -0.42174 1.04162 0.75417
v -0.91780 -3.18367 0.21184
v 0.00134 -1.07060 0.88929
v 0.87906 -0.44435 -0.47353
v 0.61477 -1.37990 -0.45672
v -0.21451 -1.02818 -1.25571
v -0.15249 -1.68995 -0.95012
v -0.84127 -0.56686 0.55829
v 0.66427 -1.33798 0.55977
v -0.72185 -0.81538 0.54226
v 0.88213 -0.25665 0.70469
v -0.92362 -0.81625 0.24507
v -0.01232 -0.85960 -1.28161
v 0.39189 -0.46898 -0.97808
v -0.21659 -1.54137 1.04293
v 0.76722 -0.58353 -0.77542
v -0.26493 -1.04133 -1.22159
v 0.63152 1.07156 0.22028
v 0.26227 -3.18244 1.29292
v -0.07380 -1.34095 -1.16587
v -0.89121 -0.48768 -0.37434
v 0.82162 -3.18203 1.28946
v 0.91609 -3.18080 0.89300
v 0.27213 1.01247 -0.68567
v -0.29519 1.00970 -0.67687
v 0.69254 -0.79673 0.60986
v 0.69183 0.44904 0.99467
v -0.71985 -0.73833 0.61705
v 1.03271 -0.59649 0.40464
v 0.00264 -1.45614 -1.21614
v 0.21761 -1.66759 -0.87804
v -1.07752 -0.15862 0.20142
v 0.10717 0.81561 -0.95706
v 0.81997 0.77628 -0.16298
v -0.56648 0.36954 1.10814
v 0.08204 -1.78994 -0.46614
v -0.25390 1.18422 0.53771
v -0.50934 -2.04563 0.11522
v 0.50272 -2.05979 0.11101
v 0.10950 -1.68843 -0.88714
v -0.40162 -1.96540 1.29259
v 0.30039 1.21487 0.27779
v 0.23936 -1.72721 -0.45951
v 1.02690 -2.56274 0.28469
v 0.66084 -0.08011 -0.92713
v -0.23495 -1.44982 -1.17475
v -0.32760 -0.94749 -1.17168
v 0.55441 -0.94518 0.70947
v 0.95485 -2.09791 0.83692
v -0.65261 -0.25335 -0.83039
v -0.41719 0.04745 -1.15471
v 0.43708 0.04052 -1.13850
v 1.00671 -2.22896 1.29374
v 1.02195 -0.34833 0.33389
v -0.37288 0.28829 1.20948
v 1.08722 -2.20331 1.17940
v 0.88133 -0.56386 0.12120
v 0.58123 -1.52130 0.77397
v -0.91364 -3.18461 1.23869
v 0.63643 1.06045 0.36224
v 0.81309 -2.02330 1.04662
v -0.85591 -0.33277 -0.50242
v 1.08488 -2.18789 0.74232
v 0.55106 -0.50305 -0.93598
v 0.52868 -1.47843 -0.64061
v 0.78973 -0.84263 -0.47252
v -1.03136 -0.26544 0.29919
v -0.54071 0.91094 -0.58337
v 1.07156 -0.36048 0.22211
v 0.74531 0.50190 -0.67369
v 0.23754 -0.74393 -1.26435
v 1.08190 -2.22761 1.24101
v 1.08267 -0.14620 0.16247
v -0.91597 -0.46811 0.15082
v -0.20593 -0.05932 -1.15936
v 0.24226 -1.64375 1.09816
v -0.23946 -0.33470 -0.96384
v 0.74531 -1.11634 -0.28006
v 0.85251 0.82079 0.30300
v 0.97948 -2.76159 0.11253
v -0.90263 -0.55495 0.43311
v -0.84215 0.75906 0.56444
v -0.86016 -0.66259 0.37865
v 0.98572 -2.78720 1.29123
v 0.46406 0.75131 1.01427
v 0.91412 -3.18302 0.02298
v 1.04057 -0.08942 0.28586
v -0.70407 -0.89515 0.51492
v -0.53028 -1.89838 0.10197
v -0.65292 1.04238 0.40043
v 0.11314 -1.70275 -1.08388
v -1.00064 -0.32643 0.09637
v 0.27782 0.01087 -1.17902
v -0.16593 -1.86690 -0.35115
v 0.17108 1.08876 0.79404
v -0.70865 -2.65456 0.09406
v 0.57262 -0.24424 1.05190
v -0.25384 -1.20324 0.88372
v -0.10187 -0.23064 -1.18012
v -0.74363 0.76827 -0.42739
v -0.12516 0.15346 -1.19799
v 0.40707 0.93724 -0.70131
v -0.15898 -0.19403 -1.05384
v -0.42424 -1.75586 1.06965
v 0.44299 -2.07803 0.05422
v -0.88261 -0.74081 0.01538
v 0.89794 -0.10916 0.72720
v -0.90786 -0.04309 0.72187
v 0.67594 -2.22794 0.26561
v 0.91340 -3.18138 0.95079
v -0.76181 -0.44673 0.79651
v -0.98194 -0.07373 0.40089
v 0.22571 0.18109 1.25373
v 0.53704 -0.28524 -0.83026
v 0.84556 -0.65641 0.39816
v -0.16599 -1.01563 -1.28611
v -0.87123 -0.59825 0.10243
v 0.89412 -0.62778 0.12905
v -0.32717 -1.70125 -0.33289
v 0.21023 -0.27060 -0.96512
v -0.80571 -2.05322 1.18315
v 0.97335 -0.12039 0.39796
v 0.42343 -2.46491 0.04050
v -0.39935 -2.42097 0.03273
v -0.12034 -3.17694 -0.27035
v 0.10113 1.18306 0.60683
v 0.62411 1.01342 0.57908
v 0.99853 -0.30046 0.05756
v -0.88888 -3.18225 1.29350
v -0.83934 0.18990 0.87337
v -0.18681 -0.70435 -1.37139
v 0.29772 -0.26520 1.14947
v 0.90101 0.39788 -0.24185
v -0.48013 0.02396 -1.10386
v -1.04051 -0.23034 0.24290
v 0.00714 0.46587 1.24119
v 0.02459 -0.40893 1.11995
v -1.01707 -0.58822 0.31829
v 0.94490 -3.02402 1.26761
v 0.46306 -1.54812 -0.26700
v -1.04745 -0.46319 0.25968
v 1.00996 -0.66882 0.31672
v -0.92374 -0.42990 0.47537
v 0.21066 -1.01186 0.86508
v -0.96587 -0.10807 0.06891
v 0.36884 -1.54327 0.97588
v -0.07054 -0.42192 1.11218
v -0.73205 -1.02159 0.19102
v -0.35077 -1.58478 -0.94223
v 0.69370 -2.11971 0.31300
v 0.67025 -1.61650 0.62370
v -0.58921 -1.46694 -0.00607
v -0.18710 -1.08002 -1.18747
v -0.90666 -0.28215 0.62947
v -0.82787 -0.69507 0.36424
v -0.69213 -1.98732 1.14508
v -0.00944 0.77825 1.11112
v 0.66324 -1.33873 -0.35232
v -0.24347 1.21172 0.01556
v -1.01862 -0.31917 0.44225
v -0.20265 -0.80598 -1.19167
v -0.07202 -0.21191 -1.23083
v -0.00837 -1.71421 -0.62483
v -0.88449 -0.87799 0.18233
v 0.04494 -1.94548 -0.34433
v -0.04517 -1.97017 -0.32726
v -0.10553 -0.28467 -1.19448
v -1.04452 -0.59354 0.40252
v 0.57249 1.06462 -0.14409
v 0.57553 -0.29887 -0.82522
v 1.04029 -0.62014 0.38080
v 0.65097 1.02437 0.49977
v -0.60988 -0.28750 -0.81412
v -0.53866 1.12177 0.10432
v -0.68769 -0.31099 -0.79808
v 0.86070 0.25971 -0.42082
v -0.97045 -0.35395 0.01760
v 0.90706 0.66877 0.15865
v 0.40216 -0.24191 1.12999
v 0.75481 -3.13892 1.29364
v -0.33593 -1.35851 -1.05489
v -1.00305 -2.14081 1.14145
v 0.68468 -0.24492 0.97528
v -0.66429 -0.34927 0.94976
v -0.93878 -0.30662 -0.11409
v -0.85084 -2.13570 1.29372
v 0.11412 -1.26141 0.92786
v -0.57349 0.09608 1.12366
v 0.70727 -0.59395 -0.88153
v 0.67458 -0.10739 -0.90601
v -0.10939 0.94326 -0.84234
v 0.24782 -1.36250 0.94087
v -0.43769 -0.33762 -0.88981
v -0.56913 -0.78683 -1.01446
v 0.86475 0.59836 -0.25197
v -0.81128 -0.94996 -0.02560
v 0.59972 -3.18285 1.28856
v 1.09171 -2.17714 0.84700
v -0.58069 0.31948 1.10973
v 0.82809 -2.01963 0.98967
v 0.53561 -1.56571 0.84667
v 0.08893 -2.68270 -0.16394
v 0.16396 -0.67909 -1.40892
v -0.16326 -0.67472 -1.41155
v 0.20917 -2.26355 -0.11499
v 0.80756 0.77261 -0.22466
v -0.79836 0.29398 -0.60269
v -1.01254 -2.63838 0.20007
v 0.72233 -1.86513 0.72160
v -0.26876 -1.72719 -0.41223
v 0.50571 -0.89987 -1.04383
v -0.93797 -2.10028 0.74476
v -0.66818 -1.80276 0.32597
v 1.03066 -0.52043 0.26988
v -0.24692 -0.77306 -1.20485
v -0.20601 -1.22149 -1.23720
v -0.77573 0.92608 0.38374
v 0.52236 -0.27667 1.06875
v 0.86755 -0.62909 0.09390
v -0.96266 -2.92104 1.29242
v 1.04051 -0.19999 0.04416
v 0.02629 -0.76541 -1.44311
v 0.34591 -3.18545 -0.25722
v 0.63319 -0.05724 1.06360
v 0.29371 -3.18400 -0.26676
v -0.76649 -0.92543 0.15530
v -0.91744 -3.18363 0.52512
v 0.37211 0.70874 1.08051
v 0.67440 -1.32630 0.49280
v 0.25269 0.00329 -1.20349
v 0.91559 -3.17712 0.34825
v -0.00033 -0.71373 0.94002
v 0.70284 0.33750 -0.79677
v -0.42586 0.60082 -0.94765
v 0.55125 0.86619 0.87620
v 0.70206 -0.60717 -0.88560
v 0.42260 -1.56502 -0.81174
v -0.48155 -3.17542 1.29329
v 0.47218 -3.18283 1.29261
v -0.62775 -1.39761 -0.02099
v 0.55102 -3.06859 -0.17375
v 0.09692 -3.18427 1.29363
v 0.84406 0.77223 -0.04562
v 0.81768 -0.34207 0.78273
v 0.14459 -1.72700 -0.54477
v -0.69952 0.75430 -0.53807
v 0.81672 -3.09599 -0.11857
v 0.01851 -0.08741 1.23286
v 0.17175 0.42270 1.23942
v -0.70049 -0.69634 0.67842
v 0.43836 -0.31162 -0.86716
v -1.08815 -0.13179 0.19400
v 0.51996 -0.40445 1.01424
v 0.28612 -1.94146 1.29241
v 0.91655 -0.42375 0.03062
v -0.13703 -0.60703 -1.37966
v 0.32234 1.18022 0.49804
v 1.08112 -2.24134 0.59011
v 0.02035 -1.72736 1.19447
v 0.10588 0.34636 1.26549
v 0.36724 -1.61287 -0.60076
v 0.98742 -0.06786 0.31586
v -0.52129 0.14032 1.15403
v -0.93408 0.52234 0.03878
v -0.59112 -0.76014 -0.99533
v 0.32170 0.02289 1.21966
v -0.27153 0.00308 -1.17290
v 0.08406 -0.99473 -1.32039
v 0.65579 -0.65276 -0.92954
v 0.58315 -3.17658 1.29226
v -0.15093 -0.83976 0.88776
v 0.08957 -0.80884 0.90186
v 0.93324 -2.29131 0.40868
v 1.00977 -2.15658 1.18723
v -0.97065 0.12624 0.03539
v 0.94700 -0.10659 0.59038
v -0.37038 -0.87106 0.82424
v -0.17862 -1.48060 1.01877
v -0.92646 -3.13195 0.65801
v -0.91828 0.13347 -0.22139
v 0.80472 0.80743 -0.16057
v -0.80524 0.79244 -0.19415
v 0.52419 -1.00084 0.73287
v -0.66067 -1.55319 0.62202
v 0.19114 1.23526 0.18575
v 0.58597 -0.75296 0.74408
v -0.17343 -0.81921 -1.20586
v 0.69636 0.95211 -0.17838
v 0.80932 -0.26512 -0.59311
v 1.09131 -2.19215 0.77241
v 0.85713 -0.42256 -0.53319
v 0.33785 -3.18608 0.07048
v -0.77112 -3.18515 0.50879
v -0.37276 -1.59863 -0.87254
v 0.77730 -2.08266 0.43473
v -0.11563 -1.76644 -0.48714
v -1.01771 -0.56297 0.31745
v 1.01951 -0.53884 0.32067
v 1.07023 -2.31011 0.49060
v -0.76284 0.86441 -0.19424
v -0.88993 -0.54511 0.13164
v 0.75493 0.88352 0.58585
v 0.97758 -2.82976 0.07609
v 0.97658 -2.81309 0.08238
v 0.24637 -0.36936 -0.97853
v -0.66344 -0.65467 -0.92367
v -0.90046 -0.30572 -0.34711
v 0.97331 -0.05774 0.24642
v 0.28978 0.35496 -1.10471
v -0.97727 -0.34334 0.04337
v 0.40973 -3.18333 1.29289
v -0.68009 0.98444 -0.12613
v 0.04732 -1.69359 -0.83155
v 0.84279 -0.39849 -0.55654
v 1.04989 -0.18448 0.06403
v 0.89405 -0.48521 0.49916
v 0.85036 -0.63663 0.42183
v -0.19078 -1.01553 -1.26985
v 0.43461 0.07367 1.18849
v 0.27514 -3.18470 1.28508
v -0.70728 -1.30742 -0.18439
v -0.64626 -2.03571 1.29372
v 0.23985 0.30619 1.24452
v 0.16270 -0.19942 -1.04431
v 0.68670 0.02756 -0.89226
v -0.47595 -2.57031 0.03779
v -0.87233 0.63877 0.61873
v -0.70429 -0.23709 -0.83484
v -0.50282 1.10830 -0.11947
v -0.55031 1.06574 -0.20269
v -1.09267 -0.28363 0.37202
v 0.46531 -1.08210 0.77716
v 0.07921 0.83226 -0.94903
v 0.54238 -3.18689 -0.19460
v 0.67294 -1.56693 0.58209
v 0.73582 -2.52376 0.17174
v -1.05175 -0.19576 0.22824
v 0.10265 -1.05053 0.88372
v 0.68011 -1.89116 0.35428
v 0.50724 -1.71880 0.00683
v -0.50325 -1.67247 -0.01915
v 0.93989 -3.05402 -0.04785
v -0.60644 -0.74773 -0.97388
v 0.24172 -0.88339 -1.19003
v -0.79262 -2.27486 0.33057
v 0.06462 -1.70632 -0.65241
v -0.38548 -0.28905 -0.87478
v 0.84488 -0.91846 0.09934
v 0.39961 -0.29099 -0.86880
v -0.42287 -0.30303 -0.86523
v 1.08359 -0.38680 0.41666
v 1.09471 -0.20860 0.32143
v -0.20470 -0.71247 -1.34568
v 0.20598 -1.19306 -1.24489
v 0.91647 -3.18256 0.66548
v -0.01195 -0.75091 0.92359
v 0.34958 0.98317 -0.68209
v -0.36751 1.18788 0.37885
v -0.26182 -0.52532 -1.04397
v -0.68278 -0.21912 0.98422
v -0.73930 -0.53138 -0.84516
v -0.50143 -1.52539 -0.18131
v 0.17888 -0.22594 -1.01054
v 0.79615 0.90556 0.14839
v -0.19247 -0.24764 -0.98633
v -0.02475 -0.76757 -1.44271
v -0.94106 -0.79077 0.25106
v -0.86811 0.77198 0.14246
v 0.05868 -1.38241 0.98600
v 0.34711 0.12319 1.22257
v 0.69144 -1.85363 0.80792
v 0.70873 -1.92541 0.92249
v 1.05455 -2.39964 0.39260
v -0.90207 -2.21783 0.45692
v 0.07546 -0.07152 1.23495
v 0.63880 -1.36356 0.12902
v 0.23306 -1.26568 -1.19774
v -0.23457 -1.26553 -1.19740
v -0.04376 -2.16238 -0.22787
v 1.02669 -2.55348 1.28908
v -0.75284 -0.76666 0.52424
v 1.01058 -2.63981 0.20123
v 0.69426 -1.70804 0.57519
v -0.51894 1.03300 -0.37444
v -0.80103 0.67832 0.75117
v -0.00051 -0.61946 -1.46060
v 1.03367 -0.33558 0.43733
v 0.37909 0.58514 -0.98598
v -0.29846 -2.73619 -0.10405
v -0.36695 -1.96393 1.29266
v -0.80811 -1.98448 0.78094
v -0.88797 -3.18534 -0.12592
v -0.28662 0.55662 -1.03495
v 0.32084 -0.57829 0.98679
v 0.39303 -1.84071 1.16192
v -0.31081 1.15317 0.59239
v 0.26208 -0.72594 -1.16034
v -0.61691 -3.08881 -0.16505
v 0.21343 -0.57989 -1.21454
v -0.36310 -0.18025 -0.99017
v 0.63410 -1.36106 -0.43103
v 0.65339 -1.32284 0.06324
v -0.84791 -2.27386 0.36832
v -0.87855 0.54467 0.68211
v 0.56570 -1.00303 -0.89438
v 0.67700 0.18492 1.05334
v 0.24093 -0.75757 -1.24442
v -0.94373 0.20856 0.64092
v -0.75438 -0.80104 0.46719
v -0.00433 0.36570 -1.15194
v 0.14542 -0.17031 -1.08519
v -0.26781 -0.68174 -1.12415
v -1.05371 -0.30526 0.13831
v 0.96579 -0.74054 0.30167
v -0.31514 -1.43163 -1.06751
v -0.43886 1.16387 0.08399
v -0.59797 -1.93979 0.20434
v 0.60328 -1.89775 0.20359
v 0.93989 -2.17512 0.54786
v 0.36870 -0.11350 1.17768
v -0.49533 -3.18503 1.26948
v 0.25103 -0.68855 0.92587
v 0.00082 -1.69498 -0.83803
v -0.69006 0.92328 0.65081
v 0.90729 -3.18501 -0.10004
v -0.85411 -0.41191 0.66951
v 0.96632 0.37216 0.15522
v -0.67807 -0.65524 -0.89264
v 0.16381 -1.53151 1.05167
v 0.40112 -0.50763 1.00824
v -0.15704 -0.13049 -1.12920
v 0.48370 -2.16328 0.10789
v -0.73170 0.87551 0.65164
v -0.03677 1.19026 0.59727
v 0.87605 0.76419 0.18468
v -0.21265 0.57497 1.18608
v 0.28291 -0.83056 -1.15705
v -0.34729 -0.76133 -1.11622
v -0.91257 0.59898 0.00701
v 0.95859 0.06547 -0.03973
v 0.37948 -1.08369 -1.11012
v 0.30304 -2.04161 -0.10528
v -0.53508 1.12802 0.28571
v 0.93683 0.49404 0.51816
v 0.77427 -0.49894 -0.79498
v -0.28074 -0.70040 -1.11311
v 0.27747 -0.70322 -1.11564
v -0.98304 -0.02034 0.43371
v 0.35146 -0.74229 -1.11056
v 0.50258 -0.04429 -1.02959
v -0.93389 0.55977 0.44748
v -0.86840 -0.63266 0.09421
v -0.94217 -0.68543 0.15985
v 0.21455 -0.71829 -1.32620
v -1.03999 -0.20548 0.05029
v -0.47981 0.92152 -0.64324
v -0.33210 -3.18394 -0.26540
v 0.45348 -0.08149 1.15588
v 0.31331 -1.94869 -0.13875
v -0.42470 -2.72074 -0.04545
v -0.52278 -1.80208 1.01997
v 0.62048 -1.22325 0.65734
v -0.16299 -1.68273 -0.91200
v 0.73143 -1.88931 0.54549
v 0.30958 -1.00237 -1.19072
v -0.46788 -1.78625 1.05930
v -0.97618 -0.63638 0.20226
v 0.62637 -1.44921 0.14790
v -0.15294 0.94938 0.97254
v 0.87935 -0.88377 0.17500
v 0.98095 -2.17201 0.60780
v 1.06477 -0.38727 0.23460
v 0.17697 -1.78880 1.20802
v 1.00638 -2.67226 1.28644
v -0.04088 -1.71755 -0.60808
v -0.43217 -3.18507 -0.25252
v 1.00073 -2.70563 0.16413
v -0.00023 0.79329 -0.98204
v 0.98351 -2.13359 0.73481
v -0.18996 -0.62465 -1.29807
v 0.93382 -0.79938 0.25655
v 0.93777 -0.51872 0.17467
v 0.91217 -0.52371 0.44612
v 0.29826 -1.56376 1.02339
v 0.20196 -1.76947 -0.42732
v 0.85949 -2.45473 0.25574
v -0.90242 -3.18578 0.01318
v 0.91275 -3.18117 0.86745
v 0.91024 0.55498 0.57730
v -0.58193 -1.14088 0.69654
v -0.71405 -2.20786 0.30198
v -0.69815 -0.60526 -0.89019
v 0.93440 -2.16255 1.28821
v 0.28301 -1.83011 1.20248
v -0.91650 -3.18496 0.08550
v -0.69350 -1.69663 0.52843
v 0.39032 0.22264 -1.11146
v -0.87843 -0.59280 0.42017
v -0.36197 -1.60450 -0.90478
v -0.54407 -1.16229 -0.82881
v -0.48667 -2.61640 0.02514
v -0.85830 -0.79953 -0.04279
v 0.88082 -0.75413 0.00712
v -0.70868 -1.31156 -0.16873
v 0.66735 0.99696 -0.12831
v -0.38824 -1.81638 1.14277
v 0.23787 -2.76900 -0.13819
v 0.58574 1.10033 0.26732
v 0.79388 -3.18194 1.29252
v -1.07118 -0.33458 0.20037
v 0.72242 -1.88630 0.50239
v 1.00097 -0.23303 -0.01297
v -0.13239 1.19876 0.55930
v -0.76512 -1.95831 0.87905
v -0.65058 0.12466 1.07283
v 0.16261 -0.06966 -1.19973
v 0.54791 -2.01276 1.29332
v 0.21220 -0.56011 -1.20293
v 0.40421 0.68074 -0.92497
v -1.08897 -0.11874 0.25109
v 0.72556 -1.28154 -0.11721
v 0.08452 -0.65535 -1.47467
v -0.73608 -1.25101 -0.10471
v -0.66933 -1.69199 0.67529
v -0.25242 0.82255 1.05094
v -0.84935 -0.90774 0.07424
v 0.90197 -0.16292 0.69855
v 1.07595 -0.11079 0.26105
v 0.05116 -0.80742 -1.36371
v 0.68010 -1.16836 -0.53374
v 0.29283 -1.64935 -0.99630
v -0.66534 -0.99016 0.57128
v -0.26721 -1.66047 -1.03403
v 0.79832 0.64638 0.77729
v -0.97279 -0.12298 0.40176
v -0.14694 -0.82610 -1.22367
v -0.70650 -1.97884 1.09135
v -0.01823 0.35106 1.26652
v 1.01493 -0.07399 0.28848
v 0.90605 -0.84768 0.21540
v 0.17655 -1.67976 -0.74390
v 0.66228 -0.33503 -0.81483
v 0.33949 -1.09320 -1.09721
v -0.64529 0.99076 0.60428
v 0.85373 -2.75385 0.07814
v 1.03808 -0.22343 0.19176
v 0.91515 -3.18163 0.51599
v 0.89722 -3.11162 -0.10045
v 0.15626 -1.69121 -0.67386
v -0.01994 -0.86871 -1.28026
v -1.03641 -2.23033 1.29215
v 0.67674 -1.42516 0.42029
v -0.98969 -0.70603 0.32409
v -0.55570 1.11761 0.19221
v 0.99316 -0.69933 0.32775
v -0.43365 1.13312 0.53206
v -0.90375 -2.15069 1.29259
v 0.98070 -0.71238 0.32244
v 0.70207 -1.26854 -0.03904
v -0.91658 -3.18400 -0.11513
v 0.44506 -1.55004 -0.76594
v -0.55142 -0.80687 0.74285
v -0.01376 -0.26649 1.17934
v -0.74956 -0.30933 -0.73237
v 0.14178 -1.09693 0.88286
v -0.18533 -1.67697 -0.76014
v -0.33047 0.12617 -1.17305
v -0.00640 0.67239 -1.05022
v -0.00793 0.58450 -1.08750
v 0.92218 -3.14935 -0.10008
v -0.88993 -2.38632 0.31209
v -0.68115 -0.73786 0.66719
v 0.49300 0.82047 0.95602
v 0.69826 1.01646 0.32019
v -0.67067 1.02025 0.44731
v 0.42375 -0.70344 0.86534
v -0.04414 -0.79393 -1.38792
v -0.91701 -3.18296 1.27031
v -0.37254 -1.95886 1.29028
v 0.60546 -1.46024 0.05267
v 0.76906 0.79899 -0.30903
v -0.66106 -3.18461 -0.19530
v 0.74965 -0.43202 -0.81194
v -1.02142 -0.44555 0.33827
v 0.92013 -0.82486 0.23721
v -0.61931 0.86551 -0.53020
v -0.15768 -2.62003 -0.13364
v -0.62426 -1.94131 1.11516
v 0.24884 -1.08298 -1.14400
v -0.65992 -1.32809 0.01184
v -0.27483 -1.04398 -1.21523
v 1.01765 -2.57896 0.23664
v -0.11187 -2.65785 -0.15425
v -0.64344 0.41989 1.04248
v -0.84574 -3.18425 -0.14176
v 1.07114 -0.32507 0.20015
v -0.62612 1.07249 0.13364
v 0.91696 -3.17742 0.14795
v -0.60245 -1.60273 0.77183
v -0.57147 -1.66036 0.84792
v -0.95255 0.43500 0.08571
v 0.46386 -1.19865 -0.93408
v -0.69920 -0.20550 -0.84914
v -0.70688 -0.21822 -0.83569
v -0.22484 -0.33492 -0.99207
v 0.39704 0.60468 -0.96638
v -0.13083 -2.85578 -0.19305
v 0.70507 0.89824 0.66690
v -0.91743 -0.41950 -0.06605
v -0.66401 -2.09202 0.28628
v 0.01771 0.66070 1.17224
v 0.19333 0.26581 -1.15698
v -0.57227 0.97187 -0.42692
v -0.77472 0.67417 -0.47364
v -0.36287 -1.93143 -0.08596
v 0.69994 -1.82917 0.73897
v -0.25594 -1.02590 -1.22785
v -0.46527 -1.25208 0.80908
v 0.38883 -1.17804 0.83257
v -0.21843 -1.69303 -1.06351
v -1.07807 -0.34431 0.41027
v -0.28318 -1.93609 1.28857
v 0.65293 -0.46058 0.89849
v 0.90378 0.70010 0.34142
v -0.23271 -1.79983 1.19804
v -0.99037 -2.76130 0.11601
v 0.96977 -0.07948 0.11992
v 0.36156 -3.18360 -0.26186
v 0.25994 0.95185 0.94358
v 0.98286 -2.79457 0.09520
v 0.76728 -0.86365 0.22386
v 0.76158 -0.77075 0.49149
v 0.27657 -1.05614 0.85100
v -1.06708 -0.38433 0.23537
v 0.49944 -1.98640 1.29234
v 0.70919 -0.92257 0.46022
v 0.69388 0.89222 -0.33592
v 0.53975 -1.81882 0.08853
v 0.40080 -0.32696 1.09942
v -0.39011 -0.46994 1.03652
v -0.26689 -1.76282 -0.35376
v 0.85010 -0.17254 0.80036
v 0.08600 -0.55366 -1.41719
v 0.80886 -2.09469 0.47131
v -1.09094 -2.17693 0.83592
v -0.15566 -1.09771 0.88090
v 0.54783 -1.90700 1.13151
v 0.18125 -1.67677 -0.86880
v -0.86278 -0.63015 0.40060
v -0.56677 -0.31192 1.03007
v -0.69824 1.01632 0.13912
v 0.86732 -0.74943 0.31383
v -0.74253 -1.93444 0.85707
v -0.07877 -0.43725 -1.34777
v -0.94628 -2.09297 1.03532
v 0.12599 -0.28750 -1.15327
v 0.23473 1.05140 0.83061
v 0.92597 -3.08230 1.29290
v -0.94419 -3.02882 -0.04583
v -0.82566 -2.02055 1.00246
v -0.71029 0.90602 -0.26150
v 0.02374 -2.97326 -0.23469
v -0.14838 -0.16606 -1.08802
v -0.60080 -1.55530 0.10479
v 0.15319 -0.17395 -1.07616
v -0.94165 0.11169 0.65570
v 0.58699 -0.00302 -1.01566
v -0.61168 -0.01213 -0.99474
v -0.74825 0.71805 -0.48358
v 0.11962 -0.83650 -1.23581
v -0.05314 -0.81988 -1.34234
v 0.60428 -2.94490 -0.09428
v -0.97655 -0.71789 0.31866
v -0.53978 -0.82393 -1.03804
v 0.39886 0.04164 1.19801
v 0.54671 -2.38130 0.14013
v 0.81632 0.42141 -0.51725
v 0.11479 0.25906 1.27002
v 0.76396 0.68463 0.80612
v 0.15102 -0.42299 -1.21738
v -0.47423 -1.84712 1.11455
v -0.10599 -2.53747 -0.14861
v -0.17651 -0.21824 -1.01654
v 0.96528 -0.11645 0.04804
v 0.29910 0.71739 1.10030
v -0.38207 0.66848 1.09738
v 0.17153 0.82062 1.07231
v -0.25410 -1.29421 -1.17373
v -0.80395 0.34861 0.89861
v 1.02412 -0.53878 0.24820
v -1.00673 -0.57123 0.23304
v 0.89855 0.18121 0.76557
v -0.79143 -0.96552 0.02617
v 0.45518 -1.71958 1.01773
v -0.67105 -1.24423 0.30918
v 0.83569 -0.70413 -0.42034
v 1.07028 -2.27374 1.29200
v 0.57782 -3.18483 -0.20738
v -0.83187 -0.15467 -0.54065
v 0.35620 1.02981 0.81215
v 0.91300 -3.17666 0.25530
v -0.02950 -0.77774 -1.41904
v 0.35063 1.16729 -0.12657
v -0.89911 -3.18488 0.61698
v 0.16632 -0.13214 -1.12279
v 0.88907 -2.13358 0.54253
v -0.59989 0.70439 0.96030
v -0.69725 0.80146 -0.48538
v 0.54735 -1.60531 0.01661
v -0.11307 -1.28169 0.93511
v 0.74259 0.95323 0.00368
v 0.50281 -1.77181 1.01236
v -0.86147 -0.73079 -0.02757
v -1.07711 -2.23452 1.25746
v -1.08517 -2.22464 1.22992
v 0.75033 -1.90970 0.63311
v 0.39058 -1.58676 -0.85875
v -0.19157 -2.64135 -0.12248
v -0.39340 -0.51687 -0.99915
v -0.47189 -0.92159 -1.09170
v 0.12588 -2.29207 -0.16272
v -0.49141 -1.42200 0.83838
v -0.24557 1.22325 0.33751
v 0.23879 -0.30683 -0.94669
v 0.27380 -1.64954 -0.78920
v -0.25531 -1.65599 -0.79448
v -0.69708 -1.98484 1.12714
v -0.97443 -0.62210 0.20059
v -0.95494 -0.22576 -0.05115
v 0.27425 -1.96225 -0.17719
v 0.95792 -0.18131 -0.02651
v -0.61018 -2.03683 0.22762
v 0.77479 -0.04655 -0.68414
v -0.83044 0.76784 -0.13647
v 0.58147 0.67224 0.98992
v -0.63192 -2.14462 0.24412
v 0.97933 -2.19097 1.29026
v -1.06636 -0.36570 0.21929
v -0.23848 -0.79341 -1.16470
v -0.81348 -3.18640 -0.13088
v 0.93674 -2.97363 -0.02308
v -0.41279 1.11283 0.61284
v -0.39364 0.92156 0.91855
v -0.69483 -1.75429 0.44250
v 0.20144 -0.25022 -0.97703
v -0.19191 -0.23781 -0.99160
v 0.31795 -1.70008 -0.35756
v -0.95137 -0.33465 -0.04626
v 0.25482 -0.45827 -1.01551
v -0.74142 -0.61095 -0.81525
v 0.55180 0.95039 -0.50390
v -0.97424 0.11700 0.52668
v 0.97060 -0.09661 0.10457
v -0.76497 -0.50676 -0.81648
v 0.72173 -0.37106 -0.80737
v 0.91530 -3.18043 0.46899
v 1.02458 -0.64445 0.33492
v -0.67881 0.69547 0.90005
v -1.02996 -0.52156 0.25110
v -0.35630 -1.76728 -0.18914
v -0.01476 -1.01401 -1.33307
v 0.17411 -1.87109 -0.34206
v -0.64162 -0.07175 -0.94262
v 1.04636 -0.24035 0.20478
v 1.06974 -0.33437 0.21718
v 0.37400 -2.56093 -0.01299
v -0.34533 -2.57828 -0.03310
v -0.97192 -2.18864 1.29325
v -0.88032 0.18759 -0.36692
v -0.05394 1.10678 -0.57464
v -0.25010 -0.58116 1.00020
v 1.07714 -2.25076 1.27659
v -0.71182 1.00864 0.26341
v -0.50956 1.03954 0.68445
v 0.21544 1.12720 0.70438
v -0.74524 -0.28251 0.90647
v -0.03381 -0.33521 1.15263
v -0.06993 0.37839 1.26089
v 1.08343 -2.16750 0.93454
v 1.09543 -0.25709 0.35511
v -0.93198 -0.40780 0.47494
v 0.69269 -0.56763 0.79036
v -0.94929 -0.22315 0.52348
v 1.08186 -2.25418 1.11319
v 1.05926 -2.35894 1.29246
v -0.05226 -0.67620 -1.48537
v 0.61375 -2.01903 0.23198
v 0.03874 1.03718 -0.71964
v 1.02217 -0.37417 0.34140
v 0.92729 0.56598 0.07093
v -0.61189 -2.19213 0.22088
v 0.27360 0.66018 1.13630
v 0.90762 -3.18380 1.23389
v 0.29331 -1.14832 -1.15896
v 0.04041 -1.53685 1.07237
v -0.84764 -0.44783 -0.57116
v 0.51535 -3.17898 -0.23073
v -0.24280 -1.03551 -1.23763
v 0.60094 -2.06523 0.21613
v -0.56363 -2.14337 0.17998
v -0.18104 -0.51896 1.05136
v -1.06357 -0.29954 0.20568
v 0.43632 -2.36307 0.06396
v 0.49075 1.14697 0.34866
v -0.23176 -1.68273 -1.04365
v -0.29603 -1.02218 0.84350
v 0.95330 -2.97867 1.28321
v -0.69963 -3.18441 1.28378
v -0.68537 -0.16582 -0.87328
v 0.28336 -1.78967 -0.29608
v -0.04339 -1.91602 -0.36612
v -1.08048 -0.34233 0.39077
v 0.11757 -1.93855 -0.32499
v 0.33204 -3.18366 1.29274
v -0.95254 -2.98286 -0.02019
v 0.96474 -0.17965 0.43895
v -0.96961 -2.87987 0.03956
v -1.06956 -2.30959 0.47500
v 1.03109 -2.51737 1.28916
v 0.54588 -1.88603 1.10096
v -0.54510 -1.89699 1.12189
v -0.89938 -2.33725 0.35212
v -0.67518 -0.97805 -0.72718
v -0.76638 -1.93567 0.72734
v 0.93140 -2.08459 0.80455
v -0.81064 -0.73157 0.33597
v -0.76309 0.91653 -0.03620
v 0.51850 -0.05396 1.13335
v 0.95051 -2.98337 -0.01691
v 0.58555 -1.48979 0.01550
v 0.46769 -1.69063 -0.06231
v -0.62565 -1.84205 0.23228
v -0.74708 -1.21851 -0.09393
v -1.00563 -2.67726 0.17292
v 0.20048 -0.31693 -1.02520
v 0.19674 -2.54412 -0.10900
v -1.07633 -0.13359 0.17112
v -0.16097 0.09429 -1.21348
v 0.73163 0.41885 -0.73202
v -0.22343 -1.66864 -0.91898
v -0.72489 0.32017 -0.77722
v -0.21999 1.14066 -0.40568
v 0.47623 -1.12029 -0.95659
v -0.43995 -1.18169 -0.97553
v 0.96755 0.40492 0.29049
v -0.97072 0.38466 0.29926
v 0.18303 -0.69390 -1.38066
v 0.76656 0.76795 0.73275
v 0.60528 0.39901 1.07600
v -0.96338 -2.13917 1.20617
v -1.08933 -0.32118 0.38921
v -1.05544 -2.39380 1.29244
v 0.37974 0.79089 -0.87574
v 0.40052 -1.92454 -0.04291
v 0.86835 -0.11470 -0.43698
v 0.18863 -0.17269 -1.07338
v 0.80828 0.57089 0.80757
v -0.72582 -0.75027 0.59734
v 0.74564 -0.64858 -0.79716
v 0.93731 -0.29805 0.52033
v 0.72714 -1.03692 0.19149
v -1.09561 -0.17708 0.29355
v 0.47495 -1.56057 -0.17429
v 0.92260 -0.40746 -0.01674
v -0.59024 -0.37926 -0.86521
v 0.85700 -0.71225 -0.05121
v -0.28670 -2.12021 -0.09095
v -0.64282 1.06286 0.27939
v 0.09094 1.08050 -0.62971
v 0.37275 -1.78843 1.12972
v 0.95350 -0.25169 0.47188
v 0.55493 -3.17894 -0.22036
v 0.37117 -1.07621 -1.13442
v 0.26655 -0.76470 -1.14317
v -0.02485 -0.00180 1.25292
v -0.21115 -0.26856 -0.96325
v -0.75693 -0.73753 0.55157
v -0.24475 -0.28903 -0.93775
v 0.55822 -1.80703 0.98228
v 0.78611 0.71674 -0.38822
v 0.32242 -1.33493 -1.07972
v -0.21154 0.70391 -0.99824
v 1.04510 -0.47250 0.25887
v 0.75278 -0.95926 0.18502
v 0.49700 0.28898 1.15953
v 0.38866 -3.18450 1.28629
v 0.84513 -2.69276 1.29349
v 0.46366 -0.15770 -0.96444
v 0.69446 -0.18608 -0.85959
v -0.80687 -2.14690 0.42222
v 0.99637 -2.64485 0.18604
v -0.99525 -2.69590 0.15522
v -0.80035 0.09276 0.92407
v 0.91631 -3.18142 0.40385
v 0.98174 -0.61852 0.20783
v -0.06329 1.24006 0.08803
v -0.82161 0.81706 0.51967
v 0.15455 0.64242 1.16925
v 0.02512 1.24909 0.32412
v -0.70921 0.03088 -0.84643
v 0.38264 1.14224 0.56012
v 1.08508 -2.23083 0.63897
v -0.48654 -0.88194 -1.08407
v 0.48867 -1.63180 -0.06588
v 0.24627 0.75197 -0.96130
v -0.91540 -3.18452 0.42069
v 0.93850 -3.05841 1.25859
v -0.66591 -1.29846 -0.40312
v -0.71252 -1.86096 0.76126
v 0.17383 -0.82369 -1.20175
v 0.27548 0.00555 -1.17338
v -0.98783 -0.31282 -0.01230
v 0.94014 -2.13826 0.61958
v 0.67671 -1.34270 -0.10937
v 0.25903 -1.32710 -1.15103
v -0.26632 -1.32452 -1.15243
v 0.17504 -1.74383 -0.49282
v 0.00017 -0.79782 0.90810
v -0.23891 -1.59758 -1.11359
v 0.91119 -3.17990 0.99333
v 0.23919 -1.44297 -1.17243
v -0.06640 -0.99673 -1.32749
v 0.87940 -0.58228 0.42533
v -0.31088 -1.78843 1.16163
v -0.87797 -0.57975 0.43193
v -0.36431 -1.09999 -1.08907
v 0.90810 -3.18317 0.16573
v 0.95400 -2.94101 1.29148
v -0.99965 -2.70959 0.15267
v 0.66875 -0.07932 -0.92086
v 0.85468 0.81035 0.18750
v -0.07143 -0.93217 0.88670
v -0.55415 -1.40481 -0.63315
v 0.02542 -0.83337 0.90034
v -0.34617 -1.74642 1.11453
v 0.23424 -1.94942 -0.22812
v 0.25819 -1.49264 0.99896
v -0.50614 -1.00015 0.74561
v -0.07010 -0.17979 -1.22137
v -0.30180 0.41746 1.21044
v -0.43478 0.86620 0.95245
v 0.96155 -0.20378 0.44983
v -0.94780 -0.23431 -0.08272
v -0.20677 -0.17505 -1.06480
v -0.70986 -0.62030 -0.85582
v 0.92690 -0.35319 -0.20742
v 0.73088 -0.68314 0.64991
v -1.00559 -2.56732 0.23711
v -0.30760 1.13023 -0.36606
v -0.17608 -0.22931 -1.01558
v -1.00364 -2.12765 0.85050
v 0.15830 -1.17096 0.89472
v -0.88395 0.71379 0.47152
v 0.19910 -2.00024 -0.22843
v 0.49847 1.06978 -0.30281
v -0.44660 1.10621 -0.25886
v 0.17409 -2.64959 -0.13102
v -0.92355 -0.04386 0.68595
v -0.17471 1.21893 0.45679
v 0.91037 -0.46697 0.14350
v -1.08222 -0.40949 0.42130
v 0.54839 -2.18911 0.16609
v -0.49094 -2.26699 0.11687
v -0.79269 0.90567 0.11027
v -0.22337 -2.16894 -0.13204
v 0.59890 -0.75320 -0.98730
v -0.44091 -1.59905 -0.19508
v -1.07668 -0.47057 0.42655
v -0.51274 -1.99077 1.29284
v -0.98430 -0.01012 0.32512
v 0.19497 0.91373 -0.85128
v -0.74861 0.19824 0.98444
v -0.33330 -0.28733 -0.89447
v -0.90193 -0.55555 0.14690
v -0.85961 -0.65462 0.06504
v -0.38791 -0.26553 1.12579
v -0.17953 -1.19717 -1.26365
v 0.85569 -0.73538 -0.15311
v 0.75913 -0.55252 -0.80890
v -0.76402 0.92526 0.44399
v -0.40009 -1.53914 -0.87714
v 0.09038 -0.15987 -1.20887
v 0.34382 -2.61360 -0.04333
v -0.09105 -0.15587 -1.20871
v -0.05757 -1.32288 -1.16782
v 1.08787 -2.19453 1.15424
v 0.08268 -0.16089 -1.21243
v 0.83721 -0.75692 -0.33514
v -0.93831 -0.31022 0.50245
v -0.53023 -0.77037 0.77233
v 0.75163 -3.18097 1.29196
v -0.72901 -3.18381 1.29282
v 0.89612 -0.28663 0.65572
v 1.00638 -0.42475 0.44914
v -0.68179 -0.09073 -0.89984
v -0.00531 0.64076 -1.06692
v 0.80075 0.82216 -0.15117
v 0.23977 -1.73778 1.15842
v 0.26456 -2.47833 -0.06529
v 0.79472 -3.18328 1.28325
v 0.89350 -0.51099 -0.33406
v 0.90328 -0.50154 0.14408
v -0.21497 -0.29266 -0.97747
v -0.72266 0.60528 0.90488
v -1.06987 -0.31608 0.17763
v -0.35976 -0.92573 0.82258
v 0.08946 1.15561 0.67995
v -1.07831 -2.26145 1.29033
v -0.18784 -2.83813 -0.17593
v -0.13665 1.15096 0.67968
v -1.02006 -0.41005 0.34235
v -0.20634 -2.78282 -0.15259
v -1.02304 -0.39991 0.33147
v 0.88709 -0.41106 -0.44038
v -0.86325 -0.19226 -0.46132
v -0.80785 -3.18467 -0.15421
v -0.61790 -0.93108 -0.85936
v -0.61639 0.53067 1.02808
v -0.18423 -1.97289 -0.25690
v -0.56736 -0.94875 0.69867
v -0.09184 -0.99499 -1.31592
v 0.67565 -0.86251 0.59561
v -0.17771 1.23777 0.26776
v 0.48722 -2.51222 0.06495
v -0.54622 -1.53879 -0.03652
v -0.00028 0.98104 0.95402
v -0.67701 -1.80293 0.77218
v 0.70977 -1.21355 0.01124
v -0.97835 -2.81005 0.08137
v 0.33472 -1.66680 -0.40494
v -0.32423 -1.66996 -0.43262
v -0.67498 0.22739 1.05377
v -1.09446 -0.21389 0.32493
v -0.33811 0.05576 -1.18952
v -0.18264 0.21361 1.26160
v 0.00242 -1.02278 -1.33307
v -0.79570 -2.48164 0.21611
v -0.87495 0.37470 0.77491
v -0.37030 1.12965 -0.28793
v -0.68475 -3.18358 1.29281
v -0.31240 -0.28896 -0.90102
v 0.30367 -0.29903 -0.91196
v 1.08628 -0.35225 0.40401
v 1.00442 -0.68323 0.33499
v -0.73285 -0.34566 -0.79652
v -0.98043 -0.07361 0.33869
v 0.71135 -1.80493 0.58810
v 0.97698 0.14513 0.08943
v -0.97491 0.11514 0.07079
v 0.79692 -0.96924 -0.19921
v -0.09673 1.24193 0.36609
v 1.02385 -0.37257 0.18772
v 0.69644 -2.33247 0.24359
v -0.78633 -0.32306 0.83557
v -0.96006 0.34958 0.04203
v 0.14304 0.79389 -0.96526
v -0.68388 -0.89557 0.56298
v -0.76424 -1.93064 0.67241
v 0.09532 1.05079 -0.68839
v 0.97877 -0.05889 0.31587
v -0.97998 -0.08329 0.36138
v 0.97865 -0.08869 0.36939
v 0.89391 -0.20425 -0.35426
v 0.28450 0.76445 1.07863
v -0.85151 0.55239 0.73794
v 0.38644 -1.86962 1.19263
v 1.05167 -0.30450 0.13681
v 0.40366 -1.36995 -0.94497
v 0.09039 -3.18517 -0.26996
v -0.55391 0.66892 1.01043
v 0.67869 -1.46616 0.45443
v -0.09664 -0.62761 -1.46279
v 0.64538 -1.34067 0.08639
v -0.63693 -1.47407 0.66394
v -0.89327 0.04396 0.77104
v -0.41982 -1.57500 -0.53588
v -0.60048 -1.39830 -0.47864
v 0.01868 0.36398 1.26447
v -1.07830 -2.26494 0.54429
v 1.09500 -0.12391 0.24951
v 0.08268 -0.60130 -1.44887
v 0.45700 -1.35073 -0.86756
v 0.91381 -0.36754 -0.30464
v 0.69253 -1.09745 -0.58116
v -0.71569 0.25065 -0.80991
v -0.57034 0.91808 -0.52807
v -0.72626 0.50756 -0.69880
v -0.02178 0.10113 1.26924
v 0.99031 -2.77027 0.22942
v 0.85465 -2.03241 0.72956
v 0.10575 0.95416 -0.82888
v 0.82599 -0.06869 0.86797
v 0.71248 -1.30791 -0.13739
v 0.57130 -1.62794 0.06980
v -0.99298 -2.75340 1.27684
v 0.55382 -0.12673 1.09783
v 1.05639 -0.51714 0.42801
v -0.85774 -0.49392 0.59368
v 0.37530 -2.52405 -0.00311
v 0.21144 -2.46764 -0.09796
v -0.16776 -1.12916 -1.24459
v 0.97064 -0.00471 0.03382
v -0.04564 0.18840 1.27778
v 0.71919 -1.29504 -0.14214
v 1.02951 -2.51135 1.29263
v 0.85165 0.78568 0.04508
v 0.12925 -1.80406 -0.43534
v 0.16449 -0.75469 -1.31538
v 0.13301 -1.86592 -0.37280
v 0.01796 -2.34935 -0.18340
v -0.35707 -1.07153 -1.14619
v -0.31880 1.17210 0.52565
v 0.91187 0.32440 0.70610
v -0.94799 0.36872 0.57176
v -0.82555 0.62702 -0.36567
v 0.64836 -1.34155 0.61132
v 0.78550 -2.83366 0.01592
v -0.01353 -1.32556 -1.16806
v -0.07367 -0.22803 -1.23342
v 0.48084 -0.20838 -0.92000
v 0.86138 -0.71797 -0.01370
v -0.37646 -1.37053 -0.98750
v -0.71353 -0.26578 -0.81392
v -0.32959 0.83602 -0.86936
v -0.61013 -0.75466 -0.95484
v -0.18034 -0.50577 -1.23578
v -0.14964 -2.71844 -0.15356
v 0.35995 0.13713 -1.16082
v -0.39196 0.77136 -0.88249
v -0.67560 -1.35993 0.45866
v -1.06261 -0.55228 0.39289
v 0.35973 -0.59716 -1.04253
v -0.86749 -0.27037 0.72670
v -0.97368 -0.07892 0.17033
v 0.25625 -2.31246 -0.07600
v 0.12436 1.13222 -0.49230
v 0.29414 0.88471 -0.83916
v 0.75494 -0.72558 -0.75588
v 1.07857 -0.46903 0.41729
v 1.06716 -0.51233 0.42552
v -0.07490 -0.11960 -1.19694
v 0.72933 -0.91165 -0.68438
v 0.91554 -3.17975 0.85222
v 0.18983 -0.69539 -1.37091
v -0.97047 -0.09053 0.12009
v -0.23457 -3.18473 -0.26842
v -0.07549 -0.41331 -1.33258
v 0.46719 0.87745 0.92040
v -0.19822 -2.24734 -0.12923
v 0.83015 -2.00893 0.72802
v 0.99450 -0.68531 0.28917
v -0.51375 0.01147 -1.07577
v -0.96647 -0.16673 0.43057
v -0.37531 -1.03508 -1.15329
v 0.34051 0.05836 -1.19062
v 0.69874 -0.28030 0.94891
v 0.56344 1.06213 -0.19140
v 1.07925 -2.26250 0.56472
v 0.02946 -1.71232 -1.08270
v -0.77575 0.89622 0.49739
v -0.54808 -0.00574 -1.04252
v 1.04055 -2.23439 1.29144
v 0.24933 -1.42592 -1.16469
v -0.91888 -3.17563 0.12805
v 0.91679 -3.17598 1.16207
v -0.83059 -0.26611 0.79555
v 0.32024 1.13750 0.62940
v 1.07458 -2.27696 1.29087
v 0.36924 -1.60639 -0.69675
v 0.30851 -0.29075 -0.90379
v 0.61372 0.93217 -0.43149
v 0.04043 -1.31284 0.95458
v 0.91605 -0.03407 0.70558
v -0.70911 -1.05790 0.27056
v 0.34605 -2.48565 -0.01352
v -0.25257 -0.44762 -1.01310
v 0.77258 -0.89233 0.18513
v -0.29677 -0.23700 1.15958
v -0.37518 1.15153 0.53777
v 0.32611 -2.10589 -0.05684
v -0.33095 -2.06775 -0.06450
v 1.00634 -0.26876 -0.00630
v 0.09279 -0.27398 -1.21006
v 0.02694 -2.08429 -0.26307
v -0.73924 -0.96302 -0.56426
v -0.75405 -2.87372 -0.01422
v 0.15027 0.05844 -1.22707
v -0.84374 -0.72938 -0.33610
v -0.08131 -0.85162 -1.25535
v 0.11331 -0.84321 -1.23706
v 0.61145 -1.80691 0.19769
v -0.30204 0.05837 -1.20577
v -0.70169 -1.10018 0.24710
v -0.79827 -0.42435 0.76196
v -0.10397 -1.93590 -0.33218
v 0.88236 -0.60213 0.41353
v -0.32333 1.01916 0.84118
v -0.61182 -1.80049 0.89760
v 0.37892 -0.82392 -1.12546
v -0.27500 0.01744 -1.19873
v -0.73273 0.94037 -0.08896
v -0.71996 -1.29633 -0.12898
v 0.53777 -1.19568 -0.81765
v -0.25761 -1.41294 -1.15871
v -0.29150 -1.67585 -0.50806
v -0.96098 -2.92898 0.00963
v 0.53056 0.00814 -1.06351
v -0.53333 -0.12092 1.11039
v 0.93337 0.22785 0.67204
v -0.15068 0.56556 -1.07274
v -0.73108 -3.18476 -0.17648
v -0.97254 -0.07317 0.20308
v 0.89967 -0.48074 -0.32314
v -0.90866 -0.43142 -0.32205
v -0.13351 -0.16020 -1.11721
v -0.00656 1.15886 0.67568
v -0.32962 -2.90787 -0.16787
v 0.80343 -0.74347 -0.51154
v 0.28609 1.04775 -0.61572
v -0.00772 -0.11958 -1.19691
v 0.51600 -1.54045 -0.10537
v -0.83131 -2.11102 1.29227
v -1.07368 -2.27852 0.51849
v 0.92373 -0.13185 0.65803
v -1.08315 -2.22912 0.61644
v 0.15878 0.12523 -1.20180
v 1.02220 -0.40945 0.34522
v 0.90700 -3.16264 -0.11377
v -0.58879 -3.18350 1.29069
v 0.49973 -1.60013 0.90301
v -0.51240 -1.53476 0.86059
v -0.44815 -1.07220 -1.02328
v -0.47427 1.10415 0.56690
v -0.43830 1.09095 0.64784
v -0.91445 -0.46832 0.47040
v -0.92485 0.61948 0.35576
v -0.30999 0.90379 -0.81481
v 0.82636 0.76280 0.60165
v 0.08477 -1.69457 -0.93021
v -0.92330 0.51761 0.55714
v 0.69768 -3.18297 1.29013
v -0.59812 -0.30107 -0.82135
v 0.30851 -0.99706 -1.19116
v 0.94723 0.34835 -0.05004
v 0.05767 0.19083 -1.19127
v 0.15630 -1.70176 -1.07455
v -0.41023 1.10490 -0.32508
v 0.28610 1.10055 0.72856
v -0.67800 -1.32194 -0.05189
v -1.08467 -0.35861 0.40459
v 0.49860 -3.18029 1.29380
v -0.13342 -0.13277 -1.14939
v 0.97693 -2.20822 0.53612
v 0.73237 0.98863 0.24918
v 0.80241 -0.99264 -0.08640
v 0.89429 0.27059 0.76221
v 0.46258 1.07737 -0.34700
v -0.61978 -0.09069 1.06641
v 0.03335 -0.78199 -1.41112
v -0.62807 0.44618 1.04698
v -0.94163 -0.69125 0.15665
v -0.59533 -2.06591 0.21049
v 1.07907 -0.41081 0.40856
v 0.23574 -1.68250 -1.05016
v -0.25390 -1.67104 -1.03908
v -0.66343 -0.49824 -0.88116
v 0.67773 0.06145 1.04929
v -0.80326 -0.95601 0.02538
v 0.67580 -2.02311 0.31584
v 0.70019 -0.41413 0.88370
v -0.15442 1.20610 -0.14694
v 0.27785 -1.72257 -0.40050
v 0.88201 0.05626 0.79422
v 0.40110 0.79212 1.01867
v -0.98878 0.21735 0.27281
v 0.14163 -0.73515 -1.36520
v 0.62784 -1.39960 0.08632
v -0.17201 0.47687 1.22581
v -1.03077 -0.23633 0.40316
v 0.47044 0.17244 1.17794
v 0.96141 0.29139 0.54586
v 0.25452 0.83015 -0.90611
v -0.02830 -1.49372 1.04815
v 0.78626 -0.08052 0.91753
v 0.00354 -1.18826 -1.29787
v 0.99066 -2.75620 0.12332
v 0.63619 -1.37133 0.04233
v -0.56405 -0.78607 -1.01962
v 0.87320 -0.01219 0.80176
v 0.88289 0.47453 0.71499
v -0.01194 -1.85238 1.26481
v 0.82904 -0.03309 -0.55274
v 0.93285 -0.43648 0.15344
v 0.82922 0.81016 0.51269
v -0.73352 -0.85903 0.43780
v -1.03319 -2.51978 1.29282
v 0.18859 -1.71660 -0.54014
v 0.84962 -0.91108 0.07948
v 0.18869 -0.54150 -1.24571
v -0.18230 -0.55104 -1.26515
v 1.06594 -2.33550 0.45733
v -0.78440 -0.20944 -0.64815
v 0.55943 -1.38325 0.76089
v 0.85582 -0.90735 0.13322
v 0.96232 -0.14996 0.00047
v 0.69378 -1.82649 0.41185
v 0.24889 0.65022 1.14653
v -0.47478 0.07925 1.17350
v -0.25170 -0.68948 0.92513
v -0.43807 1.02196 -0.52537
v -0.37585 -1.86249 1.19108
v -0.16468 -1.70051 -0.61210
v -0.56165 -1.03907 0.70492
v -0.86904 -0.63490 0.01435
v 0.26040 -0.57300 -1.07220
v -0.88272 -0.34772 -0.42879
v -1.07612 -0.15430 0.13818
v -0.27123 -0.77978 -1.14389
v 0.57618 -0.00893 -1.02436
v -0.91750 -2.31659 0.37778
v -0.46380 -1.41869 -0.81977
v 0.74611 -0.85532 0.35189
v 0.27717 -1.26029 0.89348
v -0.27622 -1.26019 0.89376
v 0.82431 0.54723 -0.43805
v -0.56548 -1.37536 0.75195
v -0.02507 -1.78880 -0.47628
v -1.04705 -0.30733 0.12936
v -0.94844 -2.08658 0.90365
v 0.70129 -0.17178 -0.85371
v 0.64636 -1.84936 0.27525
v -0.82752 -0.73848 -0.42097
v -0.30025 -0.77875 0.86982
v 0.78450 -2.10837 0.42516
v 1.00014 -2.68735 0.16573
v 0.68298 -0.96873 0.53183
v 0.63608 -1.47830 0.19525
v -0.13400 0.33607 1.26144
v 1.06984 -0.10928 0.21944
v -0.32537 -1.62963 -0.95001
v -0.91632 -3.18346 1.29229
v -0.42618 -0.88101 0.79689
v 0.52387 -1.24670 0.76570
v 0.50281 0.79576 -0.75638
v 0.96020 -0.22167 0.45535
v 0.78036 -0.16056 0.90480
v 0.12451 -0.99965 0.87933
v -0.08243 1.02127 0.90251
v 0.29074 -2.53881 -0.05586
v -0.26548 -0.39997 -0.98648
v 0.10801 -2.44936 -0.15089
v -0.70248 0.01958 1.02083
v -0.44262 -1.97358 0.02360
v -0.83420 -0.93277 0.03816
v -0.96352 -2.81907 1.29370
v 0.63418 -1.73799 0.79946
v -0.48745 -0.64372 -1.01183
v 0.45496 -0.33819 -0.88338
v 0.71421 -0.99086 0.31807
v 0.83913 0.14911 0.87073
v -0.63290 -2.52068 0.13270
v -0.57330 1.10845 0.22741
v -0.64910 -0.68532 -0.93945
v 0.45025 -0.30155 -0.85314
v -0.11016 -1.70918 -1.07392
v -0.26440 -1.83352 -0.27959
v -0.11779 0.23966 1.27080
v -1.08923 -0.31600 0.38982
v -0.91709 -3.18467 0.31649
v -0.12622 0.11492 -1.21028
v 0.44447 -1.55062 -0.77330
v 0.25752 -0.19177 -1.02434
v -0.45707 -1.70834 1.00808
v -0.23557 -0.74166 -1.27146
v 0.72964 -0.93242 -0.66674
v -0.81063 0.49415 -0.50360
v 0.22928 -0.80193 -1.16986
v 0.19691 -0.81254 -1.19137
v 0.52656 -1.48060 -0.63694
v 0.33214 0.99399 0.86863
v -0.57411 -0.81748 -0.98158
v -1.03670 -0.20281 0.03560
v 0.20529 -1.18387 -1.24574
v -0.45655 -1.83981 -0.00983
v 0.06472 -0.85496 -1.26459
v -0.83853 -0.06528 -0.52600
v -0.43228 -0.64127 -1.03505
v 0.64564 0.75204 -0.62283
v -0.30979 -0.16162 -1.02898
v 0.92130 0.43901 -0.14017
v 0.67997 0.80908 -0.50684
v 0.63755 -0.03389 -0.96618
v -0.64058 -0.03828 -0.96211
v -0.98048 -2.18669 1.28598
v -0.63738 -1.36837 0.06856
v 0.40921 1.18231 0.26856
v 0.73219 -0.86287 0.43887
v 0.85370 -3.18449 -0.12071
v -0.30151 -0.08798 1.20164
v 0.88708 0.11390 -0.35502
v 0.66452 -1.57876 0.29639
v 0.95690 -2.82544 0.06539
v -0.60859 -1.97954 0.22403
v -0.94064 -0.07855 0.62711
v -0.18044 -0.71223 0.92545
v 0.20484 -1.68855 -1.07612
v -0.23132 -0.81312 -1.17006
v -0.16131 -0.83954 -1.21224
v 0.09273 -1.27475 -1.20763
v 0.25644 -0.29261 -0.92928
v -1.02967 -0.63277 0.33810
v 0.04660 0.89132 1.03285
v -0.56648 -1.77461 0.93786
v 0.40155 -1.94334 1.26740
v -0.65582 -1.88926 0.94497
v 0.86104 -2.12729 1.28916
v -0.35049 -0.05178 -1.08812
v -0.71040 -1.98717 0.39071
v -0.91408 0.06501 0.72623
v 1.03616 -0.18676 0.03989
v 0.77261 -0.92592 0.13566
v -0.79039 -0.91944 0.13491
v 0.75036 -1.90907 0.68882
v 0.73292 -2.16952 0.33443
v -0.51113 -0.38221 -0.89202
v 0.77950 -0.84587 0.24059
v 0.94142 0.17457 0.65315
v -0.70313 -1.84560 0.44730
v 0.62500 -1.43474 0.67940
v -0.96270 0.20938 0.57195
v -0.10732 -0.86981 0.88944
v 0.92501 0.59384 0.44763
v 0.00762 0.99227 0.94198
v -0.88885 -0.54373 0.07445
v -0.33348 -0.54320 1.00708
v -0.37021 1.02904 -0.58088
v -1.04164 -0.23089 0.20050
v -1.03520 -0.22557 0.18013
v 0.78498 -1.95823 0.68361
v 0.57466 -0.80665 -0.98677
v 0.45746 0.60555 1.09350
v 0.64417 -0.28709 -0.80473
v 0.61346 -1.41611 -0.09843
v 0.61584 0.75256 0.91736
v -0.74318 -2.07404 1.29325
v -0.15235 -1.68288 -0.84442
v -0.20502 0.54886 -1.06416
v 0.19676 0.57541 -1.05700
v -0.82816 -0.87313 -0.10218
v -1.00490 -0.27667 -0.00784
v 0.50061 1.00435 -0.47519
v 0.72171 -2.24657 0.29368
v -0.72638 -2.24439 0.29828
v -0.72426 -0.87982 0.44928
v 0.71222 0.30568 -0.79887
v 0.58186 -1.51333 0.03100
v 0.68867 0.54890 0.96205
v 0.28117 -0.72210 0.89930
v -0.91621 -0.38908 -0.28543
v 0.93018 -0.40846 0.11002
v -0.83794 0.63202 0.71094
v 0.35518 0.08894 -1.18240
v -1.01718 -0.22705 0.00938
v 1.02959 -2.53017 0.27564
v 0.85293 -0.82120 -0.04056
v -0.97720 -0.05895 0.29350
v -0.58939 -1.60197 0.09533
v 0.47010 -1.97480 1.28826
v -0.95595 -0.23974 0.46719
v 0.40602 -2.31392 0.04639
v 0.69404 -0.75438 -0.83809
v 1.05694 -0.54963 0.42087
v -0.40573 -0.68376 0.88545
v 0.03739 -1.00853 -1.32915
v 0.67519 -1.51976 0.36700
v 0.51639 -1.48028 -0.41533
v 0.97288 -0.05337 0.14543
v 0.89202 -3.18399 0.99511
v -0.53826 -1.22023 -0.80212
v -0.67740 1.03685 0.17446
v -0.75487 -0.85988 -0.61527
v -0.09973 -1.20321 0.91149
v 0.86455 -0.22458 -0.46023
v -0.61861 -0.72348 -0.96910
v -0.91678 -3.18346 1.20429
v -0.46456 -0.29289 -0.84712
v -0.33769 0.96061 0.90349
v 0.07380 -0.38373 -1.31519
v 0.92289 -3.10027 -0.08545
v 0.39607 0.05492 -1.17087
v -0.52958 -0.29223 -0.82995
v 0.74167 0.53347 0.91453
v -0.73620 -1.91845 0.82222
v 0.27190 -0.76734 -1.13929
v -0.51039 0.63576 1.05126
v 0.46076 -1.97709 0.04438
v 0.16333 -1.45687 -1.19436
v -0.06666 -1.31059 -1.17704
v 0.00613 -1.10235 -1.24977
v 0.24961 0.27220 1.24617
v -0.40091 0.21766 -1.10605
v -0.29518 -2.29165 -0.04676
v 0.64702 -0.68827 -0.94096
v 0.07886 -0.20335 -1.22492
v 0.55546 -1.44450 -0.59312
v 0.11495 -1.08536 -1.22098
v 0.58461 -1.81558 0.95585
v 0.35018 0.85557 -0.83942
v 0.78206 -2.05071 1.21297
v 0.25939 -0.48267 -1.02441
v 0.35841 -1.72985 1.09596
v -0.44327 1.16918 0.17811
v -0.49441 -1.80295 1.04817
v -0.98210 -0.26702 -0.03240
v 0.69288 0.65442 0.90880
v 0.48375 -1.90380 0.04663
v 0.46909 0.60524 -0.90286
v -0.09697 -0.83329 -1.26572
v 0.95307 -0.20685 -0.05067
v 0.60151 0.51284 1.04568
v 0.03902 1.08336 0.81697
v -0.25183 -0.50909 -1.05094
v 1.00170 -0.31583 0.06580
v -0.85018 -0.01985 -0.49132
v -0.53635 -3.18400 1.29280
v 0.21024 -1.68468 -0.62018
v -1.00162 -2.16896 0.64664
v 0.78924 -1.07875 -0.04679
v 0.82096 -0.94211 0.00084
v 0.45223 -1.76040 -0.04993
v 0.96667 -0.16270 0.42981
v 0.25727 -0.51524 -1.04337
v 1.02894 -0.28257 0.30596
v 0.76913 -0.83135 -0.57400
v -0.70925 0.58314 -0.67669
v 0.77007 -0.94667 0.10260
v -0.29029 -1.65072 -0.98712
v -0.31913 0.75482 -0.93139
v 0.74159 0.26785 -0.74955
v 0.58013 0.72914 -0.72561
v -0.16140 -1.08146 -1.20785
v -0.91734 -3.18466 -0.05486
v -0.45431 -1.05001 0.78079
v 0.20309 -1.02704 -1.26209
v -1.05893 -0.41185 0.24588
v 0.34606 0.19241 1.22404
v -0.47515 -0.21765 1.10983
v -0.99569 -0.07033 0.31332
v -0.90854 0.32134 0.71635
v 0.60388 -0.21862 1.04328
v -0.17628 0.63942 1.16716
v 0.02318 -1.09422 -1.24494
v -0.00001 -1.09742 -1.25511
v 0.29885 -1.67538 -0.49026
v -0.45615 -1.70265 -0.07256
v -0.66496 -1.50389 0.59150
v 0.66740 -1.49366 0.57788
v 0.42001 -0.80699 -1.10103
v -0.13984 -1.08709 -1.21549
v -0.48656 -0.89532 -1.08076
v 0.50461 -0.87419 -1.06383
v 0.83077 -0.56475 -0.55151
v 1.00119 -0.29287 0.06856
v 0.45095 0.86800 -0.74289
v 0.19797 -3.17551 1.29344
v 0.23303 -0.85231 0.87091
v -0.55594 -1.86126 1.05206
v -0.57171 -1.98733 0.17635
v 0.88338 -0.56206 0.08623
v 0.72305 0.92846 -0.16091
v 1.02576 -0.31503 0.32367
v 0.91414 -0.43495 0.03501
v 0.49495 0.01756 -1.09170
v 0.03917 -0.97950 -1.30861
v -0.56855 -1.57868 0.81183
v 0.63570 -0.03915 -0.96559
v -0.30249 -1.09270 0.84841
v 0.29819 -1.05073 -1.20170
v 0.72990 0.53084 -0.68128
v -0.68901 -1.24970 0.03028
v -0.75185 -0.58701 0.70595
v -0.38968 1.18807 0.29416
v -0.58671 -0.01220 -1.01544
v 0.35654 -2.33510 0.00658
v -0.32773 -0.40755 -0.97108
v 0.80996 -0.72693 0.34239
v -0.69753 -0.53064 -0.87166
v 1.02391 -0.52704 0.24604
v 1.09084 -2.18562 1.10772
v 0.63674 1.04701 0.43976
v -0.68007 -0.63612 -0.90819
v -0.66350 -1.60593 0.63611
v 0.96196 -2.92355 0.01998
v 1.07648 -2.16628 0.87107
v 0.43085 -0.95771 -1.12286
v -0.81732 0.62462 0.76072
v 0.70130 0.17157 -0.84868
v 0.55125 -1.58071 0.01014
v 0.65037 -1.39000 0.61289
v -0.57160 -0.88308 -0.95394
v 0.84324 -0.20599 -0.51171
v 0.41129 -1.69449 -0.14893
v -0.91648 -3.18356 0.61083
v -0.77536 0.42845 0.91456
v 0.42248 -0.15831 1.14924
v -0.32237 -1.62982 -0.95906
v 0.46114 -1.34409 0.83549
v 0.68547 -0.13782 -0.88635
v -0.37503 0.10587 1.21161
v 0.55692 -0.32014 -0.84198
v 0.65313 -0.94058 -0.79438
v -0.57737 -1.07390 -0.83102
v -1.01850 -0.24754 0.01865
v 0.41012 -0.77445 0.83339
v 0.84315 -0.46091 -0.58756
v -0.82705 -0.47176 -0.63519
v 0.34314 -1.90094 1.24020
v -0.63939 -0.73085 0.71489
v 0.66125 -0.78773 0.65565
v -0.44650 -1.48562 0.89707
v -1.02719 -2.21888 0.56852
v -0.27848 -1.70350 -0.44808
v 0.85615 -0.12376 -0.47804
v 0.08058 -0.55281 -1.42181
v -0.78990 0.68450 -0.41675
v 0.83860 -0.92990 0.05976
v -0.86577 0.22838 -0.40997
v 0.16191 -1.91522 1.29300
v -0.23002 -1.92554 1.29107
v 0.05072 -2.02959 -0.28828
v -0.99078 -0.38984 0.45629
v -0.05822 -1.69410 -0.79525
v 0.00322 -1.64660 1.14215
v 0.76547 -0.82510 0.29069
v 0.36719 0.57765 -0.99648
v -0.46611 -1.92408 1.21501
v 0.66257 -1.06073 0.56922
v -0.58065 -1.50502 0.76908
v 0.44883 -3.18271 -0.24783
v -0.26495 -0.66511 -1.12699
v 1.06059 -0.16894 0.08915
v 0.07110 -2.78732 -0.18500
v 0.19026 1.00726 0.90214
v 1.02534 -0.64305 0.37354
v -0.06558 -0.07156 1.23536
v -0.56046 -3.18506 -0.22262
v -1.02765 -0.08016 0.28635
v -0.11380 -0.64252 -1.46110
v 0.82760 -2.00808 0.90460
v 0.14959 -2.08229 -0.21901
v 0.01237 -1.38136 0.98786
v -0.93085 -0.40944 0.11872
v -0.25193 -2.50019 -0.07476
v -0.05614 -0.92629 -1.30357
v -0.91588 -3.18328 0.90404
v 0.92587 0.50624 -0.05514
v 0.87102 -0.43982 -0.50246
v -0.71938 -0.87675 0.47962
v 0.61913 -1.43273 0.09442
v -0.49635 -1.64322 -0.04486
v -0.14922 -0.71213 -1.38656
v -0.00319 0.59123 1.19984
v 0.54310 -1.53848 -0.04199
v 0.85452 0.47913 0.77205
v 0.23842 -1.27307 0.90861
v -1.09422 -2.18014 0.82623
v -0.28070 0.14976 -1.17370
v 0.55792 -1.76789 0.94490
v -0.35897 0.42745 -1.05708
v -0.78062 -0.32497 0.84561
v 0.10137 -1.32414 -1.16122
v -0.37714 1.14910 -0.18392
v -0.60275 -0.27947 -0.82105
v -0.47143 -3.18415 1.29190
v 0.06101 -1.35920 -1.17424
v -0.29276 1.10410 -0.46569
v -0.20121 -0.64586 -1.28641
v 0.90717 -0.15648 -0.29391
v 0.65803 -1.33871 0.58286
v 0.20066 0.87867 1.02314
v 0.23168 -2.62194 -0.10047
v 0.71119 -2.06359 0.35125
v -0.50159 -1.50230 -0.68740
v -0.10170 -1.26744 0.93137
v -1.03081 -0.30658 0.10301
v 0.71700 -1.83590 0.66333
v -0.86101 0.60935 -0.25792
v -0.25788 0.54489 1.18615
v -0.89771 -0.52123 0.13927
v -0.94867 -0.34636 0.47758
v 0.00383 1.07659 -0.64931
v 0.06068 -1.45920 -1.21049
v -1.09836 -0.13348 0.25750
v -0.25549 1.14568 0.64601
v -0.09274 -3.18439 -0.27063
v 0.72562 0.40143 -0.74953
v 0.72256 0.83149 -0.38253
v -0.29200 -1.98929 -0.14204
v -0.43016 1.06851 -0.41501
v -0.27828 -1.34950 -1.14086
v -0.74133 -1.95825 0.94895
v -0.74340 -1.16795 -0.19582
v 0.10982 1.23547 0.40703
v -0.12922 -0.62119 0.99257
v 0.73248 -0.31062 -0.77939
v 0.71728 -0.03059 0.99978
v -0.99034 0.18087 0.32227
v 0.26637 -0.61762 -1.08742
v 0.72259 -1.02588 0.23915
v -0.60450 -3.18224 1.29311
v -0.33953 -2.82369 -0.12555
v -0.88455 0.16861 0.79373
v -0.57088 -0.80557 -0.99414
v -0.20451 -0.70890 -1.34778
v 0.25557 -0.25520 -0.95604
v 0.14494 0.57997 -1.06859
v -0.85130 -0.75307 -0.11959
v 0.30718 -1.28803 -1.11064
v 0.02154 -1.69594 -0.88603
v -0.37663 0.73087 1.06603
v 0.09565 -0.12956 -1.20059
v -0.72372 0.81775 0.74414
v -0.52362 -0.27140 1.06970
v 0.87859 -0.54116 0.48900
v -0.31547 -2.00691 -0.10658
v 0.97234 0.34457 0.41838
v 0.61506 -1.95413 0.23040
v 0.75977 -1.01997 -0.37673
v -0.07257 0.72244 1.13930
v -0.69965 -1.09435 0.28594
v -0.09508 0.91960 1.00664
v 0.08832 -1.46700 1.02761
v -0.70117 -0.98882 0.41603
v 0.97374 -0.14610 0.40925
v -0.97750 -0.09963 0.37896
v 0.76758 -0.34038 -0.70221
v -0.96568 -0.68545 0.20217
v 1.09842 -0.14767 0.26924
v -0.00074 -1.03476 -1.31810
v 0.02624 -0.77077 -1.43523
v -0.31554 -0.93407 0.83847
v 0.30675 -0.93173 0.84161
v -0.28727 -0.90508 0.85013
v -1.02601 -0.62449 0.38728
v -0.18953 -1.71876 -0.53542
v -0.86928 -0.12089 0.78147
v 0.16856 -1.12505 -1.24066
v -0.13251 -0.65209 -1.44096
v -1.00687 -0.52926 0.43342
v 0.72288 0.30330 -0.78543
v -0.39944 1.01080 0.81630
v 0.41580 -2.61782 -0.00901
v 0.70262 -1.91407 0.40821
v 0.75679 -2.06899 0.41342
v 0.17760 -0.41643 1.10605
v -0.64060 0.00120 -0.96037
v 0.90924 -3.18290 0.28250
v -0.95015 -2.99317 1.29285
v 0.67238 -0.44587 -0.85806
v 0.41293 -1.59550 -0.33025
v -0.07292 -0.70559 -1.44624
v -0.95826 -0.41828 0.16769
v -0.76533 -0.86645 0.22511
v -0.97652 -0.32384 0.46447
v 0.07780 -0.11744 -1.19725
v 0.49771 -1.50518 -0.63851
v 0.04128 -1.09123 -1.23827
v 1.04754 -0.24449 0.22222
v 0.74801 -0.40843 -0.80393
v 0.25210 -2.18294 -0.10385
v 0.70313 -0.82783 0.57053
v 0.80619 0.87427 0.42839
v 0.83985 0.35417 0.84852
v -0.08413 -0.13400 -1.20389
v 0.17790 0.59909 1.18253
v 0.33013 0.41346 1.20289
v 0.72497 -0.30911 -0.79077
v 1.01089 -2.64862 0.19977
v 0.53996 -1.99517 1.28844
v -0.27983 -0.68414 -1.10864
v -0.53346 -0.06544 1.12358
v 0.18242 -1.69635 -0.61029
v 0.04948 -1.49644 -1.19244
v -0.14143 -2.44469 -0.13689
v -0.68373 0.71595 0.87997
v 0.73741 -0.76489 0.56322
v -0.67813 -1.23861 0.09091
v 0.27369 -1.33807 -1.14453
v -0.15437 -2.80095 -0.17239
v 1.09197 -2.18955 0.80324
v -0.20036 0.84154 -0.91450
v -0.78981 -0.83330 0.25295
v -0.31680 -2.18423 -0.04491
v 0.55003 0.78650 -0.70990
v 0.00555 1.24074 0.06771
v 0.24763 -1.65984 -0.91408
v -0.96555 -0.74822 0.28806
v 0.14541 -2.38620 -0.13950
v 0.67113 -1.33037 0.37327
v -0.25138 -0.36842 -0.97595
v 0.53473 -0.82723 -1.04209
v -0.49103 -0.79803 -1.06053
v 0.56074 -0.78154 -1.01973
v 0.55792 -2.00772 1.29308
v 0.37220 -1.65924 -0.28652
v 0.33553 -0.73201 0.87929
v 0.18956 1.16811 0.62103
v 0.52502 -1.92131 1.17378
v -1.07095 -0.34674 0.21650
v -0.23633 0.40191 1.23042
v 0.70978 -0.61304 -0.86022
v -0.18368 -1.66425 1.13138
v 0.86198 0.77902 0.43676
v -0.68543 -1.32636 -0.26219
v -0.66451 -1.04945 0.56618
v 0.65617 -1.21627 0.58725
v 0.89733 -0.73127 0.05237
v -0.12109 -0.55914 1.03249
v -0.87749 -0.22524 0.72985
v -1.00720 -0.28294 0.08625
v 0.31769 -0.87763 0.84319
v 0.50342 -0.26842 -0.85901
v -0.33269 0.96548 -0.72355
v -0.03296 -0.98025 -1.31023
v -1.02667 -0.23487 0.14718
v 0.24998 -0.75515 -1.21976
v -0.18309 -0.15654 1.20399
v 0.62568 -1.65217 0.75788
v 0.71717 0.31450 1.00292
v -0.16125 0.78427 -0.96650
v -0.19554 0.04431 -1.22121
v 0.24223 -0.33050 -0.95852
v -0.84425 -0.92201 0.06867
v -0.75271 -2.07235 1.29131
v 0.94558 -0.30737 0.48693
v -0.26583 -2.21058 -0.08495
v 0.15926 -1.03714 -1.26619
v -0.41846 -1.69337 1.03021
v 0.78761 -0.95379 0.05495
v 0.34825 1.06906 0.75572
v -0.32987 1.06980 0.76236
v 0.33713 -1.12419 -1.11881
v 0.34161 -1.12521 -1.11562
v -1.09463 -2.17483 0.95091
v 0.46172 -3.16539 1.29344
v -0.96491 -0.05775 0.53638
v -1.01297 -0.24608 0.00452
v -0.25376 -0.38559 -0.98340
v -0.72656 -0.57020 -0.86236
v 0.53933 0.99280 0.73540
v 0.12619 -1.70855 -0.60972
v -0.53948 -1.46606 -0.62064
v 0.39928 -1.41646 -0.93369
v 0.93888 -0.18712 -0.14053
v -0.77798 -2.35292 0.27943
v -0.98880 -0.09399 0.15120
v 0.30064 0.91581 0.96247
v -0.33752 1.20507 0.24065
v -0.34415 1.17180 -0.10799
v 0.23179 -3.18484 1.27131
v 0.68537 -1.27049 0.01180
v -0.66915 -1.27353 0.07014
v 0.70595 0.73619 0.84146
v -0.70960 -0.61099 0.73776
v -0.22712 1.10394 -0.51983
v 0.87661 0.53857 0.69150
v -0.86343 0.27578 -0.41113
v 0.73597 -1.25110 -0.10569
v -0.64350 -1.55914 0.67474
v 0.11093 0.03566 1.25492
v 1.08024 -0.15771 0.21608
v 0.91069 -3.18383 0.12253
v 0.60122 -1.39622 -0.49198
v -0.59831 -1.40074 -0.49304
v 0.21281 -0.94275 0.86661
v -0.24725 -0.79697 0.87752
v -0.88511 0.74020 0.37453
v 0.73231 -0.40980 -0.81505
v -0.88410 -2.07611 0.65660
v -0.59619 -0.75259 -0.98726
v -0.98191 -2.81088 0.08434
v -0.24230 1.19146 -0.14398
v 0.96204 0.02253 -0.01925
v 0.94245 0.43134 0.54672
v 0.09521 -0.65219 -1.46960
v -0.11592 -0.21231 1.19345
v 1.02419 -0.64853 0.34576
v 0.19092 0.52107 1.20876
v 0.95412 -0.24207 -0.05797
v 1.04043 -2.45049 1.29336
v -0.81258 0.88215 0.12644
v 0.08616 -3.15434 -0.26997
v -0.99254 0.15742 0.36832
v 0.08340 -0.51386 -1.39456
v -0.08762 -0.56772 -1.42626
v -0.07343 0.57193 1.20538
v -0.69448 -0.98012 0.47560
v -0.49034 0.46568 1.12597
v -0.26544 -0.72179 -1.14780
v -0.22056 -0.80461 -1.17627
v 0.88367 -2.14071 1.29218
v 0.97624 -2.84431 1.28893
v -0.71627 -1.83474 0.66708
v 0.53665 -1.71720 0.93018
v 0.98228 -0.39702 0.17079
v 0.61673 -1.31661 -0.54389
v -0.67017 -2.99337 -0.10176
v -0.79003 -1.05561 -0.02741
v 0.18158 -0.43926 -1.15816
v -0.41664 0.85503 -0.79106
v 0.95078 -0.20073 0.52998
v -0.05256 0.20273 1.27536
v 0.04443 -2.80463 -0.19101
v 0.34674 -1.69532 -0.29121
v 0.92868 -3.10962 1.29128
v 0.15731 -0.66893 0.95469
v 0.25729 -1.66884 -1.03021
v -0.72770 0.96803 0.43924
v 0.94370 -0.26492 0.51179
v -0.93635 -0.26459 0.54384
v 0.76381 0.46077 0.91878
v 0.00975 -1.02179 0.88681
v 0.75282 0.03258 0.97398
v 0.78318 -2.03079 0.49772
v 0.25961 -0.60054 -1.10787
v 0.68861 -1.64296 0.50048
v -0.57744 -2.24541 0.18668
v 0.73649 0.95667 0.45369
v -0.67154 -1.15765 0.53750
v 0.64381 -0.70798 -0.92371
v 0.68761 -0.70006 0.68965
v -0.15261 -1.73760 -0.52007
v -0.11420 0.97904 0.95122
v 0.31770 -0.46008 1.05942
v 0.94365 -3.02331 -0.04267
v -0.99898 -0.36536 0.15351
v -0.02916 -2.45140 -0.17103
v 0.22514 -0.28154 -0.94786
v -0.73178 -1.23330 -0.15870
v -0.67700 -1.22309 0.48345
v -0.21241 -0.97585 0.86555
v 0.03938 -2.49431 -0.16695
v 0.69220 -0.92920 0.52354
v 0.92485 -0.37875 -0.18958
v -0.78924 0.80265 0.63919
v 0.47321 0.73687 -0.82899
v -0.72604 -1.17413 -0.29401
v -0.61391 -1.38105 -0.45888
v -0.80617 -1.99495 0.92709
v -0.23198 -0.14702 -1.07998
v 0.81279 0.66837 -0.36463
v 0.11632 -0.11415 -1.19454
v 0.87323 -0.88899 0.16047
v 0.24914 0.39699 1.22854
v 0.68558 -1.96031 1.07420
v 0.74663 -1.96399 0.95637
v -0.04944 -0.66792 0.96479
v -0.68372 1.02696 0.33018
v -1.02276 -0.36113 0.34108
v 0.90766 -0.72380 0.08338
v 0.60981 0.27665 1.09572
v 1.05648 -0.57809 0.37881
v 0.97558 0.03189 0.51621
v 0.53172 -0.61105 0.87922
v 0.92804 -0.40508 0.08952
v 0.53169 -1.44303 0.80866
v -0.86122 -0.76875 -0.04349
v 0.18046 1.23724 0.30444
v -0.38583 0.06504 -1.17608
v -0.38927 -1.01651 -1.14598
v 0.91696 -3.18208 0.55697
v 0.67367 -1.77395 0.74822
v -0.47854 -3.18612 -0.23014
v -0.75120 -0.43380 -0.81103
v -0.88685 -2.13602 1.28506
v -0.29408 -0.67684 0.92337
v -0.38601 0.95906 0.88597
v 0.89793 -0.42447 -0.39961
v -0.40720 -1.87847 1.19136
v 0.05911 0.87340 1.04647
v 0.27703 -1.65319 -0.69930
v 1.01797 -0.32368 0.11869
v 0.20485 -2.90032 -0.19421
v -0.75892 -0.36539 -0.73780
v -0.71558 0.47104 0.96601
v 0.61842 -2.26525 0.21349
v -0.63602 -2.22922 0.23412
v 0.23148 -0.79310 -1.18183
v 0.20398 -2.07661 -0.18332
v 0.94375 0.32240 -0.08176
v -0.39795 0.05145 -1.16630
v -0.38334 -0.35677 1.09218
v 0.99403 -2.15951 0.66200
v 0.32200 0.08450 -1.19117
v -0.47150 1.13707 -0.03013
v 0.63988 0.11805 1.08082
v -0.57941 -0.78023 -1.00415
v 0.93659 -0.47479 0.17268
v 1.07118 -0.31092 0.18177
v 0.24867 0.12674 1.24683
v -0.79075 0.58934 -0.50574
v 0.74915 -0.21120 0.92476
v 0.70481 -0.42406 -0.83197
v -0.67890 -0.37359 -0.82436
v -0.60073 -1.94116 1.14233
v -0.03964 -2.61398 -0.16693
v -0.05110 1.09033 -0.61414
v 0.16598 -0.62054 -1.34516
v 0.64905 -1.34319 -0.41041
v -0.72271 -1.97236 0.42652
v 0.65440 -1.26692 -0.49132
v -0.37408 -1.12583 -1.08187
v 0.90212 -0.46556 -0.32971
v 0.70590 0.37060 1.00254
v 0.78062 0.88392 0.51214
v 0.02616 -1.55399 -1.16388
v 0.73880 -0.88767 0.32569
v 0.94786 -2.24516 0.46539
v 1.06224 -0.26523 0.39035
v 0.22880 -1.07640 0.86507
v -0.24447 -1.08455 -1.14946
v -0.82387 -2.00258 0.72941
v -0.57092 -0.23185 -0.87050
v -0.67780 -1.90423 0.34946
v 0.84252 0.79646 0.48497
v -1.09534 -0.13778 0.21316
v 0.97831 -0.07490 0.21523
v 0.93403 -0.38095 0.47897
v 0.70585 -1.78020 0.57301
v -0.63919 -0.45432 0.91291
v 0.27306 -1.36779 -1.14545
v 0.55633 0.87817 -0.60547
v 0.44158 -0.29388 -0.85402
v -0.92221 -0.43159 0.12155
v 1.08464 -0.17340 0.27327
v -0.96429 -0.19241 0.44170
v 0.09876 -0.09523 -1.20067
v -0.53037 -1.40223 0.79537
v 0.18233 -3.18336 1.29301
v 0.00444 -1.19597 -1.29839
v 0.20421 -0.10614 -1.12540
v -0.76730 0.75637 -0.38302
v 0.00054 -0.85605 -1.28373
v -0.66624 -2.28366 0.24162
v 0.59944 -1.27460 0.69248
v -0.87004 -2.06597 0.64730
v -0.93872 -0.77583 0.27854
v 0.32167 0.06519 -1.19864
v 0.67550 -1.28828 0.48051
v 0.41400 -1.96793 1.29257
v -0.40272 -3.18428 1.29275
v 1.05182 -2.25284 1.29331
v -0.44736 -3.18366 1.29344
v 0.12132 1.24450 0.29734
v 0.00237 0.57318 -1.09164
v 0.99084 0.14525 0.30337
v 0.60304 -0.33487 0.99905
v 0.13781 -0.12930 -1.14725
v -0.78970 0.10927 -0.64688
v -0.70882 -1.79333 0.55840
v 0.54357 -1.68621 0.90129
v -0.98462 0.08531 0.21097
v -0.12174 -1.68860 -0.76651
v -0.64936 -1.67576 0.71773
v 0.00050 0.70361 1.15017
v 0.42584 -1.64167 -0.16989
v 0.69849 0.00772 -0.86810
v -0.74357 -0.85322 -0.70171
v -0.69164 -1.72626 0.61602
v -0.68576 -1.61944 0.52389
v 0.51532 -0.69997 0.82299
v 0.79878 -0.89254 -0.35396
v 0.32006 -1.63163 -0.94750
v -0.46521 0.29102 1.17345
v -0.13074 -3.18410 1.29244
v -1.04394 -0.18737 0.05135
v -0.68656 -1.94336 1.02006
v 0.69567 -1.32067 -0.21866
v -0.15231 -1.32724 -1.15346
v -0.82902 -3.09392 -0.11450
v -0.11033 -0.83993 -1.24092
v -0.16950 0.83386 1.06211
v -0.75994 -3.18325 1.29332
v -0.70303 -0.77482 -0.81705
v -0.80511 -3.18391 1.29281
v 1.05883 -0.30878 0.15143
v 0.67486 -1.57611 0.34835
v -0.67831 -1.67641 0.36064
v -0.46741 -2.25203 0.09783
v 0.67971 0.78138 0.83379
v -0.68405 0.84774 0.76839
v -0.83528 -0.01633 0.86377
v 0.05456 -0.92916 -1.30385
v 0.04991 -0.29284 1.16848
v 0.95962 -2.94072 1.27371
v 1.06960 -0.51077 0.40654
v -0.58297 -1.57089 0.06973
v -0.22996 1.16755 -0.29224
v -1.06216 -0.16839 0.09195
v -0.30100 -2.38692 -0.03812
v -0.50759 -3.17443 -0.23239
v 0.92011 -3.16688 0.26044
v 0.90182 0.40857 0.69946
v 0.19612 -1.20828 0.89733
v -0.97915 -0.06396 0.32029
v 0.36365 -0.42533 1.06537
v 1.01999 -0.54667 0.42701
v -0.35426 -0.29768 -0.88930
v 0.15380 -0.33179 1.14738
v 0.97945 -2.10756 0.95212
v -0.43718 0.86668 -0.75817
v -0.44541 1.13460 -0.12504
v 0.16308 -0.76500 0.90484
v 0.75637 -0.67226 -0.77165
v -0.75754 -0.63746 -0.78126
v -0.70172 -2.08300 0.33479
v 0.87133 -2.10509 0.56012
v 0.28678 -2.61789 -0.07216
v 0.60313 -1.40426 -0.25135
v -0.60515 -1.40171 -0.25780
v -0.31681 -0.50112 -1.01567
v -0.76048 0.58431 -0.58775
v -0.87256 0.75720 0.42193
v -1.09137 -2.18303 0.78528
v -0.80231 0.28867 0.91294
v 0.98354 -0.09561 0.13093
v -0.95254 0.10314 0.62301
v -0.35482 1.05674 -0.53277
v 0.63666 -1.58215 0.69920
v -0.75209 0.90248 0.55178
v -0.99945 -2.13162 0.79797
v 1.03889 -0.23971 0.25339
v 0.18287 -0.51276 1.05476
v -0.69334 0.35394 1.01919
v 0.02159 -1.75436 -0.51874
v -0.51878 0.83444 0.92482
v -0.03361 -0.72721 -1.46231
v 1.09823 -0.15079 0.25915
v 0.72722 -1.99330 1.10376
v -0.59917 -1.96882 0.20915
v -0.86105 -0.71075 -0.16007
v 0.81425 -2.03769 0.55859
v -1.02306 -0.34295 0.33110
v 0.78926 0.30158 0.93025
v -0.75358 -2.17247 0.35388
v 0.46376 -2.54617 0.04027
v 0.03865 -0.54800 1.04405
v -0.91680 -3.18321 1.14852
v -0.73433 0.91142 0.58216
v -0.27724 0.85572 1.01932
v 0.79168 -0.92705 0.11726
v -0.83109 -0.91275 0.13344
v 0.19469 -1.81900 1.22016
v -0.07963 -2.23851 -0.19345
v -0.10838 1.08870 0.80342
v -0.45691 -1.54182 -0.50067
v -0.79099 -1.06455 -0.03776
v 0.11105 -1.76720 -0.48783
v -0.22700 -1.91057 -0.26257
v 0.63501 -1.29565 0.63738
v -1.01573 -2.12836 0.99344
v -0.23653 -1.66706 -0.70590
v -0.25138 0.84800 -0.89496
v -0.18252 -0.29499 -1.04189
v 0.33692 -0.67447 0.91355
v 0.79259 0.91709 0.24655
v -0.30097 0.20936 1.23702
v 1.05020 -0.29960 0.13472
v 0.82879 -2.16935 0.42987
v 0.43124 -1.89101 1.19393
v -0.91459 -0.83753 0.22209
v -0.20747 -0.54142 -1.19871
v -1.07774 -2.20403 1.20916
v -0.81193 -0.10274 0.87874
v -0.49950 1.05833 -0.33718
v -0.65338 -1.00902 -0.74382
v 1.08984 -0.30903 0.38709
v -0.22343 -1.08001 -1.16092
v 0.94923 -0.22237 -0.07325
v -0.65720 -0.79651 -0.87351
v -0.90063 0.21676 0.75793
v 0.72782 -1.96113 0.44830
v 0.26845 -0.63974 -1.09690
v 0.05534 0.61201 -1.07228
v 0.56475 -0.83518 -0.98779
v 0.65643 -0.80034 -0.87355
v -0.68177 -0.94872 0.54451
v -0.64762 0.90372 0.74306
v -0.22949 -1.16897 -1.22262
v -0.68815 -1.86244 0.38480
v 0.67728 0.03620 -0.90632
v -0.69060 0.13095 -0.87092
v 0.32691 -1.70536 1.09736
v 0.88751 -0.55453 0.44183
v 0.70107 -1.78195 0.64354
v -0.65312 0.80609 0.84130
v -0.00137 -2.20921 -0.21508
v -0.43611 -0.24151 -0.91107
v -0.28668 1.10808 -0.45835
v 0.69874 -1.09025 -0.57476
v -0.30787 0.54310 1.17280
v -0.00809 -1.26635 0.93717
v 0.77535 -0.40424 -0.71812
v 0.62009 1.05511 -0.03401
v -0.94961 -0.27361 0.48030
v -0.26507 -0.62635 -1.09409
v -0.16472 -0.61411 -1.34177
v 0.30965 0.15943 -1.16468
v -0.13002 0.85087 -0.92681
v 0.16080 -1.44830 1.00558
v 0.47066 0.86687 -0.72464
v 0.03959 1.04706 0.87513
v -1.06708 -0.51628 0.40179
v 0.49532 -1.50932 -0.69240
v -0.23147 0.22845 1.25307
v 0.35718 -2.75941 -0.09029
v 0.04893 -0.84996 -1.28195
v -0.17585 -2.39148 -0.12154
v 0.26508 -2.40180 -0.06256
v -0.89136 -2.05796 0.76871
v 0.62553 -1.35234 -0.47250
v 0.95325 -0.76477 0.25013
v 0.30208 -1.33406 0.91160
v 1.09031 -2.19837 1.13609
v 0.89583 -2.07966 0.68063
v -0.37987 0.60198 -0.97800
v -1.02123 -2.58972 1.29283
v -0.47650 -1.12560 -0.95311
v -0.31658 -0.67175 0.92095
v 0.28827 -0.35877 1.11556
v 0.31232 -1.64934 -0.57399
v -0.62884 -1.39648 0.08710
v 0.75409 0.80805 0.70621
v -0.27740 -1.14403 -1.16964
v 0.58210 0.10204 1.11862
v 0.66857 -1.80575 0.79654
v -0.69518 0.96807 0.54329
v 0.84218 -0.24628 -0.51907
v -0.66309 -0.03735 -0.93828
v -1.08804 -2.21228 1.20368
v 0.95042 -2.12215 0.68929
v -0.86538 -0.24704 -0.46248
v 0.36211 -1.60138 -0.90888
v 0.20083 -0.03770 -1.19401
v -1.01524 -0.58330 0.30291
v 1.02187 -0.55057 0.30166
v -0.66839 -1.28685 0.32941
v 0.89769 0.62352 0.54929
v -0.33331 0.75436 -0.92411
v -0.44237 -0.45513 -0.95418
v 0.87010 -0.13277 0.77678
v -0.11135 -1.69305 -0.71786
v -0.55866 -3.18605 -0.21170
v -0.96795 0.07964 0.55388
v -0.93127 0.45062 -0.07721
v 0.32428 1.19705 0.04544
v 0.26256 -1.39417 -1.15241
v 0.79762 -2.28722 0.32651
v 0.24048 -2.83545 -0.16174
v -0.02473 0.50716 1.22897
v -0.70977 -1.02915 -0.61463
v 0.71506 -1.00920 -0.62289
v -0.53950 -0.89012 0.72619
v -0.36022 -1.37626 0.90442
v -0.70435 -0.34895 0.91405
v -0.01634 1.03213 -0.73041
v 1.01316 -0.66634 0.35623
v -0.31862 0.77927 1.05893
v -0.80683 -1.98755 0.84787
v -0.80507 -1.98878 0.87414
v 0.14523 -2.25232 -0.16121
v -0.61459 -1.59594 0.14758
v 1.09323 -2.17414 0.97844
v -0.91448 -3.18396 0.70196
v -0.39550 -2.53992 0.00499
v -0.08959 -2.40727 -0.16101
v -0.81439 -2.23936 0.36810
v -0.29620 -0.30774 -0.92164
v -0.60431 -1.42829 -0.08531
v 0.46900 -1.62873 0.94831
v -0.80077 0.76706 -0.26411
v 0.65237 1.05627 0.26473
v -0.73580 0.98004 0.14995
v 0.11997 -0.63731 -1.44641
v 0.61878 -1.75249 0.83764
v 0.76784 -0.34337 0.84834
v -0.62323 -0.01248 1.07820
v 0.05924 -1.69712 -0.72679
v -0.03208 -1.71219 -1.08119
v 0.06396 -0.91189 -1.29259
v 0.03882 0.96111 -0.82810
v -0.37059 0.22841 -1.12067
v 0.50770 0.61342 1.06302
v -0.22958 -2.94103 -0.20455
v -0.03303 -2.50151 -0.16906
v -0.85989 -2.12804 1.29303
v 0.66201 -1.35525 -0.17942
v 0.39569 -0.32254 1.10182
v -0.25056 -1.97070 -0.19733
v -1.05643 -0.58002 0.37898
v 1.07865 -0.43384 0.42520
v -1.08187 -0.38022 0.41829
v -0.51109 -1.09550 0.75178
v -0.75302 -1.98515 0.48287
v 0.84974 -0.67396 0.37293
v -0.92373 -0.39414 -0.05660
v 0.80131 -0.96821 -0.00236
v 0.95019 0.35985 0.56563
v 0.91764 -0.47652 0.46473
v 0.25602 0.59102 1.17082
v -0.67178 -1.30194 0.37268
v 0.03916 -0.86613 -1.27731
v 0.82747 -0.88709 -0.06130
v -0.21566 1.22269 0.39264
v 0.93091 0.09203 0.68556
v 0.81367 0.51346 0.83010
v 0.49494 -1.89377 1.15583
v -0.19259 -0.45509 -1.14706
v -0.90143 -0.08826 -0.31419
v -0.83133 -2.30913 0.33370
v -0.93191 -3.08925 -0.07836
v 0.61682 0.83301 -0.57624
v 0.66644 -1.23991 0.55162
v 0.62204 -1.40860 0.01420
v 0.69680 0.29053 1.02648
v -0.72661 0.34218 0.98927
v 0.66676 -1.34620 -0.06742
v 0.93416 0.03654 -0.15841
v 0.84193 0.02682 0.86012
v 0.07993 -0.48840 -1.38184
v 0.95046 -0.02643 0.60369
v 0.39940 -0.53453 -1.00485
v -1.02514 -0.24007 0.14460
v -0.11381 -1.40588 0.99170
v 0.71299 0.25779 -0.81201
v 0.04407 1.12117 -0.54369
v -0.90295 -0.42380 -0.36957
v -0.97841 0.17052 0.49439
v 0.21357 -0.46981 1.07454
v -0.63218 -1.35992 -0.44091
v 0.76700 0.52866 -0.60855
v -0.76097 0.49082 -0.63875
v 0.09771 -1.60465 1.10938
v -0.63832 -2.03587 1.29345
v -0.06664 -1.97486 -0.31874
v 0.15329 -1.79887 -0.42701
v -0.25088 -1.80025 -0.33145
v 0.24072 -1.78651 -0.36038
v 0.36920 0.57328 1.14310
v -0.13172 0.91704 -0.86451
v -1.05386 -2.39743 0.37917
v -1.06864 -0.11018 0.27325
v 0.30792 -1.07865 0.84514
v -0.32882 -1.08932 0.83967
v -0.84500 0.83711 0.27144
v -0.28806 -3.16524 -0.26371
v 0.35430 -1.58127 1.00424
v -0.70883 -1.80383 0.64422
v 0.53085 -1.67150 0.02140
v 0.48700 -1.51220 -0.71490
v -0.66581 -1.28092 0.30316
v -0.45123 -1.54506 -0.76291
v 0.34938 0.33973 1.21101
v -0.34735 0.37803 1.20587
v -0.42728 -1.57379 0.95342
v -0.91660 -3.18345 1.08528
v -0.92356 -0.77851 0.28275
v 0.39570 1.04686 -0.51447
v 0.10725 0.40976 1.24996
v -0.33276 -1.09104 -1.10063
v 0.99578 -2.72924 1.28972
v 1.01698 -0.58829 0.31657
v -1.02585 -0.32346 0.32056
v 0.12404 0.09254 1.26329
v -0.30523 -0.66760 -1.09181
v 0.04797 -0.95342 0.88721
v -0.11567 -0.11846 -1.19421
v 0.96265 -0.24225 -0.04717
v -0.04236 0.84387 -0.94461
v 0.00717 -1.34238 -1.17105
v -0.63605 -0.80482 0.67217
v -0.16215 -0.27057 1.16856
v -0.73558 -0.89699 -0.68518
v 0.74273 -0.84777 -0.70671
v 1.08090 -2.21620 0.63671
v 0.65193 -1.50503 0.63539
v 0.29638 0.92751 -0.79275
v 0.66895 -1.69243 0.67797
v -0.15143 -1.01894 0.87575
v -0.08314 -1.17462 -1.28200
v 0.36578 0.92117 -0.75853
v 0.45092 -0.92571 0.77990
v 0.61837 -2.11222 0.23387
v -0.07837 -0.38159 -1.30845
v 1.09489 -0.13230 0.21145
v 0.73571 0.77351 -0.43939
v -0.26694 -1.83548 1.21427
v -0.00737 -1.22438 -1.26494
v -0.59932 0.82703 0.87221
v 0.76293 -0.93616 0.16229
v 0.93244 -0.14621 -0.17164
v -0.68786 -1.12803 -0.56109
v -1.08892 -0.21497 0.33532
v 0.25309 -2.06537 -0.14585
v -0.52141 -0.85751 -1.04533
v -0.55622 -0.00114 -1.04114
v 0.55617 -1.43839 -0.37371
v -0.38622 -0.01031 1.19538
v -0.26120 -2.73870 -0.11920
v 1.03442 -2.48084 0.30878
v 0.07392 -0.20998 -1.22886
v 0.32381 1.20386 0.34642
v -0.62667 -1.41848 0.11826
v 0.98869 -2.12518 1.10096
v -0.93589 -2.28924 0.41210
v 0.61393 -1.91717 1.07995
v 0.43475 -1.96732 1.28873
v -0.89102 -0.52920 0.46111
v 0.37221 -0.75539 0.85621
v -0.31057 -0.76559 0.87160
v -0.72378 -0.31556 -0.79344
v -0.91455 -0.36155 -0.29615
v 0.68427 -1.16529 0.28553
v 0.22106 -1.17074 -1.23011
v 0.34082 -2.70505 -0.07480
v 0.37631 -1.39012 0.90139
v 0.64841 -3.17994 -0.19308
v 0.74302 -0.83862 0.43209
v 0.74209 -0.37182 -0.79707
v 0.91056 -0.70352 0.11460
v -0.94183 0.30645 -0.09214
v -0.29643 -1.86369 -0.21278
v 0.76474 0.43360 -0.65868
v -0.72488 0.35262 -0.76795
v 0.10292 -0.62379 -1.45944
v -0.27589 -1.66869 -0.57630
v -0.30381 0.00949 -1.15821
v -0.23328 -0.52822 -1.11386
v 1.09381 -2.18232 0.88923
v 0.85956 -0.65295 0.06599
v -0.86524 -0.68679 0.04478
v 0.64737 -0.58461 0.81851
v -0.89088 0.71944 0.17153
v 0.27806 -0.68086 -1.10961
v -0.45924 -1.76203 1.04594
v 0.73651 -0.38480 -0.80567
v -0.77061 -0.62227 -0.74250
v 0.70401 0.70724 -0.58370
v -1.02127 -0.36798 0.33708
v -0.72159 0.88330 -0.27980
v -0.64894 -1.34359 0.61192
v -0.69693 -2.01073 0.35511
v 0.71767 -0.08748 0.99081
v -0.21700 -1.33931 -1.14382
v 0.89524 0.70824 0.39741
v -0.95237 0.43846 0.48877
v -0.30142 -1.94761 1.29289
v 0.89456 0.55957 -0.16687
v 0.08260 1.20961 0.52973
v 0.49992 1.12617 0.45566
v 0.42218 0.52302 -0.98162
v -0.81174 0.89164 0.23540
v -0.11870 -0.65855 -1.45075
v 1.06552 -0.39780 0.24562
v -1.06989 -0.37457 0.23614
v -0.59010 -2.01487 1.28980
v 0.21631 -1.53147 -1.14780
v 0.33300 0.74284 -0.93170
v 0.23358 -1.47872 -1.16655
v -0.63862 0.06484 1.07858
v 0.67683 -1.47812 0.51072
v 0.20341 -0.03717 -1.19786
v 0.67372 -0.66266 -0.89516
v 0.83203 0.42428 0.83545
v -0.81784 0.48913 0.83253
v -0.03724 0.18132 -1.19410
v 0.58013 -1.26025 0.71474
v -0.51021 1.09043 -0.19374
v 0.01628 0.81408 -0.96631
v -0.69773 0.14270 -0.85839
v 0.02119 -1.79917 -0.46523
v -0.34162 -2.76717 -0.09969
v 1.05990 -2.35217 0.42833
v 0.60794 -1.18931 0.67232
v 0.97656 -2.12025 0.77945
v -0.19898 -1.74999 -0.46222
v -0.27256 1.20764 0.42286
v -0.08857 -0.09940 1.22795
v 0.56021 -1.97078 0.15843
v -0.96018 -0.17532 -0.02052
v 0.32639 1.08576 -0.48740
v 0.44958 0.45795 1.14735
v -0.06007 -0.54934 -1.42474
v -0.33393 -1.12730 -1.12254
v -0.13506 -1.73258 -0.53713
v -1.04383 -0.19325 0.05090
v -0.72941 -3.16111 -0.16971
v -0.60990 0.89178 0.79941
v 0.91590 -2.33714 0.36025
v 0.31534 -1.67264 -0.44730
v -0.14091 -0.39101 1.12285
v 0.88842 0.71346 0.11028
v -0.47097 0.68421 1.04870
v -0.82213 -0.93998 0.05021
v 0.56535 0.18538 1.13058
v -0.59932 0.24361 1.10565
v 0.68644 0.94393 0.61659
v 0.73131 -1.86992 0.61016
v -0.96197 0.43493 0.35921
v -0.57555 -1.32288 0.73138
v 0.33106 -1.06397 -1.16912
v 0.36737 -1.06823 -1.14644
v 0.65586 -1.33353 0.01787
v -0.26421 -0.26274 1.15758
v -0.70347 -1.27728 -0.05242
v -0.53795 1.11890 0.38687
v -0.69804 0.25325 1.02975
v -0.36650 -1.79966 -0.15103
v 0.33943 0.46677 -1.05089
v -0.36244 -2.28484 0.00991
v 0.55308 -1.45303 -0.58430
v 0.67625 -1.52916 0.54662
v -0.63983 -1.32929 -0.45972
v -0.18439 -1.33405 -1.14695
v 0.20470 0.32706 -1.13659
v 1.07121 -0.14658 0.13987
v -0.42896 -0.48470 1.01148
v 0.18915 -1.20650 -1.25189
v 0.83874 0.58181 -0.36126
v -0.83983 0.37329 -0.45928
v -0.71686 -1.01497 -0.60855
v 0.95200 -0.42204 0.16484
v 0.79518 -2.02998 0.52529
v 0.34392 -1.03182 0.82916
v -0.22550 -1.68339 -1.07464
v -0.05106 0.26135 1.27480
v -0.96703 -0.11741 0.05523
v 1.01952 -0.24131 0.12718
v 0.94882 -2.98340 1.29222
v 0.66159 -0.90986 0.59644
v -0.65208 -0.87030 0.62511
v 0.26898 -0.68192 -1.12369
v 0.72077 0.99425 0.32250
v -0.61236 -1.82776 0.92701
v 0.44493 1.11592 0.57288
v 0.01073 -0.20910 1.20098
v -0.36711 -1.53426 0.97211
v -0.00600 1.08199 -0.63611
v -0.72343 0.22653 1.00912
v 0.70569 0.24682 -0.82360
v -0.66290 -0.89643 0.59988
v 0.74419 -1.18371 -0.16375
v -0.76622 -1.11844 -0.13791
v 0.25812 0.80098 -0.92612
v 1.01263 -2.62049 1.29161
v -0.28326 -1.08728 -1.12294
v 0.16906 -0.52834 -1.27480
v 0.96091 -2.91722 0.01890
v 0.31635 0.87582 0.99049
v 0.96669 0.33369 0.08933
v -0.77855 -1.04932 0.00742
v -0.56617 -0.68783 0.80101
v 0.18119 -2.44483 -0.11642
v -0.23476 0.93891 0.96105
v -1.03966 -0.22164 0.26314
v 0.59337 -3.17976 -0.20809
v 0.62961 -1.59597 0.71952
v -0.85537 -0.72627 -0.07774
v 0.62009 -0.76838 -0.93497
v 0.26631 -0.55858 -1.05677
v -0.32931 -1.90044 -0.14481
v -0.35945 -1.87081 -0.12087
v -0.67284 -1.76630 0.33923
v 0.73321 -1.87578 0.67067
v 0.62267 -1.67844 0.77824
v -0.79234 -0.96896 -0.23544
v -0.26820 -0.60352 -1.07877
v 0.49895 -1.08718 0.75845
v -0.93994 -2.08435 0.97266
v 0.28848 0.07820 1.23346
v -0.36130 0.06841 1.21438
v 0.62334 -1.88969 0.23692
v 1.06268 -2.35060 0.43852
v 1.07132 -0.15844 0.12255
v 0.57720 1.02353 -0.28651
v 0.63684 -2.19514 0.24111
v -0.66380 -2.18554 0.26656
v -0.15726 -2.42593 -0.13020
v 0.63767 -1.39500 0.18233
v 0.68256 -1.77429 0.37577
v 0.99932 -2.71828 1.05039
v 0.56812 -1.43622 -0.55565
v 0.25469 1.18614 -0.16361
v -0.06494 -0.31565 -1.28141
v 0.25705 -1.66916 -0.61895
v 0.75669 -0.42536 0.81622
v 0.64208 -1.07545 0.61210
v 0.59469 1.08057 0.02189
v -1.07054 -2.30969 1.29238
v -0.03815 -1.00814 -1.32921
v 0.05597 -0.99976 -1.32815
v 0.40809 0.77337 1.02705
v 0.89935 -0.38819 0.57739
v -0.17073 -0.64285 -1.35829
v 0.91238 -3.18088 0.80489
v 0.79871 -2.07555 1.25602
v -0.06407 -1.71144 -1.08407
v 0.96572 -0.17540 0.46589
v -0.11034 1.21824 -0.10505
v 0.61770 -1.81666 0.90542
v 1.09476 -0.14539 0.27431
v -0.55464 -1.45276 -0.56742
v 0.78152 0.58429 -0.53357
v 1.04006 -0.32263 0.43001
v 0.87359 0.64899 -0.15626
v 0.01921 -2.14977 -0.23556
v -0.96561 0.28149 0.53107
v 1.04666 -0.60221 0.35773
v -0.98629 0.01632 0.40325
v 0.15672 -2.14461 -0.18760
v -0.72417 -1.28718 -0.12355
v -0.55968 0.92026 0.81874
v -1.02456 -0.65065 0.36221
v 0.31854 0.60465 1.14680
v -0.36007 0.55201 1.15312
v -0.09833 0.75642 -0.99961
v 0.77844 -0.93063 0.12080
v 0.21810 -0.04993 -1.15939
v -0.18882 -0.08341 -1.15132
v -0.23538 -2.33805 -0.08857
v 0.49555 -0.87064 -1.07486
v 0.69614 -1.78471 0.44044
v 0.70878 -0.86188 0.53010
v -0.73493 -0.81511 0.51222
v -0.84197 -0.47791 0.64488
v -0.76591 -0.85227 0.23896
v 0.16626 -1.35130 0.95682
v -0.17470 -1.40265 0.97909
v -0.89000 -0.13142 -0.36255
v -0.87591 0.77143 0.22607
v -0.93662 0.36780 -0.09881
v 0.31048 -0.93675 -1.17725
v -0.30239 -0.87470 -1.16363
v -0.24488 -3.03598 -0.23419
v 0.58715 -2.01230 0.19797
v 1.03272 -0.26262 0.30042
v 0.59855 -0.84981 0.68728
v 0.18276 -0.23876 -1.00248
v 0.20161 -1.69464 -1.05927
v 0.92223 -0.42776 0.11304
v 0.70829 0.99031 0.00479
v -0.05623 -1.09281 -1.23658
v 0.99799 -0.16379 0.02336
v -1.01114 -0.16498 0.03549
v -0.69193 -0.10535 -0.87734
v 0.51572 -1.48497 -0.51698
v 0.93597 -0.32875 0.49687
v 0.91403 -3.18397 0.61339
v 0.23992 -0.33838 -0.96564
v -0.24176 -0.36013 -0.97844
v 0.75398 -0.52462 -0.83284
v -0.75226 -0.45354 -0.81555
v 1.03048 -0.22117 0.02905
v -0.72946 -0.99921 0.23700
v -0.22555 -0.02596 -1.17677
v 0.22698 1.22730 0.14991
v 0.21566 -0.83188 0.87770
v 0.86609 -2.21869 0.42505
v -0.29739 0.26274 -1.13307
v -0.39284 0.45231 -1.03077
v -0.35462 -1.32670 0.88762
v -0.11740 0.76919 -0.98569
v -0.06262 -2.12290 -0.23869
v -0.09894 -1.78868 1.22148
v 1.04756 -2.43569 1.29158
v -0.50006 -1.49651 -0.69552
v -0.30158 -0.20962 -0.98852
v 0.49271 -1.42658 0.83872
v 0.58223 -1.43272 0.74541
v -0.70634 0.21849 -0.83056
v 0.57156 -1.46637 -0.09041
v 0.07545 -0.21433 -1.22935
v 0.32752 -1.70706 -0.31958
v 0.45020 -3.18444 1.28321
v -0.17454 -0.73621 0.91425
v 1.02074 -2.50931 0.28071
v 0.84336 -2.39637 0.28580
v 0.91388 -3.18277 1.13685
v -0.38033 -1.50247 0.94797
v -0.07276 -2.48975 -0.16104
v -0.69680 -0.82297 0.58512
v 0.63219 0.30166 1.07754
v 0.54107 -0.82709 -1.03466
v 0.89683 0.69345 0.43634
v -0.91228 0.63276 0.45826
v -0.42632 -1.24724 -0.96545
v 0.91005 -0.08909 -0.27691
v 0.19528 -1.07643 -1.18540
v -0.07161 -0.80754 0.90324
v -0.84968 -0.91213 0.08771
v -0.23913 -0.77934 -1.20253
v -0.88429 -0.56100 -0.31608
v 0.86793 0.38575 0.78502
v -0.63435 -0.96379 0.62546
v 1.05412 -0.41198 0.24175
v 0.81694 0.18906 0.90488
v 0.49393 0.93063 -0.61348
v -0.41352 0.74915 1.03939
v 0.03052 0.94416 0.98957
v 0.64568 -0.86986 -0.85322
v 0.88618 -0.74361 0.02180
v 0.66855 0.99163 0.54272
v -0.26571 -0.69801 -1.13875
v -0.74642 -0.47956 0.79874
v -0.02652 -0.58623 1.01972
v -0.36533 0.09041 -1.17759
v 0.14122 -0.14676 1.21065
v 0.70068 -1.10404 0.24739
v 0.68308 -1.17180 0.25017
v 0.78980 0.90610 0.08639
v 0.37546 1.19304 0.21645
v -0.29302 1.05052 -0.60097
v 0.80534 -2.59278 0.15699
v -0.73435 -2.58843 0.13808
v -0.82307 0.75716 -0.18965
v -0.00517 -0.08875 -1.20279
v -0.57934 -1.41911 -0.54593
v 0.61995 -1.17390 -0.67262
v -0.61423 1.06514 0.42652
v 1.05076 -0.59607 0.39022
v 0.68429 0.94312 -0.24168
v -1.05074 -2.42486 1.29150
v -0.18246 1.23703 0.17835
v -0.36043 -1.62545 -0.51030
v -0.96648 0.38911 0.21848
v 0.12893 -1.01199 -1.29688
v 1.08375 -2.21322 1.21362
v 0.43385 1.06019 -0.43409
v 0.49115 1.13936 0.04731
v 0.96130 -2.15463 0.61706
v -0.99299 -2.16854 0.63526
v 0.27874 1.21384 0.36499
v 0.56805 1.07833 -0.08840
v 0.54630 -1.82992 1.02472
v 0.25997 -1.69535 -0.50708
v 0.01782 -3.18279 1.29316
v 0.25477 -0.39207 -0.98751
v 0.69232 -0.31238 -0.79773
v -0.21445 1.02468 -0.69557
v 0.57135 1.02105 0.64493
v -0.48312 1.01037 0.75796
v 0.65072 -1.76994 0.27444
v -0.28165 -0.13639 1.19404
v -0.63571 -1.68249 0.75333
v -0.49217 -0.28304 -0.84502
v -0.09132 -0.75676 0.91756
v 0.44074 0.80133 -0.81720
v -0.42252 0.78435 -0.84786
v 0.24558 0.08684 1.24375
v 0.98564 -0.49122 0.44611
v 0.67474 -1.47813 0.53103
v 0.17227 1.21764 0.46736
v 0.51442 -0.47702 0.97839
v 0.25281 -1.98138 -0.18906
v -0.36542 -0.79129 0.84444
v 0.77633 0.67346 -0.46990
v -0.43139 -2.20641 0.06467
v -0.15056 -1.08433 -1.21208
v 0.66442 -0.32145 0.96088
v 0.04127 -0.87272 0.89527
v -0.66204 0.19887 -0.88035
v -0.63213 -2.38230 0.18974
v -0.01130 -0.92114 -1.29072
v -0.98648 0.16252 0.19368
v -0.07199 -1.21948 -1.26556
v 0.16120 0.44681 -1.11027
v -0.64138 -1.58765 0.69058
v 0.64451 -0.52682 -0.90105
v -1.07573 -0.12970 0.28486
v 1.05364 -0.43773 0.25770
v 0.17383 -1.12988 0.88324
v 0.42625 -1.37246 0.86598
v 0.17361 0.04905 -1.22324
v 0.07730 -1.22200 0.91860
v 0.30878 0.96532 -0.73717
v 0.18781 1.05293 -0.65780
v 0.78730 -0.81292 0.27171
v -0.99453 -0.67811 0.28635
v -0.24596 -0.01075 -1.17778
v -0.21801 -0.02258 -1.20402
v 1.06750 -0.35401 0.23474
v -0.40456 0.87370 -0.78346
v -0.21537 -3.18252 1.29331
v 1.09355 -2.18180 0.97636
v -0.21562 -1.63127 1.10052
v 0.14102 -0.19638 1.19629
v 0.31630 -1.09220 -1.10702
v 0.80813 -0.45386 0.72699
v -0.25193 -1.78843 1.18507
v -0.22544 -1.77808 -0.38842
v 0.79651 -0.76785 0.30861
v -0.78831 -1.96359 0.74898
v -0.78631 0.88597 -0.02259
v -1.01863 -0.57958 0.41476
v 0.93154 -3.08615 -0.07655
v 0.93032 -3.10899 -0.07873
v -0.61909 -1.05132 0.64403
v -0.21883 -0.57369 -1.19495
v -0.39945 1.09819 -0.36825
v 0.23944 -1.60058 -1.11159
v -0.71017 -2.05561 1.29224
v 1.02794 -0.23567 0.15094
v 0.34199 -0.96670 0.82847
v -0.42069 0.77450 1.02084
v 0.82877 -2.01650 0.66571
v -0.41867 -1.56888 -0.81440
v -0.38713 -1.58838 -0.86477
v 0.47072 -2.46216 0.07084
v -0.32104 -3.00746 -0.21205
v -0.29488 -3.02155 -0.22156
v 0.24281 -3.18477 -0.26895
v -0.87436 0.69649 -0.05586
v 0.49117 -0.30253 -0.84367
v -0.30220 0.00279 1.22077
v 1.04068 -2.48142 0.32565
v 0.52494 1.01100 0.71762
v -0.53011 0.99005 0.74800
v 0.53836 0.95850 -0.50673
v -0.54623 0.96926 -0.47489
v 0.28655 0.46391 1.20376
v -0.71093 0.64572 -0.62654
v -0.57820 0.76567 0.93759
v -0.67761 -2.02261 1.25129
v -0.74422 -0.38482 -0.79906
v -0.82611 -2.26975 0.35625
v 0.14733 0.92090 -0.85771
v -0.25806 0.89290 -0.84793
v -0.19111 -1.21447 -1.24805
v -0.15263 -2.52362 -0.13008
v 0.45255 -0.95221 -1.10327
v -0.42014 -0.98432 -1.12849
v 1.02162 -0.42696 0.33566
v -0.40489 -1.01331 -1.13470
v -1.06335 -0.54377 0.39426
v 0.41814 -0.99284 -1.12724
v -0.88940 -0.09463 0.75035
v -0.61973 -3.18253 -0.20571
v -0.83357 -2.06439 0.55568
v 0.01040 -0.33785 1.15127
v 0.45617 -0.82223 0.79454
v -0.46961 -0.80702 0.79190
v 0.75286 -1.99241 1.05050
v -0.13731 0.19237 -1.18636
v -0.50700 -0.80748 0.77052
v 0.54501 -0.59836 0.88112
v 0.53829 0.90714 0.84738
v 0.24614 -0.77676 -1.19231
v 0.97023 -0.13807 0.41046
v -1.03564 -0.49737 0.28128
v 1.02017 -0.50061 0.33290
v 0.88672 -2.05313 0.78496
v 0.80838 -1.98639 0.77682
v -0.59355 -1.84262 0.97786
v 0.81083 -3.18591 -0.10601
v -0.17431 -1.79859 -0.41306
v -0.01620 1.12241 -0.53821
v -0.00711 1.16741 -0.39583
v -0.40911 -1.93049 1.25017
v -0.52588 -1.56809 0.86009
v 0.97353 -2.80700 1.29271
v 0.27614 -0.16788 -1.04027
v -0.72408 -1.84447 0.58343
v -0.72714 0.84593 0.70494
v -0.07831 -0.76215 -1.38997
v -0.66997 0.50613 0.99521
v -0.53162 -1.48438 -0.19939
v -0.60466 -0.48408 0.92288
v -0.12211 -1.81776 -0.42354
v -0.89204 -0.74018 0.03699
v 0.66657 -0.03155 -0.93199
v 0.00602 0.73936 -1.01690
v -0.35781 0.66020 1.10975
v 0.70106 0.08334 -0.85894
v -0.63609 -3.00787 -0.11883
v 0.17364 0.64942 1.16211
v -0.94519 -2.86855 0.03739
v 0.99009 0.10157 0.40447
v 0.10604 -0.72292 0.92973
v 0.91654 -3.17875 0.31791
v -0.30939 -2.11815 -0.06973
v 0.20045 -0.71001 -1.35378
v 0.97763 -0.34500 0.00480
v 0.39460 -1.23655 0.84268
v -0.45122 -1.16883 0.80044
v 0.47491 0.71990 1.02833
v 0.32894 -1.79301 1.15643
v 0.65677 0.80192 0.84245
v -0.62741 0.82973 0.84571
v -0.95829 0.14507 -0.03416
v 0.76171 0.21219 -0.70490
v -0.64832 -1.94895 0.28346
v 0.68943 0.26371 -0.83491
v -0.11180 -0.10491 -1.19788
v -0.35222 -1.11848 -1.10592
v -0.12167 -2.35148 -0.15534
v 0.44421 -0.62934 0.90923
v -0.76048 -0.51153 -0.82356
v 0.52037 -1.61109 0.88621
v 0.60136 -0.22391 -0.86594
v 0.23668 -1.56195 -1.13028
v -0.68941 -1.11435 -0.57327
v -0.61585 -1.03108 -0.79498
v 1.04696 -0.27912 0.32777
v -1.05485 -0.26599 0.32632
v 0.81118 -2.04764 1.15188
v -0.45465 -1.28526 -0.90502
v 0.11002 0.84069 -0.93908
v -0.77524 -3.18602 -0.00541
v 0.91207 -3.18312 0.90931
v 0.81362 0.88635 0.20981
v 0.85000 0.62224 0.69051
v 0.59204 1.09227 0.35098
v -0.55090 1.11424 0.35667
v 0.27015 -2.22016 -0.07927
v 0.68321 -1.01595 0.51554
v 0.65001 -0.03496 -0.95516
v -0.68039 -1.62837 0.57742
v 0.27312 -0.48123 -1.01899
v 1.02783 -2.55052 0.27530
v -0.91509 -3.18324 0.75334
v -0.64614 -1.35002 -0.41249
v -0.71683 0.30371 -0.79373
v 0.71631 -0.90031 0.45521
v -0.11502 0.40722 1.24967
v -0.78995 -0.76870 -0.54267
v 0.90941 -0.44235 -0.30347
v 0.46709 1.06434 0.67980
v 0.50703 0.96198 0.80662
v -0.82219 -0.72344 0.33874
v -0.64369 0.98678 -0.23390
v 0.90420 -0.39964 -0.36554
v -0.30840 -1.05489 -1.19243
v 0.91079 0.58975 -0.02506
v -0.19485 -1.17145 -1.24811
v -0.38630 0.81820 -0.84915
v 0.99206 0.12453 0.31385
v -0.32953 -3.18623 -0.25650
v 0.25769 -2.14703 -0.11003
v -0.70190 -1.12383 0.17309
v 0.28092 -1.65306 -1.01669
v 0.92742 -0.33442 -0.21578
v -0.71803 -1.89109 0.47643
v -1.05893 -0.42233 0.25466
v 0.10610 -1.69455 -0.69303
v -0.07448 -1.70934 -0.63302
v 0.51829 0.22007 1.15388
v -0.31099 1.15133 -0.27098
v -0.08218 -2.81538 -0.19039
v 0.13875 -2.93236 -0.21588
v -0.49532 -0.94393 0.75245
v 0.21774 -3.18362 1.29246
v 1.01561 -0.25242 0.01248
v 0.11371 -0.23896 -1.15663
v 0.71696 0.27870 -0.80019
v 0.70766 0.93821 0.58687
v 0.66087 -1.38351 0.30551
v 1.06370 -0.35288 0.20635
v 1.00135 -0.63724 0.29064
v 0.74850 -1.21451 -0.09043
v -0.98183 -2.12754 0.75986
v 0.78481 -2.17443 0.38170
v -0.23041 -1.34207 0.93802
v -0.59799 1.01369 -0.27064
v -0.58905 -2.81298 -0.02894
v -0.60633 -1.83179 0.19475
v -0.42088 -0.92885 0.79514
v 0.89454 -0.51814 0.13184
v -0.92005 0.48995 -0.10755
v -0.36501 -1.71883 -0.21289
v 0.92033 -3.16497 0.53138
v -0.79812 -0.30232 -0.62250
v 0.99176 -0.31207 0.00478
v -0.30059 -2.01987 -0.11753
v 1.07419 -2.27664 0.52357
v -0.93672 0.34663 0.62455
v -0.58201 -1.59776 0.07902
v 0.09042 -1.71098 -1.07551
v -1.05688 -0.55109 0.41835
v -0.79039 -1.03619 -0.11561
v 0.22540 -0.53608 1.03359
v 0.10091 0.36431 1.26016
v -0.71492 0.80799 0.76826
v -1.02744 -2.55810 1.26730
v -0.38703 0.67257 -0.94048
v -0.24347 -0.48213 1.06309
v 0.67132 -1.98969 1.17952
v 0.07202 1.24883 0.21709
v -0.85912 -2.04325 0.69203
v 0.84258 -2.02026 0.73463
v 0.35813 -2.08164 -0.03129
v 0.01704 -1.90013 1.29298
v -0.04140 -1.90164 1.29292
v 0.12409 -1.90929 1.29186
v 0.78254 -0.96830 0.03754
v -0.51756 0.21246 1.15424
v -0.47217 -1.97805 1.29275
v -0.64965 -1.85257 0.89856
v 0.63475 -1.38291 -0.17022
v 0.69550 0.12352 1.03633
v -0.97499 -0.06409 0.26033
v 0.93564 -0.33341 -0.11910
v -0.55861 -1.25999 -0.73690
v -0.91736 -0.40775 -0.23722
v -0.67877 -2.04484 1.29231
v 0.64306 -1.64889 0.22842
v -0.96599 -0.73647 0.30427
v -0.97907 -0.47098 0.45066
v 0.71102 -2.05554 1.29139
v 0.16441 -1.19071 -1.27229
v -0.41653 -1.32992 -0.94343
v -0.48656 0.59777 1.08124
v 0.15301 -1.08522 -1.21119
v -0.49282 -1.86664 1.12454
v 0.63882 -1.93248 1.07632
v 0.22150 1.12952 -0.44693
v -0.88667 -0.59305 0.41659
v 0.97059 -0.14221 0.46566
v 0.32419 0.92546 -0.77985
v -1.09165 -2.18972 0.74762
v -0.38124 -0.77231 -1.11014
v 0.09885 -1.30475 0.94649
v 0.29766 -2.22841 -0.05362
v -0.31151 -1.74234 -0.29772
v -0.09685 -0.60760 -1.44996
v -1.08105 -0.40265 0.40952
v -0.27829 -1.65594 -0.97590
v 0.71679 -0.33815 0.90797
v 0.76000 0.75637 -0.40205
v -0.01157 -1.86698 -0.40604
v -0.07837 -1.69710 1.17012
v 0.39074 0.21375 1.20888
v 0.17985 0.66459 -1.02546
v -0.09084 1.23651 0.40154
v 0.23777 -1.92575 1.28997
v -0.22731 -1.48284 1.00572
v -0.14001 1.01899 -0.73335
v 0.96755 -0.20627 0.44443
v -0.00031 0.46952 -1.12520
v -0.09059 -1.19968 -1.28597
v 1.05000 -0.41504 0.27110
v 0.24179 0.44772 1.21870
v 0.55919 -0.79887 -1.02291
v -0.70216 -1.03570 -0.62298
v -0.28075 -0.03034 1.21857
v 0.94312 0.04598 0.64780
v -0.87946 -0.56790 0.11850
v 0.88887 -0.57076 0.12974
v -0.05137 0.76632 -0.99602
v 0.87612 -3.16779 -0.12648
v -0.87631 -0.58240 0.11322
v 0.82561 -0.69592 0.36540
v -0.44903 1.16771 0.27512
v 0.47219 -0.95137 -1.06988
v 0.65677 -1.73422 0.74803
v 0.95351 -2.76683 1.29344
v -0.55490 0.48098 1.08528
v -0.66638 -0.07293 -0.92579
v 0.07140 -2.17375 -0.21585
v -0.30335 -1.90294 -0.17721
v -0.08342 -1.00192 -1.31601
v -0.96149 0.27332 0.00676
v 0.33821 -0.02197 -1.11628
v 0.06178 -1.21575 -1.27091
v -0.92061 -2.10510 0.67000
v -0.88200 -0.37802 0.63417
v -0.69456 -0.16366 -0.86722
v 1.05711 -0.17966 0.09578
v 0.51615 -0.90955 0.74073
v 0.31830 -2.68092 -0.07610
v -0.39216 -2.67958 -0.04261
v 0.97893 -0.09928 0.42257
v -0.97903 -0.09396 0.40410
v 0.52186 0.35706 1.13715
v -0.73840 -2.11847 0.36275
v 0.97718 0.19560 0.49701
v -0.94097 -0.30985 0.49287
v -0.87607 -2.14907 0.50368
v -0.86442 0.76123 0.06129
v 0.74534 -1.94800 0.50888
v 0.91099 -2.06422 0.92097
v 1.08939 -2.17338 1.03263
v 0.01783 -1.73694 -0.55215
v 0.66704 -1.44075 0.56790
v -0.67771 -1.44534 0.48416
v -0.50530 -2.75360 -0.02881
v 0.67133 -2.20737 0.26858
v -0.79911 0.84078 0.54873
v 0.18494 1.19940 0.52638
v -0.18116 -1.06970 -1.20904
v -1.05112 -0.17577 0.34959
v 0.21367 -0.36120 1.12733
v -0.12060 -3.18462 -0.26952
v 0.45840 0.02972 -1.12222
v -0.13681 -1.80946 -0.42533
v 0.06160 -1.87439 -0.39336
v -0.12661 -1.69837 1.16404
v 1.06894 -2.32065 0.47516
v 0.43954 -1.62708 0.97295
v -0.39123 -1.61057 1.00006
v -0.80030 0.85492 -0.05624
v -0.55841 -1.43791 -0.58874
v 0.63259 -0.02094 -0.97451
v 0.57619 -1.71023 0.87272
v 0.63547 0.06982 -0.94469
v 0.38355 0.83956 -0.83541
v -0.28986 0.33646 1.22806
v -0.82635 -0.89515 -0.05690
v -0.10342 -1.03119 0.88240
v -0.11379 -1.73498 -0.53997
v 0.72339 -2.00893 1.16422
v -1.01354 -0.29948 0.44140
v 0.40075 0.46392 -1.02186
v 0.87241 -0.56511 -0.38637
v 0.80230 0.02338 -0.61970
v -0.56895 -1.56105 0.03455
v 0.84158 0.63305 -0.30594
v 0.91860 0.30916 -0.19174
v -0.62120 -1.77582 0.85507
v 0.36264 -1.11475 -1.09693
v -0.48690 1.13589 0.01399
v -0.68064 -1.18323 0.39447
v -0.06563 -0.52139 -1.40448
v -0.08333 -0.54521 -1.41351
v -0.37718 -1.08153 -1.11843
v -0.16752 -0.45590 -1.21264
v -0.08231 -1.91098 1.29387
v -0.64383 -0.28827 -0.80475
v 0.66874 -0.29399 -0.79899
v -0.23668 -1.66891 -0.68026
v 0.35261 -1.95814 1.29253
v -0.22717 -1.68706 -0.58575
v 0.90666 -0.46615 -0.19546
v -0.66476 -3.18405 1.29336
v -0.07737 -1.69293 -0.87904
v 0.64772 0.61268 0.96912
v -0.62098 0.59066 1.00107
v 0.97975 -2.30869 0.41885
v -0.52803 -0.57379 0.90776
v 0.66192 -0.56856 0.81744
v 0.12041 -2.74433 -0.16654
v -0.69349 1.00973 0.04966
v 0.68542 -0.64057 -0.88882
v -0.69421 -0.63211 -0.87611
v 0.72080 0.45488 0.96545
v -0.69457 0.46796 0.98527
v 0.24937 -0.76274 -1.22174
v -0.89992 -0.50499 0.13982
v -0.66593 -1.31035 0.55451
v 0.56927 -1.18645 0.71545
v -0.20856 -3.18401 1.29282
v -0.95847 -0.66340 0.17955
v 0.95616 -0.66833 0.17706
v -0.11984 1.24638 0.27441
v 0.78258 -0.78537 0.30699
v 0.32641 -0.28662 -0.89722
v 0.50587 -1.49764 -0.68261
v 0.82504 -2.03318 0.59796
v 1.05266 -0.57650 0.37321
v 0.48033 1.11131 -0.16700
v 0.88062 -0.42645 0.59758
v 0.25524 -2.91245 -0.18859
v 0.23893 1.17216 0.58393
v 0.47491 -2.59157 0.02952
v 0.20372 1.21603 -0.01052
v -0.90508 0.65913 0.09330
v -0.06124 -1.11749 0.89237
v 0.05599 -1.16870 0.90373
v -0.68690 -0.07193 1.01948
v 0.47596 0.65593 1.06018
v -0.97748 -2.83852 1.29291
v -0.29782 -0.34005 1.12057
v -0.93612 -0.37396 -0.04145
v -0.88575 -0.85264 0.15702
v 0.68989 -1.68888 0.43569
v 0.69398 -2.28409 0.25969
v -0.84917 -0.08038 0.82768
v -0.02074 -2.25803 -0.20278
v -0.47715 0.55143 1.10416
v -0.20392 1.06265 -0.62947
v -0.71370 -2.03277 0.37241
v -0.80892 -0.95585 -0.04861
v 0.13767 -2.77529 -0.16938
v 0.80443 -0.97117 -0.02330
v 0.52254 1.13575 0.21276
v 0.06461 -0.27311 -1.25925
v 0.57904 -2.77721 -0.01260
v -0.95534 -0.38036 0.11865
v -0.68968 -0.86485 0.57020
v 0.95987 -0.36931 0.09646
v -0.45210 -0.93882 -1.10654
v -0.69899 -0.58280 0.77211
v -0.08287 -0.49808 -1.38488
v 0.71051 -1.08290 0.20804
v -0.45128 1.05351 -0.42658
v -0.44773 -1.94476 1.25431
v 0.01786 0.11843 1.27138
v 0.42434 0.09067 -1.13213
v 0.50891 -1.20638 -0.85932
v 0.71037 -1.06769 0.24970
v 1.09273 -0.24640 0.34433
v -0.21008 -1.73609 -0.47748
v 0.12361 -1.74264 -0.52396
v -1.09534 -0.25430 0.35342
v -0.37931 0.06124 -1.17797
v 0.37624 0.07066 -1.17939
v 0.14752 0.88810 -0.88992
v -0.75761 -1.18265 -0.07615
v 0.77752 -1.97285 0.57929
v 0.75685 -0.75369 -0.72578
v 0.09037 -0.38976 -1.29358
v -0.73794 -2.37987 0.24524
v 0.85761 -0.67284 0.03772
v 0.96605 0.34500 0.47540
v -0.96133 0.36892 0.48932
v 0.25643 0.04873 1.23699
v -0.22175 -2.10677 -0.15553
v 0.71228 -2.09447 0.34272
v 0.21647 -1.00091 -1.24924
v -0.41623 -1.90608 1.21802
v -0.53635 1.03554 -0.33377
v 0.79627 -0.79565 0.28505
v 0.37836 -1.09863 -1.08534
v 0.22544 -1.84737 -0.31569
v 0.20817 -0.71483 -1.33825
v -0.16183 -0.72223 -1.36592
v -0.85663 -0.04458 0.82335
v 0.09502 -1.40190 0.99290
v 0.22696 -0.21462 1.17934
v -0.65978 -0.46814 0.88677
v 0.50246 -1.83223 1.07429
v 0.31272 -1.84311 -0.20488
v -0.52243 -1.82341 1.04336
v -0.71437 0.49078 -0.72232
v 0.78091 -0.29335 0.85508
v 0.88636 0.11771 0.79289
v 0.07405 0.04521 -1.23106
v -0.31496 1.08864 0.73620
v -0.50012 0.96762 0.80453
v 0.87558 -0.87658 0.15241
v 0.62604 0.96978 -0.32461
v 0.60889 0.45023 1.05957
v -0.74919 -1.91306 0.60854
v 0.37177 -0.74011 -1.10121
v 0.81778 0.61253 0.76898
v 0.45400 -0.78784 0.80786
v 0.03016 0.17554 1.27514
v 0.36918 0.22601 -1.12204
v 0.96902 0.23684 0.04126
v -0.19246 1.02029 0.88381
v 0.05248 -2.38920 -0.17344
v 0.46757 1.16165 0.22925
v 0.71027 -1.30836 -0.16717
v 0.67769 -1.69340 0.35901
v 0.06472 -0.38789 -1.31841
v 0.64273 0.20547 1.07878
v -0.14856 -0.24424 -1.08487
v 0.13500 -0.84565 0.88976
v 0.74912 -0.79905 -0.72598
v -0.35199 0.63832 -0.97454
v 0.35356 1.12662 0.62863
v 0.73674 -0.84120 -0.72144
v -0.35217 1.12206 0.64132
v -0.68004 -1.84274 0.81914
v -0.28518 -1.75954 -0.32612
v -1.05278 -0.10607 0.20843
v 0.89522 0.49224 -0.21820
v -0.86348 -3.13726 -0.12203
v -0.67379 -1.37865 0.40346
v 0.82874 -2.08453 0.51534
v 1.06725 -0.18484 0.33762
v -1.07032 -0.18393 0.33328
v 0.22818 -1.53831 1.03699
v -0.89360 -0.42478 -0.42104
v -0.77567 -0.86523 0.21708
v 0.94770 -0.26213 -0.07417
v -0.82569 -0.68061 0.41596
v 0.82603 -0.69337 0.36992
v -1.01941 -0.50656 0.33783
v 1.00766 -0.27101 -0.00165
v 0.77610 -0.97336 0.05244
v -0.75680 -0.99163 0.12821
v -0.83233 -0.92256 -0.00024
v -0.67385 -1.28017 0.49962
v 0.74199 -1.90529 0.57643
v 0.91915 -3.17232 -0.01797
v 0.52462 -0.74462 0.79001
v 0.73052 0.87154 -0.28367
v 0.55509 -1.48129 0.79421
v -0.91221 -0.30248 -0.29079
v 0.90517 -3.18235 1.16133
v 0.33034 -1.13528 -1.12489
v 0.68108 -1.18159 0.30331
v 0.64766 -1.07948 -0.69688
v -0.66545 -1.18664 -0.55072
v -0.62113 -2.31037 0.20521
v -0.09191 0.99493 -0.77966
v -0.05802 -1.73992 -0.54287
v -0.61625 -1.33239 0.67487
v -0.31385 0.05971 -1.20144
v -0.35183 -1.65921 -0.36412
v -0.02833 -0.14731 -1.20976
v -0.13704 -1.71469 -0.58908
v 0.93743 -0.41453 0.14085
v 0.92003 0.61768 0.43720
v -0.92605 0.57385 0.47369
v -0.66092 -1.74564 0.29939
v 0.70546 -1.85701 0.45057
v 0.71849 0.87150 0.68282
v 0.65922 0.40039 1.03527
v 0.12765 1.23833 0.36865
v -0.94815 0.02465 0.62619
v -0.26537 -3.18493 1.03486
v -0.08759 -1.41474 0.99931
v -0.81464 -2.03768 0.55765
v 0.95173 0.24066 0.60500
v 0.16949 -1.38825 0.97291
v 0.47121 -1.80234 1.07069
v 1.01750 -2.60134 0.22585
v 0.73087 -0.29144 -0.77832
v 0.63295 -3.08528 -0.15941
v 0.24790 -0.40968 -0.99856
v 0.27020 1.16060 -0.28346
v -0.36454 -1.06223 -1.15450
v 0.22301 -0.15565 1.19864
v 0.61337 -0.28871 -0.81343
v 0.66135 -2.03854 1.29115
v 0.89946 0.65751 0.04267
v -0.07507 -0.49319 1.07525
v 0.22778 -2.72423 -0.12745
v -0.12969 -1.08520 -1.21750
v 0.83281 0.53863 -0.41128
v 0.83403 0.71554 -0.22630
v -0.84367 -0.39273 -0.55205
v -0.87377 0.03551 0.80710
v 0.19593 -2.79635 -0.16034
v -0.40662 0.80752 -0.84163
v -0.08216 0.16763 -1.19657
v -0.23414 -1.73055 -0.45936
v -0.91085 -0.46483 0.14409
v -0.79194 -0.57338 -0.68916
v 0.06006 -2.67935 -0.16954
v -0.08364 -2.62192 -0.16034
v -0.86996 0.28613 0.80820
v 0.07072 -2.60100 -0.16097
v -0.06656 -2.58377 -0.16080
v 0.67988 -1.95499 0.34164
v -0.66452 -1.34067 0.32329
v -0.97002 -0.06457 0.06279
v 0.75288 -2.46327 0.20958
v -0.74702 -2.45664 0.21073
v -0.50063 -1.70264 0.96149
v 0.60985 -1.42249 -0.07377
v -0.62192 -1.40667 -0.06120
v -0.43403 -0.34965 1.07811
v 0.69165 1.01377 0.06842
v -0.65354 -0.05273 -0.94606
v 0.36061 -0.06461 -1.07404
v -0.41350 -1.58323 -0.47771
v 0.00080 0.88945 -0.90484
v -0.70835 -2.05952 0.35197
v 0.49490 -1.58900 -0.09157
v -0.51180 -0.25920 -0.86553
v -0.85024 0.81085 0.12877
v 0.40389 1.17797 0.37111
v 0.87683 0.46482 -0.30167
v 0.88251 0.61013 0.61466
v -0.24727 -1.93461 1.29333
v 0.20250 -1.92560 1.29314
v -0.01778 1.24023 0.39810
v -0.83605 -0.17806 0.82203
v 0.46885 -0.92188 -1.09491
v -0.55910 -1.43570 -0.37437
v 0.44193 -1.28202 0.83011
v -0.65235 1.04516 0.05616
v 0.90228 0.64234 0.50236
v -0.88477 0.68645 0.52363
v 0.26717 -0.70693 -1.12627
v 0.66187 0.91418 0.71135
v 0.75002 -1.02873 0.10399
v -0.07235 1.11299 0.76369
v 0.58540 -2.86923 1.29355
v 0.16466 -3.18613 -0.13977
v 0.26187 -0.75167 -1.17489
v 0.28658 -1.17182 0.86590
v -0.58882 -0.76322 0.73627
v -0.68004 -1.18544 0.45195
v -0.10619 -1.13294 0.89262
v -1.03764 -0.24270 0.26007
v -0.96633 -0.14475 0.01085
v -0.44332 -2.48003 0.04881
v -0.62425 -1.50370 0.69780
v -0.02300 -1.70137 -0.98599
v -0.72946 -3.18576 -0.16891
v 0.59888 -1.93385 1.12876
v 0.05762 -2.26216 -0.19339
v -0.12693 -0.58181 -1.37604
v -0.52470 1.09654 0.51541
v -0.27633 -0.28983 -0.91970
v 0.08562 -1.84659 -0.41086
v 0.56037 -0.54203 -0.94550
v -0.55274 -0.49673 -0.93273
v -0.38507 -1.10609 -1.08033
v 0.58853 -1.84061 0.98247
v -0.41761 1.16738 0.41540
v -0.63290 -0.52405 -0.90619
f 315 24 1925
f 4363 1293 2087
f 431 208 492
f 492 521 341
f 2659 4395 1174
f 19 2925 425
f 492 254 285
f 295 425 2610
f 34 4363 2087
f 315 1925 4550
f 34 1061 4363
f 1061 52 4363
f 1458 3797 19
f 459 461 492
f 3430 87 3048
f 4635 2675 2457
f 492 101 1849
f 4488 1863 1572
f 492 1512 101
f 2168 791 315
f 530 1271 1862
f 492 208 254
f 236 478 4302
f 608 2649 492
f 140 2274 3844
f 516 1849 140
f 3225 4892 599
f 1824 52 1061
f 426 425 295
f 1629 99 3655
f 425 679 2610
f 52 1808 3621
f 96 1045 475
f 3415 1840 1750
f 3135 1293 1812
f 555 431 492
f 508 1440 492
f 3844 4892 4500
f 99 4892 1991
f 99 1991 1275
f 52 3280 1808
f 1572 1863 801
f 208 579 1388
f 25 4488 1572
f 983 1793 4962
f 4563 492 219
f 997 19 425
f 1440 555 492
f 2649 2388 492
f 315 162 3672
f 461 608 492
f 221 2539 425
f 2925 666 425
f 3048 96 255
f 2422 236 4302
f 579 267 3112
f 2057 4488 2065
f 208 431 579
f 1403 4434 1862
f 307 1383 1271
f 949 602 2735
f 52 295 3280
f 1824 4948 52
f 3198 52 4948
f 2570 96 2363
f 791 344 2659
f 162 315 2326
f 87 1680 3048
f 254 801 2476
f 801 1863 2476
f 2384 4961 1589
f 4961 1293 3135
f 255 96 1520
f 3415 4961 171
f 99 1629 334
f 1750 2561 2079
f 492 341 508
f 344 791 3163
f 4125 2675 4635
f 66 492 516
f 516 492 1849
f 492 1057 219
f 478 459 492
f 478 492 2866
f 638 791 2168
f 1790 66 161
f 1271 1383 1124
f 1124 385 1271
f 791 4865 4376
f 208 1388 1572
f 4706 295 52
f 813 997 425
f 3810 935 478
f 478 2866 4302
f 255 2456 1890
f 1863 3844 2274
f 101 1863 2274
f 102 426 295
f 1960 425 426
f 3044 3394 3144
f 498 4488 2057
f 826 2457 2498
f 759 3414 478
f 785 2659 344
f 579 451 267
f 3414 459 478
f 1860 1020 1040
f 3460 2457 2675
f 471 4892 3225
f 96 475 2363
f 4161 2354 2044
f 2665 492 66
f 1057 492 2665
f 1828 496 1040
f 425 666 1790
f 52 538 4363
f 1589 4961 4531
f 3430 4531 170
f 2388 521 492
f 1271 385 302
f 4892 537 3621
f 52 540 538
f 2363 900 2570
f 425 595 559
f 3622 3460 2355
f 1614 4395 2659
f 599 4892 3936
f 4488 742 4962
f 692 2422 235
f 235 4302 2866
f 1862 1076 530
f 2354 1356 462
f 1174 2871 1040
f 344 3163 1524
f 1572 801 2939
f 3414 759 3731
f 1623 3460 3622
f 742 2639 4962
f 2675 4125 836
f 1873 785 344
f 2200 785 1873
f 2539 813 425
f 1950 2675 836
f 1950 836 4125
f 2044 3941 4161
f 1991 1808 1275
f 3621 1808 3623
f 3054 907 1141
f 349 2665 4750
f 341 947 508
f 425 1790 3328
f 295 4713 3280
f 2065 25 1004
f 1388 25 1572
f 25 2065 4488
f 1756 1458 19
f 2964 2127 3545
f 791 4376 1912
f 3701 2899 4540
f 3236 461 459
f 4027 426 4947
f 462 2389 1950
f 3936 99 334
f 583 3471 3460
f 3694 4599 461
f 4706 52 4573
f 2285 2284 2964
f 1620 4707 2693
f 1925 24 1151
f 1284 826 2498
f 1162 52 3621
f 2728 1828 1040
f 4563 2866 492
f 531 608 461
f 2197 2672 3047
f 1293 4363 291
f 2721 3792 384
f 1962 2310 4488
f 287 4434 1403
f 1388 579 2734
f 99 1275 3095
f 1293 4961 3460
f 582 1293 3460
f 3731 935 2225
f 759 478 935
f 783 3359 2579
f 3737 1325 204
f 2338 235 1458
f 1756 19 997
f 24 2713 1248
f 1541 1924 268
f 3867 1059 3648
f 1320 4005 3854
f 4961 3135 4531
f 2570 2079 2561
f 1040 1020 4161
f 1020 2354 4161
f 1174 805 1943
f 2065 1004 2734
f 2268 4136 1403
f 4801 1984 2222
f 3247 1774 3284
f 24 1248 1151
f 497 4968 3943
f 235 2422 4302
f 3460 2675 1450
f 759 935 3731
f 432 4633 3131
f 302 385 905
f 385 4228 905
f 1704 53 1292
f 442 3392 1919
f 1245 2468 2181
f 3466 2181 3121
f 492 285 1512
f 2456 171 2384
f 521 3921 341
f 114 1416 1403
f 1138 2203 3674
f 897 4677 869
f 2972 1873 1524
f 1708 1525 4358
f 991 1116 374
f 1962 4488 3112
f 3112 4488 498
f 4007 457 1621
f 2044 1549 3941
f 2461 1952 2047
f 2356 1176 26
f 4973 3823 4488
f 208 1572 2939
f 666 66 1790
f 4109 2498 597
f 2498 2457 597
f 164 4798 3148
f 4804 151 2678
f 564 134 4744
f 1223 3452 2841
f 34 3038 2984
f 1614 2659 1229
f 1790 161 3328
f 3737 69 1625
f 1187 1040 496
f 1173 531 461
f 2187 2368 1587
f 1100 4216 965
f 1855 134 4567
f 762 3085 2249
f 1977 151 1641
f 3810 2285 2964
f 4757 859 4830
f 4161 3941 1654
f 667 1423 64
f 3728 4782 3916
f 261 1675 420
f 1680 2490 3048
f 2558 1636 2266
f 3637 3109 954
f 3187 146 1824
f 745 988 53
f 184 2224 2696
f 3194 4063 3900
f 4063 4702 3900
f 1622 4673 1204
f 1750 2811 2561
f 1708 2981 683
f 965 4361 2335
f 2721 384 656
f 4892 153 537
f 153 4892 4730
f 2338 692 235
f 2570 900 296
f 201 1709 3665
f 3214 2327 1741
f 4892 99 3936
f 4713 99 3280
f 2442 4136 2268
f 1551 4417 3216
f 1551 3216 3823
f 709 1836 155
f 4892 3645 4730
f 1862 302 3430
f 3430 255 1890
f 498 2057 441
f 1608 945 1058
f 3964 1737 313
f 3357 1718 4861
f 1520 96 1767
f 805 1208 591
f 591 1943 805
f 1694 2533 3670
f 1440 1778 555
f 869 591 3588
f 3942 4538 3816
f 282 2399 2311
f 2268 1403 1862
f 1202 3175 1788
f 2356 1792 3707
f 4517 2716 4488
f 1622 3060 4777
f 2476 1863 1797
f 2285 236 2578
f 4653 4075 3531
f 171 2456 1881
f 1991 3244 1808
f 1293 291 1812
f 2567 2676 1813
f 847 4356 797
f 3472 826 1284
f 4174 3318 1774
f 2381 234 1736
f 4047 1472 2999
f 2630 1442 1832
f 431 2387 579
f 2161 4512 2187
f 3393 4362 98
f 4067 1968 4417
f 3900 2224 2717
f 593 452 4177
f 1441 4284 4771
f 1187 1860 1040
f 1173 461 4599
f 2443 4082 4415
f 3843 4661 4364
f 897 1869 4677
f 3665 1284 2498
f 1892 4584 997
f 574 593 2935
f 755 4446 1056
f 3047 2672 1878
f 591 869 4053
f 517 2524 3220
f 1032 4107 1715
f 150 4510 1882
f 1292 1621 1493
f 4036 1892 813
f 3839 3840 2084
f 4496 3761 4450
f 3761 3637 4450
f 3761 1895 3637
f 889 3851 1870
f 2539 730 813
f 3349 760 2087
f 1761 224 4876
f 3191 2793 2649
f 2693 1898 1620
f 2831 668 3741
f 4926 3323 716
f 1899 3682 4048
f 27 2776 633
f 2212 1102 1581
f 3209 1904 4962
f 4434 1076 1862
f 1226 483 4067
f 4576 2539 221
f 1037 3507 3865
f 3658 3760 202
f 6 4798 1914
f 2603 3973 4851
f 1923 4805 1405
f 1548 3932 3726
f 1761 2807 224
f 4284 3600 1754
f 1524 1873 344
f 964 1193 893
f 4657 1944 1259
f 2965 1128 3802
f 4227 1886 3294
f 1479 1596 2517
f 1953 1092 3496
f 3505 791 1912
f 791 3505 2399
f 1251 112 4304
f 2496 363 4704
f 1621 3539 3561
f 1176 2356 1956
f 4131 3727 920
f 4635 826 4440
f 4635 2457 826
f 3830 1706 1245
f 19 1057 2925
f 3088 2106 2241
f 4106 80 1830
f 1641 109 1967
f 592 2193 1278
f 4831 2966 2374
f 3701 2215 378
f 2925 4750 666
f 4356 123 2629
f 797 4595 2789
f 2707 2541 3957
f 1700 4923 271
f 2885 3278 3495
f 3507 961 3865
f 2530 3139 1201
f 1985 1751 480
f 357 4323 2969
f 2456 255 4254
f 2648 4561 189
f 3636 2433 2791
f 2196 3451 555
f 2732 1642 2307
f 4958 174 2178
f 2968 1995 1076
f 4535 3585 3498
f 4982 2496 1488
f 2258 1948 2486
f 1492 1011 1650
f 4898 1229 1952
f 2187 2978 1888
f 4341 745 53
f 2769 2017 2019
f 1821 2740 1919
f 4804 2024 151
f 4434 2968 1076
f 4647 509 4233
f 1343 4182 404
f 2249 2427 2104
f 3900 4790 2250
f 205 3671 439
f 1666 2931 502
f 499 4299 4086
f 1533 3153 2333
f 3128 4823 464
f 803 2187 3540
f 4467 174 4426
f 2038 312 3229
f 4667 1103 3700
f 4177 3859 2935
f 2249 3886 2427
f 53 726 1804
f 1642 3794 1626
f 3639 3162 4497
f 94 3615 4054
f 3152 4984 1928
f 940 3213 3782
f 4541 3324 1865
f 4064 3582 1488
f 3817 1413 4927
f 367 3147 2376
f 3798 2070 989
f 3216 3671 205
f 3143 4777 2777
f 3304 2350 1407
f 2219 1653 903
f 2526 3682 3242
f 4390 783 3864
f 4924 1340 4921
f 441 579 498
f 1416 114 460
f 145 4251 1064
f 1962 483 2165
f 2084 2985 347
f 163 2511 4402
f 178 1661 4557
f 3374 2087 1270
f 1270 2087 1293
f 2057 2065 441
f 2855 2671 4222
f 919 3069 3317
f 2528 56 4416
f 4647 3211 4154
f 3669 2025 1315
f 4520 523 550
f 2047 2659 785
f 886 2106 3651
f 1145 3190 2801
f 4081 4082 2443
f 2110 1031 2996
f 3919 4194 200
f 1582 3741 23
f 248 1120 2240
f 4628 2048 4451
f 1492 2115 4293
f 4294 2196 437
f 4294 2599 2196
f 3111 1576 1686
f 1386 1928 4984
f 3569 3738 4382
f 1210 2360 715
f 2872 4646 2174
f 4662 4782 3705
f 4135 4968 769
f 3545 2127 3866
f 786 2732 2307
f 4526 2850 4075
f 1472 3536 2873
f 2801 3608 2896
f 3577 891 3906
f 4118 3577 3906
f 1756 2127 1458
f 2459 1282 790
f 267 1962 3112
f 3919 1798 2362
f 430 3295 2751
f 2750 2012 2424
f 4273 4044 3343
f 1065 2608 4923
f 3608 2292 910
f 2132 566 95
f 4116 3456 2133
f 4072 1748 4907
f 2203 2135 3590
f 3954 55 3104
f 223 2410 3016
f 2168 3442 638
f 4030 2374 4944
f 3855 354 1941
f 4985 3157 2836
f 773 1928 4057
f 369 2141 1973
f 241 4032 3461
f 3363 3406 306
f 2241 4444 2147
f 4943 3925 3461
f 3934 3644 1625
f 4353 2086 2757
f 701 883 2739
f 769 4968 1637
f 1367 476 1814
f 161 559 595
f 1322 1926 4458
f 2155 1031 765
f 2961 3892 532
f 89 2305 1482
f 2305 89 2143
f 783 3281 3979
f 1109 3281 783
f 2459 3178 2900
f 1844 1770 4485
f 2730 3719 3807
f 1412 1587 3748
f 4898 2162 1229
f 2852 2541 93
f 2163 2157 4922
f 740 533 243
f 2163 4922 1249
f 1599 1741 4300
f 4865 909 1076
f 1990 3175 155
f 1859 3171 88
f 3171 3808 88
f 315 3672 2168
f 19 219 680
f 19 3797 219
f 3773 1861 2015
f 2379 2173 4646
f 2405 4533 1933
f 2878 1833 1758
f 3462 1036 2639
f 3837 2327 3457
f 2176 505 1958
f 783 2177 1179
f 2434 1825 1201
f 3237 103 1097
f 2569 3789 2745
f 2424 926 1304
f 1116 991 1942
f 1587 2161 2187
f 1387 4778 2773
f 758 910 401
f 2040 2996 2747
f 3362 1734 262
f 979 1201 816
f 3498 2824 4113
f 2858 2927 553
f 3128 464 3373
f 2404 2499 555
f 2404 2462 2499
f 1317 3218 2642
f 1757 3772 2742
f 3343 3491 1503
f 947 2518 508
f 2140 4376 4865
f 878 2538 1113
f 137 1479 1856
f 408 489 94
f 1853 489 408
f 2888 488 975
f 413 1768 1020
f 1887 2202 4857
f 4383 3445 2203
f 4503 2929 3587
f 4035 2308 2204
f 3804 2671 3759
f 1995 835 1076
f 4149 3731 1194
f 3665 2498 4109
f 3086 2424 2208
f 2151 3267 4867
f 2890 1973 2392
f 1368 641 582
f 3918 868 2380
f 2211 3917 2936
f 2549 2015 3684
f 3926 230 2716
f 2314 3760 2998
f 3644 904 1769
f 425 3328 595
f 4178 3481 2441
f 3314 972 4193
f 1973 2460 3847
f 4763 1172 3098
f 2084 2223 3063
f 2808 473 1018
f 2227 3782 216
f 4029 1474 2004
f 3672 2271 245
f 2231 182 1870
f 1167 173 4585
f 1976 960 727
f 2779 3885 4625
f 2889 2237 1261
f 2678 4726 2240
f 1857 2241 2106
f 2311 4128 282
f 2750 4518 3974
f 4518 2750 911
f 1664 4435 4448
f 3 940 3782
f 206 2405 4218
f 385 2117 3541
f 3433 762 2249
f 1023 320 1680
f 4473 2711 1545
f 579 3112 498
f 291 4363 3645
f 116 3542 3765
f 2490 320 1023
f 4107 4969 300
f 1011 1492 2047
f 3330 3336 1303
f 3726 4938 1251
f 2459 2900 761
f 2174 4646 2173
f 1837 1645 4007
f 1238 3119 620
f 1264 736 1802
f 2494 463 1017
f 4044 4273 3886
f 161 2148 2911
f 161 2911 559
f 2367 2268 1904
f 790 4479 984
f 563 2367 1904
f 2690 4479 790
f 2063 3471 583
f 106 3826 362
f 4168 28 631
f 3317 4589 919
f 3918 121 1613
f 1613 2842 3918
f 1055 744 2278
f 850 1704 457
f 3323 3752 3252
f 885 2180 2306
f 294 1639 1051
f 3582 4982 1488
f 2284 2285 2578
f 37 500 3257
f 2739 883 2287
f 1887 3294 2202
f 859 3841 2291
f 3605 3308 1235
f 3605 3708 3308
f 3263 1563 2432
f 4653 4526 4075
f 3281 1326 502
f 1601 2295 3551
f 3709 3525 4566
f 4542 743 3834
f 2113 3412 4367
f 2496 4126 4064
f 2496 3940 4126
f 3850 880 1327
f 61 1217 2836
f 3963 18 4156
f 651 3740 4897
f 3536 658 1771
f 3536 1472 168
f 2750 4570 420
f 3984 82 1770
f 2080 2308 4035
f 1668 449 3052
f 3379 2080 4035
f 2196 2599 3451
f 2977 2309 3470
f 1524 3163 4128
f 2977 975 2309
f 3059 4376 2140
f 1960 221 425
f 296 900 1505
f 1103 3719 3700
f 1962 2165 2310
f 1530 2452 4196
f 293 2314 1353
f 3384 4501 1060
f 4253 2317 3375
f 4303 2593 4733
f 2319 4317 4498
f 1683 1154 3944
f 2673 466 757
f 2673 2605 466
f 4375 239 1912
f 4531 3135 3609
f 3381 2549 2429
f 847 797 2789
f 3923 2203 1138
f 1555 1905 1721
f 4928 1715 2715
f 4107 2715 1715
f 4585 4152 2761
f 589 3641 2146
f 4549 2330 3230
f 1880 1747 77
f 3392 790 1684
f 2679 3916 2332
f 2679 2332 517
f 2333 518 1395
f 3867 3977 1575
f 1060 1343 4952
f 2191 2421 2820
f 2421 2382 2820
f 693 517 1543
f 1120 2678 2240
f 2583 4035 4523
f 4819 765 687
f 4753 1734 23
f 2970 220 4267
f 3586 3353 1661
f 824 2738 636
f 3556 623 2246
f 3054 1141 2858
f 517 4803 406
f 2193 2352 2840
f 4432 1221 22
f 4605 588 3529
f 588 4605 2820
f 1775 2705 3789
f 4605 3529 2581
f 170 1812 4316
f 1862 1271 302
f 3569 4382 2334
f 812 661 1266
f 1176 4005 2092
f 433 2353 2974
f 2739 1807 2131
f 2801 4439 1507
f 3328 161 595
f 2354 2355 1362
f 4892 170 751
f 4892 751 3645
f 291 3645 751
f 3817 3931 1413
f 2024 1641 151
f 2944 3284 959
f 3891 451 579
f 597 596 1709
f 201 597 1709
f 1636 2558 938
f 4035 3115 4523
f 2006 3121 1171
f 2363 475 784
f 1798 2844 912
f 1007 2728 4554
f 4712 3514 1201
f 2368 1576 3748
f 3014 4467 1805
f 2367 2442 2268
f 164 375 3114
f 2596 940 3003
f 1463 940 2596
f 2084 3519 3271
f 3840 3519 2084
f 1237 4135 769
f 2373 2532 4156
f 3497 2370 2533
f 1565 2664 1527
f 1129 3017 1097
f 3098 539 4539
f 1242 1457 1409
f 2379 2333 1395
f 176 918 379
f 4467 3085 3433
f 1093 2381 3915
f 2756 1666 3477
f 588 2820 2382
f 4675 2383 1735
f 3326 4341 2238
f 2237 4684 3761
f 2385 2776 27
f 2229 2385 27
f 3550 558 3250
f 3652 1122 481
f 4 2700 4664
f 3638 338 3953
f 1212 2060 818
f 3103 965 4216
f 644 4327 3516
f 623 3556 4755
f 3338 3702 965
f 217 464 3902
f 489 2913 4047
f 3873 2060 4080
f 4540 2899 690
f 4680 2397 1870
f 1251 4938 112
f 680 219 1057
f 2400 3229 312
f 823 491 875
f 1188 1030 3383
f 54 241 1559
f 1840 2821 1520
f 3249 2686 4663
f 3249 4167 2686
f 3480 98 4362
f 1249 4921 3483
f 1557 2824 3498
f 4192 1540 1309
f 541 1949 3767
f 2646 3932 333
f 3932 4386 333
f 1670 182 2278
f 4352 226 3996
f 4042 2086 1800
f 4939 57 543
f 2746 2175 3092
f 4069 993 1233
f 3483 1772 4720
f 802 2985 3647
f 2796 3618 2757
f 1373 2757 3618
f 3688 3322 4649
f 4650 740 243
f 254 2939 801
f 619 2936 4002
f 198 4284 4205
f 4003 2409 1640
f 322 2 4004
f 4213 2888 2977
f 1435 1793 2198
f 42 812 2216
f 2216 812 1668
f 881 3366 1601
f 4280 3756 3041
f 2705 420 3154
f 2086 4042 3814
f 462 2044 2354
f 2044 462 1950
f 1074 2834 4219
f 2375 2190 1577
f 2351 3334 3201
f 4593 3083 3137
f 2613 1026 3747
f 2970 2633 2425
f 3026 312 1167
f 4153 869 2871
f 4261 2428 1580
f 4033 3218 1317
f 1329 1543 4190
f 4255 3446 736
f 870 798 4904
f 554 4323 3397
f 530 1076 1656
f 3594 4886 627
f 1413 1377 1536
f 401 2292 2801
f 1242 2434 1201
f 3329 1634 746
f 4981 2435 534
f 409 4447 386
f 4661 1408 82
f 4524 3421 376
f 3530 4000 765
f 4858 1708 3870
f 3558 2444 2947
f 798 2445 1945
f 378 3731 2899
f 4356 2439 3906
f 821 3695 1700
f 2903 4335 3446
f 834 4648 928
f 20 3679 1702
f 4961 2457 3460
f 2457 4961 597
f 55 987 2788
f 4505 342 2902
f 4505 1046 4017
f 1212 1431 2644
f 3212 356 1078
f 1492 2056 2461
f 2260 2465 3158
f 1135 1559 2467
f 2467 1559 1652
f 568 1264 1322
f 2257 1134 1352
f 962 177 3299
f 4038 1314 3205
f 49 3108 1564
f 296 2079 1592
f 3476 3581 3791
f 729 1197 2159
f 3427 707 2199
f 1512 285 2476
f 1350 3310 2829
f 3562 4934 2210
f 2479 677 125
f 700 104 1880
f 3044 3309 2606
f 3048 1044 1045
f 4314 581 4983
f 3450 1913 3054
f 3927 2054 3763
f 4431 3795 2660
f 3789 2705 3154
f 3270 2486 166
f 2965 45 1810
f 1810 45 1285
f 4495 105 529
f 902 3467 4966
f 828 2486 3270
f 268 3358 30
f 4037 4039 4480
f 1774 3318 4033
f 1500 829 535
f 1616 829 1500
f 1886 4173 3294
f 220 2970 3898
f 4173 1029 3294
f 1472 4249 4137
f 393 2775 2601
f 4518 1775 3974
f 1037 4757 2680
f 918 4543 1900
f 4185 735 613
f 735 1077 4513
f 4392 37 930
f 414 3878 3454
f 2676 297 2501
f 1843 1208 4069
f 519 3985 2890
f 1320 279 345
f 2721 656 4538
f 45 2160 2819
f 2440 3081 3763
f 2524 2506 4334
f 772 1003 2242
f 293 586 2314
f 1231 2697 3359
f 1902 1323 1853
f 3482 4106 2937
f 3673 4273 2683
f 648 1498 1746
f 923 3522 2086
f 341 343 947
f 3779 3733 3920
f 3200 2383 1081
f 1418 4931 1507
f 3463 3632 222
f 3463 222 4928
f 2512 2915 4617
f 1803 505 618
f 4060 2513 584
f 4385 4788 3009
f 1527 1167 4585
f 186 3842 2234
f 3756 712 3041
f 1024 1335 3654
f 3654 1335 3750
f 1539 3053 2633
f 1840 1520 1767
f 3705 4782 1606
f 1654 3472 3665
f 1778 2518 2462
f 1688 4627 2465
f 4627 2052 2465
f 501 1900 849
f 752 4661 1397
f 1213 68 4902
f 4173 1886 4227
f 305 2513 1032
f 1072 1984 3792
f 614 79 2301
f 1660 499 2438
f 458 1331 1807
f 3674 2203 2522
f 39 4716 2588
f 3745 1900 4048
f 2595 711 1569
f 4132 1381 1529
f 2288 2157 2697
f 1377 1126 1536
f 2895 4945 1498
f 3357 4861 3150
f 3872 4605 2531
f 2373 3154 3040
f 4032 2534 3461
f 2445 4058 3215
f 3165 750 4410
f 3474 3238 4683
f 1897 474 4956
f 4680 3461 4373
f 3180 4393 1049
f 300 2952 3646
f 4163 4744 3826
f 1729 3452 21
f 1606 4675 1476
f 4810 374 4314
f 3954 4789 55
f 2034 154 4078
f 3837 3457 3214
f 972 2981 4193
f 2630 4651 2632
f 1682 2540 2631
f 2672 4516 2630
f 4301 4867 1496
f 268 1528 3288
f 3944 3440 303
f 102 1053 4244
f 3594 650 601
f 2542 4119 821
f 2544 2023 4731
f 165 1789 4000
f 770 2022 2545
f 91 1253 2513
f 2750 3974 2012
f 3266 618 1005
f 1242 1201 4581
f 1016 985 3876
f 4752 985 1016
f 4216 3605 1922
f 4274 3757 2102
f 396 286 3498
f 3488 1429 1787
f 1515 2417 4461
f 4743 2336 3716
f 1116 346 1941
f 2557 2552 3981
f 2902 939 2758
f 228 2167 29
f 213 787 2790
f 2141 649 2392
f 2921 1090 348
f 4462 1825 1409
f 1970 2987 4007
f 481 1122 1463
f 225 2475 678
f 225 678 4612
f 2566 1307 3754
f 3734 184 3888
f 2567 2151 4867
f 2426 2942 1933
f 56 2353 3490
f 2275 4441 2426
f 1641 1967 3396
f 2910 3176 4606
f 4711 4709 3732
f 4835 4075 3566
f 1436 3879 1161
f 4257 3828 993
f 4620 4412 2453
f 2583 4523 1711
f 2570 296 1592
f 821 1700 2463
f 2032 3730 4167
f 818 1467 4021
f 3605 1160 3708
f 389 4135 2432
f 1563 389 2432
f 544 4344 3463
f 1731 1405 1857
f 2558 2266 2571
f 295 2610 4713
f 2316 2514 2253
f 2175 2573 3734
f 2156 861 60
f 3312 4383 1193
f 829 4177 452
f 2883 2060 3873
f 66 3718 3055
f 3718 1629 3055
f 1097 2780 1108
f 2578 236 4169
f 4915 356 630
f 2291 309 859
f 4343 3224 1494
f 4343 3882 3663
f 2514 1673 2253
f 2235 2426 1894
f 1246 4944 4312
f 1928 1386 4057
f 307 3327 4459
f 1271 3327 307
f 2433 3330 1710
f 1932 132 2537
f 2676 2005 663
f 2582 3359 783
f 4959 655 1172
f 899 3727 3478
f 3945 3350 4600
f 699 2702 2019
f 464 4823 2019
f 1638 324 861
f 4853 1632 1119
f 711 4549 3230
f 4134 3503 1280
f 2541 4786 4406
f 3181 1975 4280
f 819 2460 1973
f 764 2589 124
f 2593 773 4733
f 3262 520 3353
f 2143 855 2718
f 92 1114 4721
f 3676 417 2209
f 4934 4097 2210
f 4959 2598 655
f 920 4085 4861
f 1650 2972 1492
f 3849 1932 405
f 4835 1976 4262
f 3148 2813 2035
f 3383 1018 4264
f 2969 4394 357
f 4523 1186 925
f 3695 1065 1700
f 2658 495 2445
f 1655 4465 2143
f 516 471 3225
f 2937 2605 2673
f 2027 2716 4517
f 3926 2716 2027
f 4391 1795 983
f 100 1492 4293
f 2241 248 1494
f 3996 226 3793
f 3368 4133 1090
f 2921 3368 1090
f 3527 1264 4285
f 3644 1465 904
f 2378 4713 2610
f 2613 4184 1957
f 2191 3872 3334
f 2556 3794 1397
f 3837 2125 2614
f 1397 3794 3159
f 4274 4121 2627
f 2925 349 4750
f 4660 1770 82
f 2899 2230 3519
f 3715 3686 885
f 1332 2551 1152
f 3686 2180 885
f 2212 3821 2859
f 1335 1024 2933
f 4922 4409 2252
f 2034 2617 154
f 1163 4409 2157
f 1157 1845 4344
f 4147 1419 3776
f 3343 4044 3886
f 2204 2308 31
f 1031 2110 765
f 1393 1272 1387
f 458 1393 1387
f 4034 294 4361
f 754 2623 1039
f 942 4921 1249
f 2884 3711 2545
f 1104 1997 4130
f 3400 4196 1041
f 1591 2902 2758
f 1084 3852 2144
f 2116 4154 1425
f 3934 1465 3644
f 4380 260 550
f 523 4380 550
f 535 2489 551
f 1510 3171 1063
f 3050 499 2167
f 2630 2632 1442
f 1407 1442 2632
f 2865 840 4206
f 780 2690 790
f 1498 1703 2970
f 3556 4156 1679
f 4156 4666 1679
f 1366 987 3684
f 3147 661 812
f 438 4507 4115
f 2255 2634 1352
f 1464 940 4279
f 1965 2440 2636
f 1083 2636 2440
f 2881 3967 2494
f 126 1159 4566
f 1358 2792 1359
f 1359 2792 781
f 3580 4760 160
f 3579 1728 1971
f 1871 4626 2023
f 2544 1871 2023
f 4664 4848 293
f 4030 1827 4115
f 476 4607 3856
f 4005 1320 2092
f 1844 1626 2556
f 3556 2373 4156
f 2111 3096 2119
f 3442 2168 2497
f 3432 2160 1183
f 2965 3432 1183
f 517 2383 2679
f 4968 1091 2372
f 229 3463 4189
f 367 815 365
f 1952 2461 4898
f 2131 3336 3330
f 3726 3932 2646
f 151 1977 2678
f 883 701 3551
f 2108 2348 2908
f 1830 2908 4106
f 2490 1023 1044
f 1097 1108 609
f 2306 2832 2370
f 4806 3662 4914
f 4685 93 3078
f 3175 709 155
f 4453 3109 3637
f 2385 2229 579
f 2 4813 988
f 265 108 3592
f 2140 2798 2118
f 1272 2652 1387
f 1969 2088 3495
f 2307 1623 786
f 323 470 4208
f 2349 1408 3843
f 3414 3731 459
f 382 1261 3146
f 3105 2657 839
f 1460 578 1251
f 2122 2641 4754
f 293 4848 586
f 3944 4776 2445
f 2659 2047 3348
f 1417 3614 4342
f 3740 2390 4810
f 2660 4569 4432
f 2541 2661 123
f 1694 1375 1311
f 3845 1694 1311
f 4662 376 4782
f 4877 3705 1189
f 4122 3298 4539
f 4544 1666 502
f 2858 2244 1764
f 2205 3038 34
f 2205 34 2087
f 1955 1146 78
f 669 1373 1800
f 2976 4480 4380
f 2976 4380 1216
f 2489 574 4105
f 2939 254 208
f 487 943 1029
f 149 943 487
f 4718 1529 386
f 2807 12 224
f 2047 785 2856
f 1065 4923 1700
f 3888 184 4008
f 105 4495 1554
f 1154 2673 4826
f 3482 2937 2673
f 3897 2857 44
f 1557 560 2824
f 1629 2911 2148
f 4644 3790 108
f 4644 108 3449
f 2389 2675 1950
f 1493 1621 1205
f 1064 4251 3013
f 4979 1606 2679
f 4804 2678 1120
f 1015 4827 4089
f 1487 1413 1073
f 1426 37 4392
f 2468 1134 1421
f 3467 388 326
f 3345 3880 4455
f 896 673 2775
f 3580 4522 1075
f 2453 3816 1784
f 1174 4161 2659
f 1386 4984 2682
f 4535 2178 258
f 4592 3317 3076
f 2683 2779 3878
f 414 2683 3878
f 3941 1549 628
f 906 684 2114
f 3978 357 4394
f 500 2685 3257
f 2675 462 1356
f 2011 2443 1558
f 986 3869 764
f 2115 2687 4293
f 2737 438 4840
f 60 861 156
f 4508 1306 946
f 4192 1305 4818
f 2226 4533 2405
f 4252 3074 4533
f 19 680 1057
f 3814 4042 1800
f 1645 4235 1316
f 4921 1772 3483
f 4928 1032 1715
f 833 2508 2883
f 1097 63 1444
f 181 577 1829
f 2046 439 2027
f 399 1829 4571
f 1829 4244 1053
f 27 633 3477
f 1948 1495 1786
f 2423 4038 4685
f 1550 2699 2694
f 2822 652 2001
f 3916 2055 1111
f 432 1558 2443
f 167 1560 3330
f 1454 4261 994
f 1596 3189 995
f 1742 1630 3160
f 2430 4173 4227
f 129 4038 2423
f 4540 3097 1477
f 1338 528 4738
f 271 3282 4914
f 4498 2702 4140
f 1428 355 4509
f 2327 3214 3457
f 387 2450 4912
f 1426 3851 500
f 3826 106 2273
f 3682 21 3429
f 3696 2323 794
f 3426 2704 2715
f 912 4129 390
f 912 390 2257
f 4200 3788 547
f 1363 1392 148
f 610 1189 1230
f 3041 2708 4280
f 2538 1546 1113
f 3666 2709 2710
f 2388 1131 519
f 2278 2239 1670
f 28 4739 106
f 3682 1899 501
f 1560 3689 3867
f 301 1248 4175
f 1267 2712 3832
f 3832 2712 2945
f 1773 1262 2714
f 4790 2753 2250
f 4426 707 2718
f 108 1961 3592
f 901 4447 1537
f 311 1539 2584
f 639 1753 3627
f 1754 901 9
f 1676 2072 4449
f 4512 2724 2187
f 4428 3101 4617
f 3537 1676 443
f 150 849 1900
f 150 29 849
f 1930 852 9
f 1356 3460 1450
f 1366 490 3132
f 1232 4018 1406
f 4554 2728 1040
f 2728 1007 1828
f 3927 41 1327
f 1497 176 1055
f 178 3859 4177
f 1207 4402 2640
f 1207 2640 4073
f 854 4798 164
f 3114 854 164
f 1576 2187 1888
f 1135 2730 1559
f 1978 3000 3697
f 2127 2338 1458
f 2734 441 2065
f 579 441 2734
f 3077 4314 4983
f 4507 1570 242
f 2804 2344 1571
f 2387 2776 579
f 239 4375 460
f 2737 4507 438
f 2737 2818 4507
f 2804 4817 705
f 3424 3459 4855
f 701 2739 3551
f 333 1864 35
f 176 4510 4543
f 468 1193 1027
f 468 3962 1193
f 1496 2741 4820
f 2446 2316 1935
f 4869 4853 3992
f 1998 3161 1024
f 297 524 4490
f 824 2267 2738
f 4328 1804 1085
f 2454 2929 4959
f 1259 1131 862
f 1279 2744 3300
f 2373 1693 2745
f 1861 3773 1884
f 4913 1348 2366
f 3158 2052 3568
f 1833 576 1758
f 4062 767 4653
f 4606 1577 2410
f 1649 2501 297
f 3079 1844 4485
f 2040 1410 3523
f 1734 1434 866
f 687 765 2110
f 930 4548 3825
f 911 2750 420
f 1242 2082 13
f 3020 3084 2482
f 3363 1567 1058
f 133 4243 1273
f 2567 4867 1466
f 3298 3832 615
f 4769 3093 4883
f 4755 3022 3828
f 1039 4755 3828
f 1095 3382 980
f 2343 2145 3528
f 2558 2548 2620
f 3211 4647 1885
f 3711 4272 3019
f 3258 3771 398
f 513 788 2597
f 2955 3787 2760
f 4406 543 2661
f 57 3920 1761
f 3599 2081 1953
f 2175 3734 3092
f 1092 1953 2081
f 1565 2761 1988
f 4545 138 1987
f 4617 3405 4184
f 2415 1220 1997
f 3591 4126 3748
f 4126 1412 3748
f 4288 1556 4289
f 4166 4368 1814
f 4284 1681 2764
f 124 2765 3915
f 4482 3746 3638
f 525 1429 1256
f 2493 810 2766
f 503 262 203
f 4218 1933 2315
f 2440 3927 3081
f 2505 3408 851
f 3238 4180 3855
f 2768 2983 4698
f 3911 1232 1000
f 289 1288 4600
f 1726 422 3575
f 1800 1373 1663
f 3378 126 4566
f 730 3575 422
f 2231 1870 2771
f 2445 4116 1818
f 119 1198 2611
f 2630 1244 1878
f 117 2891 3049
f 1962 2130 483
f 2657 4813 2
f 3697 3000 2322
f 2354 4245 1356
f 1068 1372 1751
f 118 2254 2323
f 3034 1229 2162
f 4256 3034 2162
f 2848 3380 763
f 4195 3468 1364
f 2908 4504 763
f 36 3661 1146
f 3660 174 4467
f 4707 1743 2812
f 3981 1404 4765
f 352 187 3351
f 411 137 4217
f 764 1415 4796
f 1721 3398 116
f 3143 2777 1204
f 2398 2666 916
f 704 4069 805
f 1976 2837 4579
f 4579 2837 960
f 1154 4776 3944
f 4451 4196 4242
f 1529 1381 1378
f 1218 968 372
f 1219 4026 2021
f 1425 1100 2116
f 55 2788 3104
f 1076 909 1656
f 4292 778 3435
f 401 910 2292
f 711 405 2537
f 2828 9 187
f 187 507 2828
f 1007 4554 2823
f 1703 3560 4697
f 4211 873 4001
f 654 1415 172
f 781 2792 796
f 3860 3882 2760
f 4031 1803 4692
f 2187 1617 256
f 2974 2528 4891
f 3955 2823 2041
f 3212 4720 356
f 4528 2697 290
f 1338 2797 528
f 4430 2797 1338
f 4338 1686 3129
f 1516 2798 2140
f 1516 2140 1995
f 2273 4163 3826
f 3452 3429 21
f 3668 3429 3452
f 3280 99 2799
f 658 2800 4478
f 130 2800 658
f 1865 3324 4659
f 4865 1656 909
f 4115 1401 4030
f 4115 842 1401
f 4977 2804 2803
f 2785 1545 2554
f 727 4276 3714
f 3248 4267 3424
f 1253 3889 427
f 828 2258 2486
f 2512 4178 2441
f 433 3039 2353
f 3449 278 4644
f 634 2805 2351
f 685 2806 990
f 704 4395 3980
f 1206 704 805
f 4473 1149 4296
f 3335 4296 1149
f 3607 3335 1149
f 3595 2808 1018
f 598 3110 3087
f 2046 4517 3543
f 2027 4517 2046
f 2653 3424 4521
f 2014 414 3454
f 2104 4824 2418
f 1489 978 732
f 713 575 1622
f 1587 1412 2161
f 4505 4017 1012
f 2440 2264 3927
f 4646 2333 2379
f 2035 2813 51
f 3128 2019 4823
f 402 2081 4659
f 4830 3512 686
f 3865 4830 686
f 4672 3265 742
f 1695 3265 4672
f 1216 523 1074
f 3872 2191 2820
f 255 1520 2821
f 255 2821 4254
f 962 3652 177
f 1431 818 1452
f 1212 818 4878
f 2823 1989 2041
f 862 3191 278
f 278 3191 2795
f 2335 4361 294
f 629 3379 4035
f 1474 2529 2083
f 3858 4524 572
f 941 3326 3809
f 572 4524 1916
f 3727 4559 710
f 1009 3674 1757
f 2683 4273 2826
f 4333 2000 1050
f 1537 4447 409
f 681 893 3989
f 893 3184 3989
f 3155 1763 3370
f 4064 4126 3804
f 2159 3412 1324
f 1769 2830 5
f 3818 473 4946
f 1018 473 3818
f 2344 2804 684
f 4261 1820 1598
f 2440 1965 651
f 3901 1846 3533
f 2974 4891 3416
f 3247 2050 1774
f 2578 2121 2284
f 2984 3038 3740
f 3409 3106 4574
f 4757 541 3767
f 2605 3785 3737
f 134 564 1461
f 1754 3835 4284
f 3697 3416 4891
f 3416 3697 195
f 718 3622 2355
f 3387 4819 2073
f 4844 1780 2211
f 1100 965 3702
f 4819 3530 765
f 668 1434 4753
f 1586 1366 3684
f 4017 4477 3685
f 4726 67 2444
f 4530 566 3833
f 3751 1238 2645
f 3282 3751 2645
f 2836 2435 4985
f 4903 3540 2724
f 1655 2143 2844
f 2511 163 4384
f 3277 2845 4344
f 1120 2417 2846
f 1249 3483 1522
f 4820 2321 603
f 3205 1958 4692
f 479 3796 49
f 92 3853 1114
f 1660 684 4299
f 4617 3589 3304
f 779 1164 3827
f 142 4575 1325
f 2416 2171 4305
f 968 3878 2851
f 4555 2684 4187
f 1665 141 2818
f 3240 1681 4284
f 2840 2352 659
f 1322 3486 568
f 318 3274 736
f 819 4657 86
f 4113 2824 2144
f 263 4085 4787
f 202 3760 2314
f 2039 822 4134
f 3436 2860 414
f 2983 513 4698
f 1090 1340 4924
f 2497 2168 245
f 4571 1829 2861
f 4694 982 2862
f 3094 3629 1153
f 3094 456 3629
f 1609 261 4059
f 3277 544 3463
f 279 1262 1773
f 1135 2467 2730
f 2530 2863 4350
f 2863 2530 4883
f 1313 2202 642
f 3936 334 3718
f 4417 3281 2787
f 967 257 1811
f 257 967 169
f 1149 4816 3607
f 4446 1932 3849
f 962 3299 1727
f 1918 2868 1214
f 1506 959 1405
f 2678 1977 4726
f 2769 3064 2017
f 1153 2872 2269
f 4249 1472 2873
f 2837 3493 960
f 1214 2874 1918
f 62 4921 1340
f 4810 2390 374
f 1273 2754 4186
f 1222 139 675
f 2757 1373 669
f 848 4356 1594
f 4160 2876 50
f 50 2876 1909
f 4455 3880 1352
f 3109 982 4470
f 2362 1352 2877
f 14 1171 3121
f 4305 2171 612
f 3551 865 3096
f 3732 4709 35
f 3919 200 4062
f 799 2879 3274
f 4352 4953 4463
f 661 310 401
f 1049 722 3180
f 1740 3180 722
f 2004 2786 2577
f 3028 3376 2146
f 473 561 4491
f 3031 209 1897
f 2518 649 2462
f 3873 833 2883
f 445 2855 919
f 516 140 3844
f 4173 2430 2563
f 2016 1281 2888
f 2888 1281 1982
f 1843 1233 724
f 1259 1973 3985
f 2202 1313 3156
f 2571 4506 2548
f 3115 31 4523
f 1491 2218 1601
f 223 3016 2136
f 3378 4566 944
f 1576 1888 1686
f 2931 1417 1896
f 1115 2051 3792
f 1470 1321 4596
f 168 1472 2913
f 1195 3775 4691
f 4588 795 1159
f 479 1804 4564
f 1804 2699 4564
f 3085 3014 1482
f 1866 1033 3502
f 3766 4468 3661
f 1123 130 3177
f 3190 401 2801
f 117 83 2891
f 812 1266 2894
f 3988 1294 831
f 4551 1632 1080
f 893 681 964
f 4335 1847 3446
f 2809 1610 3289
f 4614 1824 146
f 4101 4501 2478
f 2801 2896 17
f 3767 1329 377
f 1949 541 4757
f 1259 519 1131
f 695 1770 3219
f 1054 2406 1090
f 3822 572 273
f 4646 1449 4225
f 2978 2106 886
f 4585 4322 2901
f 4900 460 967
f 1205 457 1292
f 956 839 3912
f 1704 1292 457
f 2697 243 2288
f 2527 4649 4909
f 243 2697 3979
f 2021 617 1219
f 832 643 4335
f 4035 3943 629
f 3943 4968 629
f 1492 2905 2047
f 4303 21 1170
f 470 1017 463
f 3096 3801 4315
f 945 3138 430
f 127 2192 3967
f 2031 4812 3083
f 3208 17 2169
f 4408 2547 1310
f 4589 1541 919
f 1180 809 1931
f 2791 4251 3233
f 4655 152 1301
f 4008 3734 3888
f 224 12 3393
f 709 3175 2028
f 1863 4892 3844
f 1339 1711 2154
f 655 585 4539
f 4787 4085 920
f 4538 2260 3816
f 3854 3194 607
f 3465 3218 1826
f 4309 4831 4764
f 3082 1744 440
f 2921 859 3368
f 4158 4475 4260
f 1556 4872 3993
f 2566 2139 609
f 1108 2566 609
f 3174 1330 915
f 4096 3696 2909
f 4041 4663 4331
f 3198 146 4573
f 2383 4979 2679
f 610 2381 1093
f 828 1495 1948
f 1719 2910 2069
f 3209 563 1904
f 4589 3317 3994
f 3353 76 1661
f 636 2354 3794
f 3794 1642 636
f 2576 1847 815
f 1642 824 636
f 2461 2047 2905
f 3105 861 1085
f 2613 1957 1921
f 4541 2904 3739
f 637 1142 3606
f 4086 4977 2126
f 3445 546 2917
f 908 3511 2502
f 3959 2502 3511
f 2807 4515 4362
f 579 2776 2385
f 628 1654 3941
f 149 3356 943
f 3396 4726 1977
f 1605 3468 4636
f 2237 2777 1504
f 4341 53 2238
f 2920 706 2746
f 1949 4757 3724
f 4317 3902 4498
f 2289 3155 2920
f 3846 1037 3865
f 4475 1037 3846
f 1058 430 2751
f 4256 2461 4257
f 947 649 2518
f 4152 4585 2901
f 1126 186 627
f 3011 4062 892
f 3773 3306 1884
f 4913 2134 3554
f 4782 2055 3916
f 2487 2055 4782
f 1777 604 322
f 667 4536 4159
f 3430 302 87
f 2360 1748 556
f 1748 81 556
f 631 28 4309
f 2435 3061 1763
f 2681 3940 2496
f 1279 1043 2744
f 1554 4495 3619
f 1596 2592 3341
f 416 1296 4766
f 1133 631 4764
f 102 4244 3967
f 3073 1839 1300
f 4425 1856 32
f 764 4796 986
f 2716 230 1695
f 230 1390 1695
f 215 1929 4147
f 2190 574 2935
f 3801 1831 1035
f 1929 3092 4147
f 94 4167 465
f 94 212 4167
f 450 4274 4377
f 1830 80 2248
f 4106 2908 2937
f 774 3247 3210
f 774 2050 3247
f 2938 1901 2421
f 2511 415 4192
f 1026 2350 3747
f 2521 378 2899
f 2732 824 2342
f 893 4420 4825
f 4825 4420 834
f 1435 4741 967
f 3671 4389 439
f 2131 2941 1331
f 2370 4337 2533
f 4961 2384 171
f 4247 2514 119
f 1004 25 1388
f 365 3113 367
f 844 1471 1542
f 956 2946 978
f 4182 3422 1548
f 2947 2480 2948
f 1194 3731 2225
f 2949 4736 1635
f 3213 2950 485
f 3547 1280 2767
f 2301 4223 2990
f 2082 2301 2990
f 2074 3384 1060
f 1355 1474 4029
f 4536 3657 2971
f 3552 2637 4883
f 2575 1662 4767
f 2698 3060 4785
f 242 4320 4507
f 4368 659 149
f 4205 2764 1290
f 4284 2764 4205
f 158 3793 1762
f 323 4542 3834
f 1005 2958 4018
f 2514 2959 3520
f 303 4795 3944
f 757 495 1526
f 707 4426 4508
f 3547 4818 415
f 4548 776 992
f 4211 4548 992
f 741 1036 4962
f 4560 3703 568
f 3798 4982 3582
f 1478 731 432
f 1062 2194 2005
f 1650 2856 2200
f 3436 2059 4946
f 2856 785 2200
f 2488 4269 2504
f 1842 2488 2504
f 1406 2961 1432
f 1816 1433 2239
f 1533 2333 2963
f 93 2541 2707
f 3733 2694 4407
f 2063 2307 4307
f 2643 1946 2857
f 1553 2965 933
f 4280 2708 4838
f 4831 362 2966
f 1078 2198 1795
f 236 2422 4169
f 4070 1252 2600
f 4070 392 1252
f 1251 393 2601
f 4733 3884 2621
f 2649 2793 2388
f 2747 2201 3970
f 1580 3228 1658
f 4203 3513 894
f 1648 749 3298
f 3298 749 1047
f 476 3856 4814
f 2245 709 1889
f 2365 1095 980
f 4585 2971 50
f 1492 2972 2115
f 650 627 2973
f 1468 775 3495
f 4425 199 592
f 4317 1875 587
f 2178 4535 4077
f 1264 1802 1322
f 2897 3705 1606
f 1189 3705 2897
f 1890 1589 4531
f 4819 687 2040
f 4849 522 3687
f 4418 1483 1028
f 4894 210 1483
f 1914 2480 2947
f 4937 2458 780
f 2978 1857 2106
f 4012 4719 2193
f 4719 2352 2193
f 652 2785 2233
f 256 2977 2978
f 2637 4537 2622
f 834 928 646
f 1902 168 2913
f 1407 397 1832
f 2631 2616 3118
f 919 1541 2979
f 1310 4345 3068
f 1646 1999 660
f 4978 2448 830
f 2611 1763 3678
f 3550 2982 1463
f 3550 1463 1122
f 258 2864 3585
f 2356 26 1792
f 3525 4974 944
f 3142 2530 1201
f 1462 77 4919
f 4549 619 2330
f 4811 406 1562
f 4002 4639 2330
f 4622 3373 1224
f 4580 2782 453
f 866 1411 3722
f 4426 174 1306
f 3661 4468 4068
f 34 2984 3987
f 4734 4371 1333
f 4576 4775 3206
f 3279 4779 2431
f 4540 2215 3701
f 512 1116 1941
f 347 2985 125
f 4533 1894 1933
f 1771 4478 207
f 1759 4231 723
f 3863 4749 3011
f 1987 3710 2973
f 601 2973 3138
f 1926 2488 1842
f 1169 1926 1842
f 1926 4269 2488
f 2330 4141 4088
f 164 3148 375
f 4708 3012 1510
f 2693 4707 921
f 4138 545 2545
f 4937 780 4642
f 1901 2938 2191
f 4691 1901 2191
f 2839 716 3252
f 2988 3580 59
f 1550 3108 4839
f 2020 2458 713
f 518 850 457
f 518 457 1970
f 3301 481 1463
f 1821 1919 2934
f 4724 1503 3491
f 319 3555 3174
f 4297 366 4874
f 477 764 3869
f 409 386 1302
f 1304 2401 3100
f 2654 4873 3832
f 2622 4537 2042
f 3739 1865 3494
f 3739 3494 2214
f 210 2460 1034
f 3996 3793 1327
f 3084 3033 584
f 2645 2989 2528
f 1830 1893 3933
f 3873 910 758
f 4464 3873 758
f 4815 2843 846
f 1238 2989 2645
f 96 3048 1045
f 3048 2490 1044
f 2861 4572 4571
f 4233 2990 1791
f 4571 4572 4706
f 307 2464 1383
f 4943 4392 4658
f 547 3788 3670
f 4210 4392 4745
f 2628 1099 424
f 2415 3296 1220
f 2434 1242 1409
f 4752 1016 1747
f 4687 4761 1766
f 130 4352 880
f 4427 3558 4726
f 453 3217 3118
f 1365 3829 924
f 2787 1109 783
f 2741 532 2321
f 534 2995 1763
f 4689 4877 1189
f 2435 2995 534
f 3263 389 1563
f 4801 2051 1984
f 4801 2996 2051
f 1728 1059 1575
f 1575 1059 3867
f 1611 2149 4438
f 1143 3902 1634
f 4981 2289 625
f 4752 1747 2482
f 1752 1203 2420
f 613 1210 3226
f 2474 4941 3233
f 711 3230 1569
f 4573 146 2043
f 1212 2644 3439
f 4971 1212 3439
f 2851 3878 4895
f 1301 2851 4895
f 1175 3002 372
f 3002 1218 372
f 1842 2504 4340
f 397 1407 4181
f 4670 2631 3922
f 1863 1862 4892
f 648 2247 1498
f 1489 4100 3437
f 3003 3503 822
f 2029 1168 1562
f 2330 4639 4141
f 2070 2587 989
f 1975 432 1781
f 4547 1627 3139
f 4919 4626 1871
f 1838 1308 854
f 1308 2760 854
f 4388 2246 2623
f 2461 2162 4898
f 639 4607 4339
f 2726 4339 4607
f 1754 852 2346
f 1081 1456 3200
f 1273 3915 234
f 4852 70 1999
f 1646 4852 1999
f 4893 1585 4365
f 4011 1676 770
f 1008 3504 3703
f 435 1927 2789
f 1595 3006 4292
f 1595 3393 3006
f 2490 1680 320
f 185 3008 3007
f 1091 3007 3008
f 307 162 2464
f 307 1801 162
f 4696 1765 4099
f 2370 1341 4337
f 1078 1435 2198
f 3926 4390 4214
f 4837 4340 546
f 1446 4343 3144
f 1804 4328 2699
f 3288 1067 360
f 360 1067 2638
f 2692 4590 1068
f 1068 4590 4266
f 1600 520 3262
f 2394 2628 265
f 1184 3755 3010
f 3010 4263 1184
f 3090 3011 892
f 38 3011 3090
f 4758 39 4636
f 2244 747 1764
f 1235 3308 4181
f 4588 1293 582
f 795 4588 582
f 2260 2453 1784
f 2872 2134 1080
f 3579 3581 1155
f 4101 4093 4501
f 1482 3014 89
f 796 2792 997
f 3015 796 997
f 2874 1214 1410
f 3015 3404 796
f 2218 2111 1610
f 1097 3017 2780
f 3286 3018 4346
f 4922 942 1249
f 4298 2654 359
f 4874 4623 264
f 996 3721 75
f 3721 996 3196
f 1018 3818 4955
f 4237 1070 3445
f 135 948 467
f 2964 2284 2121
f 3465 4063 4604
f 4462 13 4552
f 3186 1348 1046
f 1915 3023 3614
f 2781 4067 191
f 3556 3022 4755
f 999 529 1556
f 920 4861 1185
f 3235 3793 2893
f 746 1584 4317
f 3820 534 3155
f 2311 2687 2115
f 2126 2804 2312
f 944 4566 3525
f 3902 4317 1584
f 1148 2264 651
f 988 726 53
f 4009 1768 423
f 2914 4327 3781
f 51 4415 4082
f 4903 363 4413
f 3026 4251 145
f 1722 405 1518
f 1223 3668 3452
f 3643 621 883
f 4724 3027 1597
f 186 1117 703
f 3376 3028 858
f 4282 4535 3498
f 2823 3588 724
f 53 1804 479
f 4370 4918 4781
f 1742 4113 2144
f 3488 2145 2343
f 172 4243 1949
f 3498 4113 1742
f 2343 1429 3488
f 2433 1710 4251
f 4671 879 3325
f 2059 3002 4884
f 78 1103 3515
f 2530 3030 4883
f 3604 4919 3222
f 4216 1922 4780
f 3396 4963 4726
f 4286 103 2137
f 4267 3971 3424
f 4286 3862 600
f 4286 600 103
f 4022 3594 601
f 3594 4022 59
f 4925 4260 942
f 3094 1153 2956
f 3638 1258 3654
f 270 3035 549
f 876 270 467
f 2072 4687 4862
f 270 876 3035
f 3035 876 2073
f 98 861 324
f 709 2028 2398
f 4661 752 4364
f 3037 4556 1117
f 2563 487 4173
f 4173 487 4740
f 4645 447 1089
f 665 3038 2205
f 1665 2577 1096
f 2512 2441 2915
f 1142 637 3039
f 433 1142 3039
f 3040 2532 2373
f 2533 3659 3670
f 418 4558 2701
f 2701 4558 4414
f 1223 1392 2412
f 1223 2412 3668
f 425 3655 679
f 1612 4944 2966
f 3152 773 3428
f 3853 1256 2343
f 4536 3045 3657
f 3424 4581 4521
f 167 4226 3046
f 2540 4928 2782
f 2070 117 3049
f 4027 1960 426
f 1512 2476 1797
f 361 4354 4747
f 3772 361 3052
f 2181 3232 1245
f 3350 3945 4147
f 4135 1237 2432
f 3054 2695 1335
f 1632 3812 1080
f 1010 1225 22
f 2223 2084 347
f 695 122 1942
f 1942 122 346
f 2511 4384 3838
f 1154 2248 2673
f 2054 1083 3763
f 1083 2054 2568
f 161 66 3055
f 4875 1247 48
f 474 1652 4956
f 2199 707 128
f 3057 3547 2313
f 706 2175 2746
f 2867 2487 4782
f 3520 233 2514
f 4083 1215 1972
f 770 1676 4449
f 1225 1010 695
f 467 948 2548
f 3027 3062 3085
f 3085 3062 542
f 122 695 1010
f 2918 3782 843
f 538 540 153
f 537 153 540
f 420 3066 261
f 2681 1412 4126
f 1197 4081 2443
f 2556 1626 3794
f 2264 3850 4678
f 3408 3935 2943
f 2943 3935 1145
f 673 896 333
f 2140 4865 1076
f 712 4043 3381
f 3381 4722 725
f 1380 1735 234
f 2381 1380 234
f 4617 2915 280
f 1310 976 1948
f 3123 3069 1374
f 3609 3135 1812
f 4373 2534 2397
f 3911 2247 4003
f 69 3737 3785
f 1207 2256 3290
f 2061 885 4157
f 1828 3955 973
f 3133 1698 4532
f 710 920 3727
f 2054 2507 1646
f 4365 463 33
f 52 1162 540
f 1974 1897 1295
f 2970 2010 3898
f 486 2010 2970
f 4469 1850 91
f 214 2782 2704
f 4834 2717 4164
f 2070 1014 4482
f 2070 3049 1014
f 3083 2943 4931
f 203 1199 503
f 3500 3073 1300
f 2776 2387 4456
f 2599 4456 2387
f 4668 1827 4332
f 1607 2529 4057
f 1141 907 2933
f 1839 3073 1336
f 4640 771 4910
f 4910 771 4222
f 3740 4810 4897
f 4029 4668 4332
f 3078 4598 3961
f 84 2066 3639
f 4566 1159 3079
f 1953 807 3599
f 1528 2364 1067
f 4385 4737 4788
f 3893 1579 1799
f 4452 2256 4591
f 3927 3763 3081
f 258 2418 2808
f 4370 1664 477
f 3102 2319 3080
f 734 419 891
f 2936 4370 477
f 4226 548 136
f 2647 4182 1343
f 916 2837 3805
f 916 3805 74
f 1180 2320 4477
f 3800 1702 4671
f 13 2082 2752
f 1477 531 1173
f 4301 2075 1858
f 92 1882 4510
f 4640 2591 2492
f 3206 4799 3549
f 2003 1994 3719
f 4089 678 3205
f 3549 4593 3206
f 145 2400 3026
f 3287 443 4138
f 4138 3711 3287
f 3013 44 4932
f 4933 45 3849
f 952 1669 2253
f 2253 1669 4836
f 1673 952 2253
f 1615 2500 1760
f 537 540 1162
f 1760 2500 3178
f 211 2484 2663
f 1069 340 4061
f 383 4061 4595
f 3246 778 4379
f 3246 2519 3769
f 2106 3088 3651
f 3241 779 2688
f 3459 3089 2301
f 584 2513 2299
f 315 4550 2326
f 2326 4550 1124
f 1406 1432 4336
f 39 2588 1420
f 4785 3060 1561
f 912 2143 4129
f 4696 3521 387
f 4402 3969 2328
f 1096 3091 1665
f 635 1470 1243
f 3690 4952 1056
f 2722 53 1704
f 4430 1868 3816
f 3776 1419 3210
f 2195 71 3382
f 2059 3436 414
f 4763 981 3877
f 275 1766 4761
f 2475 1276 4124
f 1196 1570 3410
f 2885 3102 4140
f 3188 3951 4965
f 1916 4524 376
f 4525 273 2045
f 2638 2172 4778
f 2638 1067 2172
f 4486 3798 4590
f 4266 4590 3798
f 266 2954 1659
f 138 266 1659
f 3639 2066 3630
f 4272 1591 2758
f 2769 3165 2813
f 380 3441 1160
f 3596 1602 389
f 2122 4041 2641
f 2443 2113 1197
f 447 1294 1089
f 952 2554 3344
f 1261 382 2458
f 4334 2029 2012
f 2029 926 2012
f 926 2424 2012
f 4142 3295 2185
f 1410 2040 2747
f 262 1734 2992
f 2992 1734 866
f 4590 2692 1719
f 2119 3096 3352
f 4711 3732 864
f 2516 3514 4506
f 3259 4727 1871
f 1398 3992 3029
f 2007 3064 2769
f 4919 1871 4727
f 968 2851 152
f 1753 2726 476
f 852 721 2346
f 75 3099 3196
f 2838 1766 275
f 1667 1531 3120
f 1043 1279 4206
f 1436 1161 3294
f 779 3827 2733
f 1630 3852 4492
f 569 1006 1448
f 779 2733 520
f 3101 2386 4617
f 3100 2208 2424
f 4140 3102 3080
f 1637 4968 497
f 4866 589 3184
f 3215 4058 4116
f 4152 2901 1384
f 2322 229 195
f 2901 50 1384
f 3104 3832 2945
f 645 1672 3961
f 4567 2469 3624
f 1218 2014 968
f 645 3961 1927
f 98 1453 3393
f 3774 2727 1739
f 4543 150 1900
f 3106 1312 4860
f 777 2305 573
f 777 573 38
f 1209 568 3486
f 3624 2469 4890
f 3538 3624 4890
f 448 1209 3486
f 3176 2103 3107
f 4606 3176 3107
f 1041 1277 2452
f 3629 2655 2470
f 1599 4300 3042
f 3108 1041 2452
f 1876 1024 3161
f 2969 4323 554
f 4624 2969 554
f 317 156 115
f 1870 182 889
f 4118 3261 3577
f 460 1817 239
f 1205 1621 457
f 3431 4083 3897
f 1785 975 1506
f 3437 1777 456
f 196 1777 3437
f 4509 903 1725
f 4121 4111 4261
f 2374 2966 4944
f 1764 747 3283
f 3149 1005 1232
f 1232 1005 4018
f 1270 4906 126
f 675 4457 3626
f 3277 4344 544
f 1035 3330 1252
f 4866 646 1856
f 3768 1140 4325
f 1220 3296 152
f 4363 538 4730
f 153 4730 538
f 917 183 3793
f 4331 4663 4092
f 4611 16 3116
f 3383 1030 3595
f 1832 2109 1244
f 453 3118 3036
f 86 4657 1259
f 2150 3894 3229
f 3420 946 853
f 3639 4442 2094
f 4217 408 411
f 1326 3281 4417
f 111 2275 1981
f 1332 1152 4386
f 1421 2181 2468
f 427 2585 3812
f 3502 4065 4689
f 917 3793 226
f 3758 1309 2114
f 3123 3122 3069
f 3122 3337 3069
f 2822 1316 1182
f 4386 1864 333
f 2131 1831 2739
f 1424 1831 2131
f 2401 2474 3929
f 4649 3786 4909
f 303 3440 798
f 3127 3956 1721
f 2377 4109 201
f 1854 3126 863
f 553 1288 3372
f 2685 768 3571
f 4444 3331 336
f 3231 3331 4444
f 2829 345 2417
f 4166 659 4368
f 3130 989 3975
f 2266 3132 1574
f 490 1574 3132
f 1283 1119 1046
f 3611 4642 4441
f 2132 3951 1544
f 858 3683 1842
f 1926 358 1841
f 3148 51 714
f 3390 974 104
f 3390 104 700
f 3134 708 3781
f 98 3681 861
f 4462 1443 3093
f 2482 1880 104
f 1443 1698 3093
f 3093 1698 3133
f 3136 4237 3445
f 1753 476 3572
f 3018 526 4346
f 1077 4907 1748
f 285 254 2476
f 4753 1434 1734
f 2530 4547 3139
f 1466 3140 2281
f 4482 4582 288
f 3103 3141 965
f 1770 695 3526
f 636 3622 718
f 2133 2347 3664
f 2267 3622 636
f 2738 2267 636
f 1918 3196 2868
f 81 1748 2005
f 4013 685 421
f 4417 2787 783
f 2858 3450 3054
f 1374 2855 4222
f 4170 3394 2331
f 1030 1557 3342
f 3394 3044 2331
f 2606 2331 3044
f 2845 1157 4344
f 3944 4795 4329
f 81 715 556
f 685 1834 617
f 3398 207 4145
f 90 3145 2169
f 3394 1446 3144
f 4936 2963 2333
f 3375 1250 2433
f 3066 3086 261
f 935 1203 515
f 3535 611 4462
f 611 3535 1825
f 3222 1880 1462
f 4426 1306 4508
f 1461 68 193
f 3928 4822 3473
f 1472 3699 867
f 17 4080 4971
f 3923 1138 4964
f 1473 3147 812
f 4456 2599 633
f 3295 3268 3869
f 2751 3295 4553
f 730 4036 813
f 2834 1074 881
f 2990 4223 118
f 3120 1531 1753
f 2568 2043 321
f 3914 1892 997
f 2598 4959 653
f 2598 653 2129
f 4861 4085 3150
f 3431 2129 653
f 4291 1612 2966
f 3129 1686 4640
f 530 2497 1271
f 530 3442 2497
f 2315 3508 1690
f 2524 3559 3220
f 4317 587 746
f 4151 2878 3978
f 302 301 2713
f 3156 1313 4734
f 1471 1979 903
f 1979 1471 840
f 3329 4231 4348
f 1931 2836 3157
f 3419 1931 2062
f 1684 790 722
f 2544 2261 925
f 4432 2720 244
f 3927 2264 41
f 2505 4679 3408
f 1742 2144 1630
f 1397 3159 752
f 752 3159 3794
f 391 269 435
f 3021 391 435
f 931 1274 1453
f 1453 1274 2880
f 1660 2145 2114
f 2510 398 3934
f 3161 4723 2515
f 3419 3161 2515
f 3381 1806 1759
f 720 3513 4203
f 1658 388 2627
f 3498 3585 396
f 2550 2730 3488
f 4129 3427 3250
f 2094 3162 3639
f 4128 3163 282
f 4236 1855 1612
f 1612 808 4236
f 1170 773 4303
f 88 3808 1079
f 626 4600 2957
f 2702 464 2019
f 1647 2175 4230
f 1875 4901 206
f 17 4347 3634
f 3463 4928 2540
f 191 2152 4973
f 2152 3823 4973
f 504 1742 3160
f 1660 2114 684
f 464 1254 3902
f 2043 3723 321
f 3967 4244 71
f 2250 2226 3479
f 2345 2577 1665
f 2345 1665 2818
f 3725 2580 936
f 3792 765 10
f 3236 3694 461
f 2215 3694 3236
f 134 3365 4567
f 2466 4303 3365
f 192 2740 2980
f 197 1745 3991
f 3120 2666 1202
f 187 3293 2778
f 4589 4098 1541
f 1635 3075 4091
f 4681 3422 281
f 1745 197 921
f 4708 1510 3347
f 4318 4708 3347
f 1224 1839 1336
f 1224 1336 2536
f 3165 1191 750
f 2472 973 496
f 3436 4824 2860
f 3166 2635 410
f 875 2234 1377
f 4250 3762 331
f 4695 1117 875
f 187 1758 4040
f 4344 2619 4928
f 635 4374 1470
f 1693 2594 2336
f 3169 2686 2999
f 4663 2999 3956
f 1854 4021 800
f 2417 1120 2829
f 3750 2951 3170
f 2089 505 2176
f 4666 1720 2994
f 2061 3715 885
f 4392 2304 147
f 4385 3009 244
f 265 4372 2394
f 3407 4268 4592
f 3230 2330 4088
f 2252 4925 4922
f 4612 678 3018
f 49 1530 1963
f 1849 101 3173
f 2140 1076 835
f 771 3309 3123
f 1854 800 3126
f 3175 2398 2028
f 664 2778 3117
f 3351 664 1088
f 767 3933 16
f 1626 4307 1642
f 798 1945 4116
f 4738 4300 4188
f 2553 3688 2336
f 1902 4953 3177
f 606 1940 1836
f 606 1836 1889
f 616 3179 4151
f 4340 4269 2502
f 4269 3001 2502
f 4778 1975 3181
f 2773 4778 3181
f 3182 2587 2070
f 2952 3183 2025
f 3033 3183 2952
f 4532 4233 3133
f 3611 4198 4642
f 184 3964 2224
f 3539 237 2604
f 906 1540 2344
f 529 894 4495
f 1552 3467 902
f 2764 1514 1290
f 954 2303 2900
f 2142 4261 3188
f 1479 3189 1596
f 4844 619 4603
f 3850 130 880
f 41 4678 1327
f 1783 3594 3760
f 3955 1007 2823
f 2447 198 1578
f 4315 3124 2842
f 3192 2775 4711
f 3192 4711 1780
f 4185 4912 735
f 4005 2651 3194
f 3086 2208 261
f 4350 2453 3568
f 3465 4604 3218
f 1782 690 3790
f 4431 2660 4432
f 1979 2447 110
f 4055 2395 1619
f 3684 4789 2708
f 1025 3900 4127
f 4127 3900 2250
f 3043 624 1480
f 4074 998 2924
f 3126 800 863
f 3915 2381 1736
f 1033 1866 4448
f 4448 1866 1189
f 3798 1068 2414
f 1639 294 4034
f 2042 1639 4034
f 2204 3115 4035
f 1498 2970 1746
f 277 4692 1803
f 3025 277 1803
f 3070 1830 2248
f 3070 2248 1154
f 2908 3785 2937
f 146 3198 4948
f 3172 131 3636
f 1562 131 3172
f 70 3780 1999
f 602 296 1505
f 1416 2968 287
f 1265 296 602
f 1641 2024 2714
f 2754 3200 1456
f 1479 1455 3189
f 3561 3539 4784
f 3321 2767 1298
f 2365 4807 2853
f 1239 277 4777
f 4777 2067 1239
f 1292 1240 3071
f 288 2503 4297
f 3202 1883 696
f 1380 1476 1735
f 1380 1606 1476
f 610 1380 4609
f 1829 3203 181
f 4206 1471 844
f 1463 890 4279
f 1463 2982 890
f 4416 4806 4914
f 4907 735 719
f 4976 2224 4772
f 3038 3378 1066
f 1188 560 3736
f 1481 525 4032
f 1687 887 2022
f 1789 113 1688
f 1789 1106 113
f 1938 4658 4210
f 1763 1399 1920
f 3061 1399 1763
f 4495 3207 605
f 3385 1552 902
f 2102 1552 3385
f 2225 1752 2230
f 1793 3209 4962
f 3084 584 2299
f 1967 4112 4957
f 1435 3209 1793
f 2131 1331 3784
f 1727 2257 558
f 558 1122 1727
f 962 1727 3652
f 1122 3652 1727
f 2131 3784 3336
f 1885 2990 3211
f 3586 1661 178
f 4177 179 178
f 4463 7 2189
f 837 1249 1522
f 1303 3336 167
f 1088 664 357
f 434 1088 357
f 3294 1029 562
f 1294 1578 2668
f 955 157 1974
f 2025 1369 3903
f 614 2254 79
f 1464 3213 940
f 961 4830 3865
f 573 4465 4749
f 4552 1443 4462
f 222 4344 4928
f 1599 3214 1741
f 1321 972 3314
f 1945 2445 1818
f 1657 2109 1832
f 3318 1826 3218
f 1368 2986 817
f 2731 850 3153
f 3636 131 2433
f 2537 132 4549
f 1770 4660 3219
f 2613 1921 2833
f 15 2613 2833
f 3872 2820 4605
f 1006 569 1590
f 1939 3221 4807
f 1744 2124 440
f 2239 1433 2184
f 2783 4506 2571
f 3221 2853 4807
f 700 1880 1662
f 3535 4462 3093
f 4767 1880 3222
f 2617 3765 154
f 952 2509 1732
f 763 1706 3830
f 3228 1580 4204
f 3021 435 4308
f 2691 4792 165
f 2545 545 4011
f 1107 491 823
f 2279 2474 3233
f 4805 3231 2241
f 3466 1245 3232
f 3233 3168 2279
f 2860 4824 3234
f 2746 3092 1929
f 2915 2441 280
f 3775 3039 637
f 3165 2769 1191
f 880 4352 1327
f 3935 482 3190
f 3821 2212 1581
f 3389 3316 4416
f 3235 3674 1009
f 552 4622 1224
f 3821 1581 1677
f 3575 2297 1726
f 103 3237 2137
f 3251 2406 3688
f 2527 2406 3251
f 533 1163 2157
f 437 2196 2607
f 753 4144 2993
f 3238 2449 3077
f 3239 1129 103
f 4284 2346 3240
f 2200 2972 1650
f 3885 846 4625
f 2989 1238 2528
f 1943 4153 1174
f 2116 1100 3338
f 3968 3241 3068
f 4754 1092 4202
f 4766 1365 3786
f 2030 4052 502
f 2273 4902 4163
f 4527 3242 3668
f 3668 3242 3429
f 1118 4023 2854
f 721 227 2346
f 715 1175 895
f 81 1175 715
f 4103 3494 4788
f 446 3874 782
f 4892 3621 1991
f 3767 377 4757
f 2925 1057 349
f 192 442 2740
f 3397 2748 4084
f 1836 709 2245
f 834 646 4825
f 2560 2132 4424
f 2633 3248 3424
f 427 3889 4209
f 2887 1822 2407
f 1579 3249 4663
f 4021 4728 800
f 3140 4301 1858
f 481 3720 3652
f 174 4888 2178
f 3661 1994 4443
f 4036 1147 1892
f 243 533 2157
f 2190 2935 1577
f 2942 1534 442
f 1081 517 1456
f 124 3915 694
f 4251 3026 3233
f 3336 3784 4736
f 4246 1548 3253
f 3254 3772 3052
f 3052 2280 3254
f 1931 61 2836
f 4231 3329 2153
f 4246 3253 454
f 454 3253 1548
f 3187 2984 3740
f 127 3549 4438
f 2027 4390 3926
f 4816 2086 3607
f 4237 964 681
f 4139 3500 3756
f 1774 1156 3284
f 3256 1779 4144
f 3075 4162 548
f 1105 424 3473
f 3011 1798 3919
f 1373 3618 2725
f 2770 2604 2762
f 4100 732 604
f 237 4879 2604
f 1765 4185 4028
f 37 3257 144
f 4383 1027 1193
f 4546 365 815
f 2544 3259 1871
f 4578 1560 3867
f 1642 2342 824
f 3679 20 4808
f 4808 4366 3679
f 1543 3220 4190
f 1415 694 172
f 1352 1134 2468
f 2351 3260 3334
f 3261 891 3577
f 1970 4247 3768
f 3768 4247 119
f 29 2167 1744
f 1633 1860 1187
f 2418 4824 561
f 2432 4349 3263
f 1508 3768 3593
f 2737 3377 2345
f 245 2271 3327
f 2131 1807 2941
f 2511 3720 877
f 2143 2718 707
f 415 2313 3547
f 2710 3042 3666
f 528 3666 3042
f 4558 1113 1546
f 1546 4414 4558
f 4500 4892 471
f 3266 2409 4003
f 1473 2216 4688
f 4608 3267 2450
f 2551 1719 1152
f 2303 2862 557
f 2103 2190 2835
f 978 2946 732
f 3601 3358 860
f 2084 3271 2985
f 1357 3614 1417
f 4779 1556 4288
f 3272 3517 1891
f 3298 4122 1648
f 1246 4890 3273
f 370 1246 3273
f 2621 3884 2529
f 3468 1605 1465
f 363 2496 4982
f 4888 174 258
f 352 1758 187
f 2044 1950 4125
f 4314 3077 2449
f 4433 2983 969
f 580 3137 4433
f 2548 2558 2571
f 4272 2758 3019
f 4399 1638 2183
f 2183 1638 2656
f 4075 74 3805
f 2110 2996 687
f 687 2996 2040
f 189 2468 1245
f 2796 2698 3032
f 1220 152 4457
f 3463 1127 3277
f 3778 2698 2796
f 369 1915 1382
f 4140 3080 4498
f 4107 1032 4969
f 3275 1063 3306
f 4551 2134 1632
f 3495 3278 3753
f 374 581 4314
f 1043 4234 2744
f 4127 2250 1468
f 2696 2224 820
f 2013 4493 4086
f 66 3225 599
f 4914 3282 2645
f 2315 2942 3508
f 119 2514 2316
f 3567 3283 1835
f 3508 2942 3285
f 3284 1156 1701
f 1701 4805 3284
f 4585 173 2971
f 1536 1126 484
f 1073 1536 484
f 119 2316 2446
f 248 2240 3787
f 3017 1963 1530
f 2571 1574 311
f 311 3548 2571
f 4853 1283 1591
f 2780 1530 253
f 253 1108 2780
f 1307 3286 252
f 987 4789 3684
f 3476 359 3581
f 3581 359 2654
f 264 4297 4874
f 4285 736 3527
f 4336 1432 3966
f 2239 2184 1670
f 1670 2184 3612
f 1088 352 3351
f 876 2548 250
f 3287 3019 443
f 4129 2143 3427
f 4136 3997 1403
f 114 3997 4136
f 664 2748 4323
f 3749 3459 3424
f 2379 1395 1620
f 984 2459 790
f 2152 4067 4417
f 4067 2152 191
f 3590 4351 2203
f 4714 3289 1993
f 268 3288 3358
f 1798 2634 2255
f 3838 3290 177
f 3291 923 1286
f 3335 923 3291
f 755 1460 1251
f 174 2418 3803
f 892 4653 2419
f 3069 919 2855
f 3124 1035 4070
f 3801 1035 3124
f 393 896 2775
f 2794 1846 4625
f 2671 2855 3960
f 2671 3960 1310
f 606 74 2850
f 1667 1202 1788
f 4112 4014 4957
f 882 2251 4593
f 2185 3295 430
f 458 188 1331
f 458 1387 188
f 1438 2733 3827
f 4447 4809 4284
f 4215 3297 2357
f 2973 3710 3138
f 2278 670 1816
f 1342 1609 570
f 3865 1090 942
f 4260 3865 942
f 1052 3517 4559
f 1289 262 1796
f 1606 4782 3728
f 3536 1771 4868
f 4706 102 295
f 4572 102 4706
f 1556 2929 999
f 4807 3302 3780
f 2365 3780 3302
f 3303 3300 3467
f 4541 1720 766
f 4541 766 3324
f 642 894 4503
f 3008 1907 1602
f 1315 3008 1602
f 1203 3743 2420
f 3533 194 4625
f 242 3420 4320
f 834 3962 4648
f 2137 1671 2940
f 3569 3338 965
f 470 957 4259
f 2483 4310 2276
f 2157 4409 4922
f 956 3692 839
f 1795 2198 1793
f 2261 3307 1525
f 4508 946 1570
f 4818 4397 4192
f 3307 2037 2298
f 2558 2620 3642
f 4234 1718 2744
f 4263 552 1184
f 2929 3279 2431
f 4234 4861 1718
f 1302 386 259
f 1050 592 4333
f 2650 3308 3965
f 3965 3308 3708
f 3263 3596 389
f 3309 3044 1236
f 1352 2468 4455
f 3299 177 3121
f 3556 2246 1693
f 3311 3511 3313
f 1693 2373 3556
f 2811 2570 2561
f 96 2570 2811
f 927 3314 4193
f 3829 1365 169
f 99 2562 3653
f 2867 1613 2055
f 4918 3315 4781
f 4950 3316 3389
f 3813 621 1393
f 4237 681 858
f 3984 4661 82
f 3294 1887 2493
f 2495 400 1578
f 3591 1723 2671
f 2159 3317 729
f 2608 157 955
f 3119 2608 955
f 1826 3318 3777
f 1262 607 3578
f 4155 2525 2727
f 3745 918 1900
f 3275 3773 3999
f 2134 1400 3554
f 3854 607 1262
f 1983 1517 2898
f 1983 3255 1517
f 4698 513 527
f 2494 851 2076
f 4587 1113 634
f 512 3855 4180
f 2667 4330 3042
f 1113 4558 3319
f 634 1113 635
f 3025 3320 4534
f 3760 3594 1075
f 485 1196 2270
f 485 707 1196
f 2553 4743 3322
f 4743 4649 3322
f 3321 1354 2767
f 3322 3688 2553
f 3843 423 2349
f 676 3325 879
f 3800 3325 676
f 4071 838 4565
f 3326 2238 3809
f 4289 4872 1423
f 2497 3327 1271
f 3560 2010 486
f 4001 1850 4469
f 2497 245 3327
f 460 4375 3059
f 1185 4861 503
f 1185 503 920
f 4457 65 4651
f 2018 1098 195
f 2018 1682 1098
f 4912 2450 2151
f 2773 1013 308
f 4582 1014 3049
f 4550 2117 1124
f 4985 2435 4981
f 4130 139 1222
f 3605 1235 1922
f 4565 838 2210
f 4565 2210 3005
f 2996 2201 2747
f 1289 3333 262
f 2535 2437 4796
f 239 3505 1912
f 4219 881 1610
f 1261 2237 4682
f 337 4219 1610
f 2019 3128 2769
f 8 3871 1957
f 2531 3334 3872
f 1283 1046 2902
f 2790 2711 213
f 1387 4736 188
f 4246 2891 1332
f 4238 724 1233
f 1259 1944 1234
f 213 3335 787
f 3336 2949 548
f 1084 4168 631
f 4472 277 3025
f 4584 1892 1147
f 1765 4696 4185
f 1749 3175 870
f 770 2023 2022
f 2742 4893 3221
f 2831 2023 770
f 668 2831 770
f 3882 2955 2760
f 257 169 1365
f 3281 1109 2787
f 1270 126 3349
f 167 3330 1303
f 132 4880 1689
f 1250 1252 3330
f 3375 1252 1250
f 3575 43 2391
f 2428 4261 1598
f 1775 4518 3340
f 2155 765 3792
f 3307 3741 1937
f 174 3433 2418
f 4463 2189 183
f 1596 3341 3356
f 625 626 2957
f 3175 1749 1788
f 3117 3293 4934
f 2760 2480 854
f 3106 4860 4574
f 899 503 2263
f 1538 3208 3145
f 1832 1244 2630
f 453 3036 4580
f 572 1916 376
f 273 572 2045
f 572 376 1733
f 142 1769 2602
f 3435 316 2412
f 316 3435 2519
f 3648 4832 2663
f 2772 4191 1891
f 952 4881 2509
f 4243 694 1273
f 1000 1232 1406
f 2184 839 3692
f 1651 2068 1243
f 2670 2569 932
f 2670 3789 2569
f 3670 3788 3223
f 2053 3764 2493
f 2411 2655 456
f 1777 2411 456
f 711 2595 1518
f 2595 1569 1518
f 2961 532 3267
f 3807 3488 2730
f 4366 4808 4904
f 3880 3345 3458
f 4760 4022 4940
f 4366 4116 3679
f 4561 2648 1830
f 2648 2108 1830
f 2108 2908 1830
f 694 3915 1273
f 2598 585 655
f 3383 1649 1188
f 3925 1559 241
f 767 3346 3933
f 661 367 3113
f 2592 720 4203
f 2627 4261 4768
f 4764 2374 2078
f 2932 499 2013
f 3809 3762 941
f 4033 3318 3218
f 95 566 2912
f 2573 1647 1379
f 3370 830 1647
f 1647 830 1379
f 4600 4213 1617
f 2769 2813 4212
f 1914 2769 4212
f 4016 2325 3347
f 4016 3347 3999
f 4725 4445 3555
f 2369 2839 3252
f 601 2832 3686
f 4489 1227 1680
f 1455 1479 137
f 771 3123 1374
f 4716 4445 2588
f 4163 564 4744
f 3405 871 8
f 4656 1195 3334
f 2841 3452 1729
f 483 3650 1968
f 1952 3348 2047
f 4600 3350 2008
f 351 709 2398
f 3350 2016 2008
f 2019 2017 699
f 2119 3352 4524
f 4133 1054 1090
f 4409 4158 3354
f 1084 1588 3852
f 499 3050 2438
f 4335 511 1847
f 943 3356 562
f 511 2912 1847
f 2190 2375 2835
f 660 2568 1646
f 3789 3154 2373
f 4490 1188 632
f 632 297 4490
f 3925 241 3461
f 819 86 1483
f 3058 1566 4765
f 2507 70 4852
f 4615 470 463
f 4615 463 1585
f 3058 4834 1566
f 2922 232 47
f 1413 823 1377
f 413 1020 3360
f 3229 4159 2038
f 731 1558 432
f 3798 363 4982
f 3798 2802 363
f 3983 823 1413
f 2030 2931 2071
f 1831 1424 1035
f 336 1936 2147
f 2147 1936 2272
f 3971 2010 614
f 305 91 2513
f 4301 1496 4820
f 827 4510 1497
f 2710 1459 2667
f 4124 1276 2852
f 1041 3733 3361
f 3211 2990 118
f 3122 1236 3337
f 4402 2277 2640
f 3363 2437 2535
f 260 1438 860
f 480 2774 1985
f 1499 1438 260
f 2733 1438 1499
f 2742 3772 4893
f 1133 1084 631
f 1744 2167 2124
f 2167 2932 2124
f 1079 3808 3053
f 2585 1080 3812
f 3110 1439 3364
f 1439 2914 3364
f 3365 4179 2466
f 3808 3171 3053
f 3020 3033 3084
f 2082 4233 4532
f 2069 4387 1152
f 3307 3367 1525
f 2721 1072 3792
f 4629 1995 2968
f 3196 1918 3721
f 2992 1411 4074
f 2367 563 967
f 1435 563 3209
f 1435 967 563
f 3788 4475 4158
f 597 2079 2228
f 1444 4618 1980
f 483 1968 4067
f 967 1811 4900
f 2664 1565 3929
f 1117 3230 703
f 2244 3372 934
f 2858 553 3372
f 3371 3128 3373
f 868 3375 131
f 2083 3264 2580
f 4018 2958 3892
f 1021 60 670
f 3793 1009 4207
f 3378 2217 2390
f 3887 1066 2390
f 2978 2977 1857
f 2335 1051 2166
f 4977 2803 2126
f 712 3381 2429
f 1830 3524 1819
f 763 3380 69
f 3202 696 1086
f 4748 47 1532
f 1888 2978 886
f 854 2480 4798
f 2745 2669 2336
f 1891 3384 2074
f 2582 1231 3359
f 1448 2774 3270
f 3598 4227 3294
f 3598 3294 1161
f 4938 4304 112
f 167 3046 3977
f 1560 167 3977
f 755 4952 1460
f 4562 3661 3292
f 3292 3661 4443
f 4759 4292 3435
f 4281 3387 2073
f 3717 568 3703
f 879 3717 3703
f 4281 165 3387
f 306 2719 3788
f 4200 306 3788
f 2611 1198 4978
f 2735 4258 1486
f 308 1635 1387
f 1387 1635 4736
f 4138 251 545
f 545 251 443
f 4258 2735 1045
f 3389 447 4645
f 3740 651 1965
f 3133 1268 2637
f 3390 700 3255
f 1983 974 3255
f 1725 903 1653
f 4198 3611 2275
f 3520 1645 233
f 1645 4199 233
f 4821 3090 892
f 39 1420 4636
f 1725 1653 4509
f 4536 3369 2122
f 4631 4857 3156
f 4631 3156 3875
f 3558 4427 2444
f 1193 3391 3312
f 3391 964 3312
f 3446 3311 3313
f 3782 2227 1665
f 1912 4376 4375
f 3768 119 1140
f 3694 2215 4540
f 4355 123 848
f 224 3393 4616
f 4616 3393 4319
f 682 1446 3394
f 2862 3193 3171
f 1150 2956 1080
f 3060 2067 4777
f 3833 2132 1544
f 2269 2872 1080
f 36 1146 1955
f 2913 1472 4047
f 910 3873 3608
f 3608 3873 4080
f 239 2311 2399
f 16 1154 3116
f 1154 1683 3116
f 3017 1530 2780
f 1147 4036 730
f 3395 3903 3008
f 4192 3706 2511
f 3825 4548 4211
f 3396 1967 4963
f 975 3469 1241
f 4757 4830 2680
f 1226 4973 4488
f 3397 3456 4116
f 1555 1721 1953
f 3496 1555 1953
f 618 3266 1803
f 2680 4830 961
f 881 3487 4520
f 3584 3895 3399
f 4196 3400 4242
f 4487 2626 1603
f 4242 3400 3779
f 3779 1112 4242
f 995 2592 1596
f 4261 4111 994
f 4793 968 152
f 2684 4794 4187
f 3795 1509 2660
f 2757 669 4353
f 4353 669 2086
f 587 3402 2980
f 4358 2123 395
f 2739 1831 3801
f 4304 333 896
f 1434 2072 2096
f 2072 3403 2096
f 3035 2868 549
f 3035 2073 2868
f 2072 4862 3403
f 3551 2739 3801
f 4348 217 1143
f 4348 4980 1634
f 1384 50 1909
f 3594 627 650
f 3677 2766 3042
f 635 1738 4374
f 4632 4086 4984
f 1628 1181 3398
f 4070 2842 3124
f 4435 3502 1033
f 2763 3432 510
f 2143 912 2844
f 4873 2654 4298
f 4130 1222 4828
f 2625 4641 612
f 2724 3540 2187
f 3148 2035 51
f 2286 2993 3009
f 1003 1365 4766
f 2358 3261 2629
f 2327 3942 4188
f 2327 4188 1741
f 972 683 2981
f 3643 550 1393
f 3510 902 4
f 2779 4625 2997
f 3978 434 357
f 2430 4227 3405
f 4656 2559 3775
f 4656 3775 1195
f 2314 2998 1353
f 3406 2535 306
f 4306 3407 1236
f 756 2264 2440
f 3408 2943 1674
f 851 3408 1674
f 3106 3409 3721
f 4074 2838 2263
f 3410 4507 2818
f 3411 4817 2804
f 4905 2112 3180
f 1469 4707 2812
f 2400 312 3026
f 3412 3413 4871
f 420 1675 1609
f 1069 2827 1132
f 4897 4810 4314
f 3415 2821 1840
f 4822 4442 4522
f 3105 317 115
f 4522 1269 446
f 1576 3111 4669
f 763 69 2908
f 4161 3665 1023
f 2514 2233 1673
f 65 4597 4178
f 767 200 3346
f 4062 200 767
f 398 1364 3934
f 1364 1465 3934
f 3156 1333 4371
f 810 1685 3875
f 3183 3417 3020
f 4554 869 3588
f 3418 2920 3370
f 2752 2082 4532
f 3183 3033 3417
f 2410 2033 3016
f 3349 2087 3374
f 3421 4524 2867
f 2882 864 4882
f 1768 274 3164
f 2029 1562 1304
f 4088 4141 4142
f 3423 860 2638
f 2692 1751 1719
f 1751 1985 1719
f 3153 2238 3976
f 2513 1253 1398
f 2737 2471 1827
f 2682 2749 1966
f 214 3426 2782
f 369 3425 2607
f 2881 2494 3549
f 1179 4214 4390
f 3791 1971 1575
f 2124 2932 440
f 2932 2013 440
f 4643 919 2979
f 445 919 4643
f 2313 1280 3057
f 3674 2522 4354
f 702 1038 3052
f 2987 457 4007
f 4642 575 713
f 713 4937 4642
f 3446 1535 908
f 3300 674 3467
f 4237 546 1070
f 3563 2041 4310
f 95 4424 2132
f 95 2912 4424
f 265 3449 4568
f 362 1612 4291
f 170 4892 3430
f 3348 1229 2659
f 3348 1952 1229
f 2651 4063 3194
f 411 94 1414
f 725 1759 1806
f 3431 3897 2129
f 2819 3432 4085
f 3150 4085 3432
f 2674 2091 2663
f 1342 570 2532
f 1620 3243 4707
f 1743 4707 3243
f 3012 4905 790
f 2194 4264 4884
f 4956 514 990
f 1341 1567 3363
f 2418 3433 2249
f 4452 177 2256
f 1775 911 4494
f 2584 2653 4511
f 2352 3501 659
f 4771 3151 3434
f 3151 1820 3434
f 1837 4359 4235
f 4359 4360 4235
f 1877 4853 4869
f 2584 4511 3548
f 2695 1913 3450
f 1213 4595 68
f 1392 3435 2412
f 473 3436 4946
f 473 4491 3436
f 3031 1897 1974
f 3437 456 3197
f 1909 4926 716
f 1909 3323 4926
f 2779 2997 1301
f 1301 2997 194
f 3307 2298 4731
f 2338 2964 2121
f 2338 2121 692
f 2054 3927 158
f 198 4205 1578
f 2403 4191 2093
f 3439 3162 2094
f 2094 4347 3439
f 4773 4779 4288
f 4381 3404 3015
f 997 4381 3015
f 3440 2445 798
f 1602 1907 389
f 530 638 3442
f 1794 4023 2837
f 2828 232 4748
f 2828 507 232
f 3443 3791 1575
f 366 3444 2647
f 366 4297 3444
f 3203 3913 2365
f 980 181 2365
f 1335 907 3054
f 1335 2933 907
f 4320 1742 4507
f 684 906 2344
f 3447 4210 421
f 1559 4210 3447
f 2643 1215 1946
f 1215 1423 1946
f 4142 2185 3125
f 61 3544 1217
f 3389 737 2736
f 733 433 1098
f 433 733 2723
f 679 3653 2562
f 2386 4178 2512
f 433 2723 3606
f 3060 1622 575
f 1890 2456 2384
f 1294 3988 1578
f 3568 2453 3158
f 647 2329 1711
f 4901 1875 4317
f 1666 4544 1190
f 1190 4544 502
f 2242 1003 4766
f 3616 1028 3449
f 3891 2229 27
f 3450 2858 1835
f 772 2242 4766
f 3479 3495 775
f 4454 3477 1190
f 2713 24 1023
f 2058 2713 1023
f 2058 1023 1593
f 469 4307 1626
f 1023 4489 1593
f 431 2599 2387
f 3451 2599 431
f 3031 3166 1955
f 3194 2213 607
f 4976 3465 1826
f 4163 4902 564
f 2010 3453 614
f 4928 305 1032
f 1845 91 305
f 986 4796 2437
f 2437 2751 986
f 968 2014 3454
f 968 3454 3878
f 3538 4567 3624
f 3578 607 1025
f 3415 171 1809
f 4254 1809 171
f 4641 4211 4001
f 2674 3438 2091
f 4033 1317 1334
f 3455 1320 345
f 3837 2222 2125
f 62 4909 630
f 3502 1189 1866
f 355 1428 2123
f 1428 395 2123
f 2125 2222 2128
f 324 1638 717
f 4059 1988 4215
f 3568 2052 4627
f 4068 1309 3661
f 4927 1413 1487
f 3265 2639 742
f 1709 596 2477
f 3658 1073 484
f 3591 3748 1723
f 1708 1287 2981
f 2075 4155 2727
f 3365 4303 1071
f 3458 1819 4621
f 15 1624 3141
f 3529 588 497
f 1649 297 632
f 897 4554 1040
f 2928 3180 746
f 2995 2435 1763
f 614 2301 3749
f 939 1052 4146
f 1390 3265 1695
f 524 571 4290
f 2534 4373 3461
f 3265 3462 2639
f 1994 3807 3719
f 3542 2186 3765
f 152 3533 4457
f 1954 918 4800
f 2128 1984 1072
f 2213 3464 607
f 1043 857 4234
f 4671 3679 879
f 2243 3367 4586
f 2454 3970 2929
f 146 2064 321
f 3187 2064 146
f 3920 3733 1761
f 4407 2807 1761
f 915 3166 410
f 2743 846 2859
f 4416 1678 2528
f 546 1573 1908
f 3492 4746 1573
f 2230 1752 2107
f 1836 798 870
f 4624 4394 2969
f 589 4866 3641
f 624 1378 2560
f 3775 2353 3039
f 206 1690 3508
f 1257 1974 1295
f 4242 4628 4451
f 3334 1730 2191
f 2916 476 1367
f 1510 790 761
f 1510 3012 790
f 3470 1731 1857
f 2977 3470 1857
f 644 3516 3110
f 3105 1085 4813
f 4704 4903 2681
f 4765 1566 3981
f 2689 1732 4164
f 1566 4164 1732
f 958 2998 4522
f 2276 724 953
f 3631 3474 4683
f 2983 1490 1418
f 954 4470 982
f 1853 4648 1902
f 4648 468 1902
f 4530 2508 833
f 365 4530 833
f 4102 4883 3475
f 3332 4767 1186
f 281 4297 2503
f 2706 689 68
f 148 1223 1363
f 2049 4055 274
f 4213 2977 256
f 1469 1745 921
f 3154 420 2002
f 1939 2742 3221
f 1045 2735 4870
f 3013 4251 493
f 4446 1060 1056
f 1556 64 4872
f 2234 3037 186
f 3037 1117 186
f 988 745 2
f 4803 874 406
f 2788 1636 3104
f 2902 342 939
f 2328 3766 3355
f 2272 1936 3310
f 3310 1350 1485
f 1159 1368 817
f 3533 3481 65
f 3533 1846 3481
f 3416 433 2974
f 4763 4574 4959
f 2238 53 3976
f 4251 1710 1560
f 837 1522 2232
f 1932 4446 132
f 3483 2232 1522
f 2548 979 2436
f 2884 276 3711
f 1200 2282 3238
f 3083 4931 2983
f 868 3484 3375
f 1689 4549 132
f 3485 296 1265
f 1570 946 3420
f 4397 1540 4192
f 1322 448 3486
f 736 3274 2975
f 1084 971 4168
f 228 4954 2167
f 560 872 2824
f 881 1074 3487
f 3290 3838 4278
f 4837 4237 1842
f 1393 621 3643
f 1302 259 4097
f 3717 4285 1264
f 2441 3481 3489
f 3780 4896 4807
f 4896 368 4807
f 886 2759 3224
f 3062 3491 542
f 3491 3886 542
f 1330 2574 915
f 3955 1828 1007
f 382 4479 2690
f 3524 1830 3933
f 3380 3934 69
f 3934 4686 69
f 2428 1598 198
f 47 1136 1532
f 1427 1541 268
f 3939 1819 189
f 2214 3494 4849
f 1689 1780 4844
f 3949 57 4939
f 4939 543 970
f 3370 4978 830
f 2641 4041 3496
f 2021 685 617
f 685 2021 2806
f 4754 2641 3496
f 2118 460 3059
f 2583 1339 2581
f 2391 802 2158
f 4186 1329 3767
f 3582 4064 856
f 645 1927 435
f 3393 1453 3006
f 2337 533 740
f 3497 2533 1694
f 3700 3719 2730
f 2227 485 2270
f 3022 1679 4666
f 3715 2061 3023
f 4513 1077 2360
f 4745 2009 1834
f 4503 2206 2929
f 2086 1042 3628
f 4833 3657 4160
f 3385 902 3499
f 781 796 3404
f 4012 1479 2352
f 2352 1479 3501
f 4240 479 49
f 659 3501 2517
f 4705 184 2696
f 1436 3764 2053
f 1763 1920 1299
f 3109 4003 648
f 3703 3504 3909
f 3475 4883 2637
f 3332 3506 4767
f 3506 2575 4767
f 1232 3911 1640
f 3912 322 956
f 981 4763 549
f 4830 348 3512
f 1509 4385 2660
f 3146 4496 1615
f 1656 791 638
f 4473 3401 1149
f 1194 2225 2230
f 830 2573 1379
f 3402 3508 2294
f 206 3508 3402
f 1791 1885 4233
f 3669 4066 2025
f 4066 2952 2025
f 3999 3773 455
f 4122 2674 749
f 3272 1891 4123
f 902 3510 4863
f 3445 1714 2203
f 1473 3511 2376
f 3512 1090 3865
f 686 3512 3865
f 1711 1339 2583
f 520 2733 2491
f 1500 1448 1616
f 894 3513 2906
f 388 3467 3757
f 802 3137 580
f 1755 2784 4583
f 2105 3305 1094
f 3756 3500 712
f 716 3323 3252
f 59 3580 3594
f 3515 1103 4667
f 1652 3515 4667
f 3787 2955 3882
f 291 751 4316
f 2530 4350 3568
f 2544 1644 4919
f 2544 925 1644
f 3103 4216 4483
f 1637 588 4484
f 760 3349 2205
f 1648 4122 749
f 2150 3229 2400
f 697 1722 491
f 1847 2912 815
f 3572 2916 4023
f 1118 2662 3899
f 3947 1545 1182
f 4660 1225 3219
f 2822 1182 1545
f 4522 446 4822
f 2714 1349 1969
f 1864 2069 223
f 1864 223 35
f 22 1225 4432
f 108 1396 1961
f 2040 3523 4819
f 1410 4819 3523
f 3933 3346 3524
f 4400 3524 3346
f 3519 73 2107
f 73 2230 2107
f 1523 4535 4282
f 1697 1523 4282
f 3851 2184 3195
f 3527 736 1264
f 1578 4205 2668
f 2567 571 297
f 1163 533 2337
f 4766 4293 772
f 4766 1906 4293
f 3317 2364 1528
f 804 292 3240
f 3866 2127 1756
f 725 4348 1759
f 1839 4348 725
f 3161 2062 4985
f 2045 376 4882
f 3853 2343 2221
f 3531 4835 4262
f 142 2602 4076
f 4161 1654 3665
f 1299 1917 3678
f 4738 3532 4300
f 3908 3463 2322
f 1721 4137 3398
f 1825 3535 4220
f 2524 4334 3974
f 3974 3559 2524
f 999 2929 894
f 4013 4745 685
f 4248 3536 168
f 2206 894 2929
f 326 1279 3467
f 1451 3207 4495
f 1414 1451 4495
f 1012 1258 3638
f 2459 984 3178
f 1510 4899 3347
f 1465 1605 904
f 1103 2003 3719
f 3981 787 2557
f 733 1094 2723
f 1094 1484 2723
f 3813 458 883
f 1061 4710 1824
f 715 1997 1104
f 2171 1002 2625
f 2984 3187 1824
f 3537 443 2072
f 85 649 343
f 2620 948 2825
f 1733 376 2045
f 4303 773 2593
f 1073 1413 1536
f 4819 1410 2868
f 1434 2096 1411
f 1362 3460 4245
f 3362 1582 23
f 2996 1031 2155
f 1211 2597 314
f 957 401 482
f 3823 3543 4488
f 3834 401 957
f 3554 1400 3544
f 4516 4457 2630
f 4189 2540 2018
f 4951 4201 3131
f 750 4201 4951
f 2396 4509 1542
f 2540 1130 4580
f 3471 2063 817
f 2792 3545 3866
f 1358 3743 2792
f 417 671 2209
f 2156 1638 861
f 1628 3398 283
f 94 4054 212
f 4054 2032 212
f 818 2060 450
f 1008 4560 568
f 1121 1992 3028
f 3546 832 2879
f 4692 277 1239
f 53 479 1292
f 1667 1788 1531
f 640 3293 2220
f 9 2220 3293
f 2199 128 2950
f 584 2952 4060
f 1651 1470 2068
f 1470 4596 2068
f 2950 128 485
f 128 707 485
f 1119 728 4853
f 3740 2636 3187
f 2218 1491 2111
f 1502 4820 4155
f 4523 31 3332
f 3152 1928 773
f 1691 1726 2297
f 3240 292 4950
f 3549 882 4593
f 4131 920 503
f 1122 558 3550
f 3672 4459 3327
f 3302 4807 2365
f 2111 1491 3551
f 2111 3551 3096
f 3839 2084 1396
f 1179 2177 1192
f 3894 44 238
f 1128 1810 1722
f 1128 1722 697
f 4883 3093 3552
f 3093 2637 3552
f 1662 1517 700
f 1179 3864 783
f 693 1456 517
f 4222 2671 4910
f 2563 1581 487
f 455 3773 1345
f 1348 3554 1346
f 382 984 4479
f 2929 2431 4959
f 301 1151 1248
f 1534 780 3392
f 4935 971 872
f 4721 3050 4954
f 3294 2493 3764
f 2495 1578 3988
f 417 1823 671
f 640 1302 3293
f 3614 3557 1247
f 3614 2061 3557
f 1325 1833 2878
f 4271 1405 3470
f 4271 1506 1405
f 2511 3838 2095
f 4796 1415 654
f 1015 4692 1239
f 1240 4240 3862
f 2790 325 4881
f 4221 2281 2075
f 4001 2339 1850
f 2702 1254 464
f 3717 1264 568
f 318 4908 3388
f 146 321 3723
f 146 3723 2043
f 1170 1986 3082
f 1581 1102 487
f 737 1290 1514
f 3189 1455 995
f 4315 3801 3124
f 3355 36 2328
f 4788 2286 3009
f 424 4822 2628
f 4822 424 1105
f 3730 2032 4054
f 818 4021 1452
f 2725 1561 3060
f 3561 2604 1621
f 4784 2604 3561
f 851 2036 882
f 101 1512 1797
f 516 4500 471
f 2771 2397 92
f 4008 184 4705
f 3829 169 4741
f 1707 1717 4908
f 260 860 1393
f 1719 1985 535
f 2209 3868 3800
f 1546 3783 4414
f 4645 1294 4205
f 274 3563 2049
f 873 1489 3437
f 2172 2413 4778
f 2682 1966 1607
f 3137 2983 4433
f 3903 1369 974
f 2316 2253 1935
f 307 4459 1801
f 413 3360 1860
f 2145 1660 3528
f 981 4574 3877
f 899 2263 275
f 905 698 302
f 4598 3957 4355
f 4334 406 1168
f 2936 3869 4002
f 2672 2630 1878
f 3036 2540 4580
f 3618 1561 2725
f 4920 4017 1046
f 3753 699 4014
f 3618 3564 3032
f 70 2507 4207
f 323 4208 4542
f 3425 1357 4791
f 4131 503 899
f 362 4309 106
f 21 3565 1986
f 3565 21 3682
f 3566 4075 3805
f 3805 2837 3566
f 1968 1326 4417
f 1842 3683 1169
f 4326 358 1926
f 3562 838 4751
f 3909 879 3703
f 4908 2371 3388
f 1403 1416 287
f 289 4600 1617
f 1111 3918 4803
f 1627 3568 4627
f 2575 1091 1983
f 616 204 3179
f 3116 1683 3570
f 466 3737 757
f 3084 2299 1394
f 803 1617 2187
f 2002 1342 2532
f 4152 3297 1988
f 712 2429 3041
f 1024 3654 2320
f 2515 1024 2320
f 1872 258 3585
f 2761 1527 4585
f 2217 4974 2390
f 3573 2325 3448
f 1217 1469 3574
f 4195 1364 398
f 2440 4466 1083
f 378 2215 459
f 914 3363 306
f 2594 4388 2623
f 1896 4342 48
f 4276 727 960
f 942 1090 4921
f 3576 942 4922
f 1550 3819 3108
f 760 2205 2087
f 4108 4382 1370
f 1262 3578 2714
f 2714 3578 1349
f 1679 3022 3556
f 3614 3023 2061
f 3269 3745 4379
f 3269 4774 3745
f 3483 3212 1078
f 3445 1070 546
f 3752 402 4659
f 1269 3580 3874
f 3791 3579 1971
f 3919 4062 3011
f 4195 4758 3468
f 1171 4758 4195
f 3096 4165 3801
f 2775 4006 4711
f 1416 460 107
f 400 110 1578
f 937 185 4135
f 4135 185 1705
f 3798 3582 1068
f 1067 731 1478
f 3285 442 192
f 2942 442 3285
f 2769 1914 2007
f 2371 3274 318
f 3583 2783 2571
f 2784 1591 4272
f 2358 3836 3261
f 4321 4397 4818
f 4262 3895 3584
f 4262 3584 4889
f 1139 5 3704
f 7 4953 1902
f 2188 4464 758
f 2467 4667 2730
f 3336 4736 2949
f 179 3586 178
f 2865 4206 1279
f 4114 527 4577
f 3495 806 2885
f 1011 2047 2856
f 4273 3343 2826
f 4340 3946 546
f 3001 908 2502
f 693 1543 4638
f 3747 2350 3589
f 3691 2289 2920
f 2156 60 1021
f 2156 1021 2278
f 3804 4126 3591
f 3696 4154 118
f 300 3669 1315
f 1324 3317 2159
f 227 852 1532
f 265 3592 4372
f 2020 2889 1261
f 2333 3153 850
f 180 1620 3593
f 1075 3594 3580
f 1423 667 4159
f 3931 2265 1413
f 371 3951 4111
f 4739 249 106
f 3971 3749 3424
f 4221 2727 3774
f 150 228 29
f 2010 2672 3453
f 1845 305 4928
f 482 401 3190
f 2258 828 1948
f 2864 2808 3595
f 1652 4667 2467
f 4430 1338 3942
f 1868 4430 3942
f 4429 1867 4858
f 1055 176 744
f 4105 2190 2103
f 233 2233 2514
f 1092 2081 3323
f 2228 3485 949
f 2109 3597 1244
f 935 515 1752
f 2972 1524 4128
f 3721 4197 3106
f 163 4402 1207
f 2439 3261 3906
f 871 4227 3598
f 1017 4117 4679
f 1411 866 1434
f 1370 1268 3133
f 4082 4081 3148
f 3598 1161 1260
f 2351 1713 831
f 677 2084 3063
f 1961 2084 677
f 4539 585 3438
f 2093 4085 263
f 2403 2093 263
f 1010 1221 122
f 1221 1010 22
f 119 2446 1198
f 1198 2446 2448
f 3595 1030 2864
f 15 2359 1624
f 1624 2359 4412
f 2840 659 4166
f 2257 390 3250
f 2095 3652 3720
f 389 1907 381
f 3203 2365 181
f 4201 1191 3128
f 934 3372 2473
f 3372 1288 2473
f 2196 2499 2462
f 3560 2960 2814
f 4057 3884 2293
f 4583 2784 567
f 1064 3894 2400
f 2783 3583 4506
f 567 2784 276
f 2784 4272 276
f 3324 3252 159
f 705 4817 936
f 3309 1236 3122
f 1538 2801 3208
f 3161 4985 1141
f 1876 3161 1141
f 4858 1867 1708
f 1876 1141 2933
f 1290 4645 1996
f 2081 3599 2034
f 166 4024 3270
f 3388 2371 318
f 4325 1917 3056
f 1919 3392 3603
f 3392 1049 3603
f 1917 4325 1140
f 4552 13 4532
f 2752 4532 4859
f 3020 748 3183
f 4903 2724 4512
f 4220 3535 3030
f 3222 1462 3604
f 1119 2366 3186
f 1186 3222 4919
f 3185 3227 1574
f 3317 1324 2364
f 637 3606 2849
f 613 735 4513
f 4392 930 2009
f 3177 130 658
f 985 1755 4583
f 3968 4643 2979
f 3520 2959 1645
f 3267 2151 2450
f 3612 3851 182
f 4440 826 3472
f 1654 4440 3472
f 549 3099 981
f 4687 1766 4862
f 248 3613 1494
f 4196 2566 1530
f 884 4612 1307
f 1583 3613 3882
f 379 4399 2183
f 3531 4075 4835
f 576 4076 2602
f 4875 3614 1247
f 1868 3942 3816
f 953 724 3739
f 819 1944 4657
f 819 1234 1944
f 373 1118 3493
f 3276 1118 373
f 3500 1184 1336
f 4683 3238 3855
f 4917 4046 2940
f 1628 283 4137
f 3634 2169 17
f 4906 1270 1293
f 2999 3615 4047
f 336 3331 2356
f 2919 932 2745
f 2919 2745 2336
f 3845 1311 3223
f 570 4059 4215
f 429 4959 1312
f 265 3616 3449
f 1509 3795 4385
f 3367 3617 3937
f 3367 353 3617
f 2418 473 2808
f 209 78 1652
f 2147 2272 1485
f 3459 2301 2082
f 3587 2892 3998
f 3998 2967 3587
f 4352 1123 4953
f 4953 1123 3177
f 573 2143 4465
f 2378 99 4713
f 281 412 2647
f 2647 412 4182
f 3620 1061 34
f 34 3987 3620
f 1776 2151 2567
f 1051 2335 294
f 629 2080 3379
f 1991 3621 3623
f 876 165 2073
f 4011 2283 1676
f 1676 2283 443
f 2732 1623 3622
f 1 2074 1060
f 3867 3648 2663
f 4733 773 2293
f 3625 2139 2566
f 2914 1439 3110
f 3043 386 814
f 1788 3627 1531
f 9 1537 2220
f 772 2311 239
f 134 1855 4236
f 4699 3412 2113
f 1981 923 111
f 1629 1699 2911
f 954 982 4694
f 1153 3629 2470
f 2591 3224 2492
f 1686 3224 2591
f 111 923 3628
f 2822 2785 652
f 2985 4114 4577
f 147 1426 4392
f 4478 3631 207
f 1507 90 2170
f 1507 1538 90
f 4344 3632 3463
f 3016 572 3633
f 4648 3962 468
f 2912 4530 365
f 4145 3542 4634
f 3299 3635 1134
f 1639 2042 4537
f 4368 149 487
f 2669 1693 2336
f 3637 954 2900
f 4838 4789 3954
f 3750 1335 2951
f 2402 2973 627
f 2708 4789 4838
f 1553 510 2965
f 3224 2759 1494
f 3496 4092 1555
f 4092 3127 1555
f 3761 1504 3167
f 1728 3298 1047
f 1052 1048 3517
f 1378 624 3043
f 611 1825 4462
f 77 1462 1880
f 3182 2070 4482
f 4476 3534 1050
f 938 3642 3298
f 3181 1267 2773
f 2587 3182 4482
f 2197 794 2323
f 329 4659 3324
f 329 3752 4659
f 3580 160 3874
f 1372 856 828
f 1325 3644 142
f 355 2123 2243
f 2128 2222 1984
f 3121 2181 3299
f 3937 4586 3367
f 2952 4224 4060
f 300 4224 2952
f 4363 4730 3645
f 3915 1736 234
f 3271 3647 2985
f 1405 4805 1857
f 3669 300 3646
f 3986 991 374
f 351 2398 74
f 352 2878 1758
f 3025 1803 3266
f 3320 3025 3266
f 451 3891 4847
f 3891 27 3650
f 4847 3891 3650
f 2411 4004 4502
f 4502 4004 745
f 2307 1642 4307
f 2444 2017 3064
f 2192 1960 4027
f 2192 4027 4947
f 3123 3309 3122
f 958 1353 2998
f 4451 1903 1603
f 4451 1603 2626
f 4628 1112 3949
f 4411 289 803
f 979 2548 1201
f 40 276 2884
f 3004 40 2884
f 1969 3495 1137
f 1969 1137 4112
f 1419 774 3210
f 4167 212 2032
f 1979 110 903
f 3913 1999 662
f 980 3382 4676
f 3653 679 3655
f 596 2228 2477
f 596 597 2228
f 4841 3954 4280
f 4095 4346 3778
f 4239 1097 103
f 4962 1904 1862
f 1904 2268 1862
f 3564 2796 3032
f 2940 237 2137
f 3778 2796 2182
f 2137 3237 4423
f 3569 1051 3656
f 1051 2637 3656
f 2898 2575 1983
f 2451 3288 360
f 1372 828 1751
f 837 2232 3462
f 2859 3899 2662
f 4756 4806 4950
f 3726 2646 4938
f 2646 333 4938
f 2662 1367 2212
f 4984 4086 2126
f 2971 3657 50
f 1016 77 1747
f 1016 3876 77
f 252 4346 1360
f 3154 2002 2532
f 3154 2532 3040
f 3670 3659 4090
f 3660 4467 3433
f 3201 2531 1318
f 3660 3433 174
f 3503 3 3782
f 227 3662 3744
f 4625 2743 2794
f 4625 846 2743
f 822 3503 4134
f 328 3663 1308
f 3224 682 2492
f 2417 1773 2714
f 1774 3231 1156
f 1396 2084 1961
f 1961 677 4372
f 4310 2483 3811
f 3811 2483 522
f 633 789 2756
f 960 1118 3899
f 227 2463 3662
f 2463 1700 3662
f 3667 875 1117
f 2869 1468 1969
f 1969 1468 2088
f 2279 1167 2664
f 3667 1117 4556
f 788 4324 314
f 4902 68 564
f 3669 3646 4066
f 4945 2895 4911
f 4647 4233 1885
f 3670 3223 1375
f 1694 3670 1375
f 3672 162 1801
f 2860 3673 414
f 955 1257 335
f 955 1974 1257
f 1566 2509 3981
f 4005 3194 3854
f 1571 3411 2804
f 3674 2893 4964
f 3118 3675 3036
f 3676 3504 1008
f 1008 2000 3676
f 2055 3918 1111
f 247 2210 838
f 3319 4558 635
f 4558 1738 635
f 3678 2543 2611
f 4661 3984 1397
f 353 1937 1582
f 1136 821 2463
f 4600 2008 4213
f 4943 72 3925
f 708 3134 4685
f 98 3480 3681
f 4649 2527 3251
f 2288 243 2157
f 3781 708 269
f 708 4685 269
f 225 1307 4451
f 3429 3242 3682
f 3446 358 4326
f 3180 2112 746
f 1351 1441 1376
f 2429 3684 2708
f 3685 2320 1258
f 2271 3672 3327
f 4477 2320 3685
f 4797 3324 766
f 160 3686 1389
f 3686 4654 1389
f 309 2291 3841
f 3665 1709 2477
f 1023 3665 2477
f 2276 3687 522
f 3343 4276 2262
f 138 3138 1987
f 3802 491 3983
f 1560 3977 3689
f 1060 3690 1056
f 1929 2920 2746
f 799 3799 3546
f 2319 4498 3080
f 1000 4336 4183
f 2184 3692 3571
f 2005 1649 364
f 4210 1559 72
f 3693 1652 1559
f 1652 3693 2523
f 1907 3008 937
f 2183 2656 176
f 620 1978 3697
f 3938 435 1132
f 1132 435 2789
f 4292 3006 3698
f 2574 36 1255
f 4061 1132 2789
f 3698 778 4292
f 2586 1226 2310
f 1721 2999 3699
f 1368 1159 641
f 641 1159 795
f 4667 3700 2730
f 2910 4606 2410
f 3366 881 3643
f 2321 532 3602
f 4820 603 4155
f 2430 2794 2563
f 56 447 1724
f 1724 3389 56
f 859 1329 3841
f 4135 1705 4968
f 2199 2950 3213
f 2371 4565 3274
f 4262 1976 3895
f 2602 1139 3704
f 4274 2102 350
f 4365 3382 4893
f 2216 1668 1038
f 4798 2813 3148
f 1712 2327 3837
f 3850 3631 4478
f 1145 1507 4931
f 1292 3071 1621
f 2706 4356 3906
f 891 3435 1392
f 4621 1819 3524
f 4662 3705 4882
f 2661 3861 963
f 336 3707 1936
f 3707 1792 1936
f 1160 3965 3708
f 3603 1049 2934
f 3710 1987 3138
f 2068 4596 2219
f 4871 731 1067
f 4003 1640 3911
f 732 322 604
f 839 2657 322
f 497 3943 3713
f 555 3451 431
f 965 3141 1624
f 4849 3712 522
f 4894 1483 4418
f 497 3713 3529
f 3713 4019 3529
f 965 1624 4412
f 1048 4101 2478
f 119 2611 2543
f 3399 3895 3714
f 3584 3399 3714
f 1140 119 2543
f 4666 3828 3022
f 1915 3715 3023
f 3852 1588 4492
f 1588 1133 4492
f 430 1659 2954
f 2547 2671 299
f 4791 1357 1417
f 1783 4886 3594
f 484 4886 1783
f 2917 546 1908
f 3716 951 4743
f 3045 4754 3657
f 2253 2520 1935
f 4527 2609 3242
f 3936 66 599
f 3204 1313 3998
f 1460 404 578
f 1329 859 4975
f 1306 174 946
f 676 879 3909
f 1190 502 1326
f 3342 1557 286
f 54 2730 1787
f 420 913 4602
f 4090 4337 3072
f 1872 3585 4535
f 4648 4217 928
f 3720 481 877
f 1398 3029 1755
f 1028 1483 86
f 2276 4849 3687
f 415 1305 4192
f 1735 2383 3200
f 780 2942 4441
f 940 1463 4279
f 2991 1410 2747
f 500 768 2685
f 3868 2209 1749
f 664 4934 2546
f 4934 3562 2546
f 4193 395 1428
f 3227 311 1574
f 4853 728 1283
f 728 1119 1283
f 730 43 3575
f 4757 407 3724
f 578 3726 1251
f 4960 2580 3725
f 704 4257 4069
f 2945 3954 3104
f 1012 4101 3051
f 1012 3953 4101
f 3109 4453 3167
f 3013 493 3897
f 1298 1280 843
f 1001 1127 3463
f 4529 3829 3553
f 3829 4529 4915
f 539 3098 1172
f 777 38 3090
f 4202 1092 4887
f 3445 4383 3312
f 3511 3311 2376
f 80 4106 2673
f 4910 2671 3129
f 1640 3149 1232
f 477 3729 2936
f 1067 2413 2172
f 1068 4266 2414
f 4167 3730 2686
f 1764 3283 3567
f 2251 3083 4593
f 2251 882 3083
f 1319 4473 1316
f 2928 746 587
f 223 3732 35
f 4124 2852 93
f 1550 3733 3819
f 2650 3965 1166
f 1822 3263 1178
f 3263 1822 3596
f 2991 3106 4197
f 262 4074 203
f 2296 223 2136
f 605 3386 3893
f 605 3207 3386
f 3499 58 3385
f 1363 4179 193
f 2253 4836 3734
f 4564 1550 3796
f 797 4356 2706
f 2146 3735 3028
f 3028 3735 1121
f 3799 3043 832
f 3799 832 3546
f 3730 4054 2999
f 698 1925 1151
f 4445 2574 3555
f 1381 2560 1378
f 4909 62 2527
f 3979 2697 1231
f 2351 4656 3260
f 2605 3737 466
f 3120 1753 1263
f 1930 9 1532
f 106 249 2273
f 3093 3133 2637
f 700 1517 3255
f 280 2430 3405
f 2725 3060 575
f 2441 3489 2430
f 280 2441 2430
f 3490 2353 2559
f 2353 3775 2559
f 820 2224 4976
f 607 3900 1025
f 4904 20 870
f 2076 851 3549
f 2097 1581 2794
f 4068 4192 1309
f 4682 4496 2962
f 3146 4682 2962
f 3512 348 1090
f 3566 2837 1976
f 2085 2602 1136
f 4040 2085 1136
f 234 2754 1273
f 1233 4541 3739
f 703 3230 138
f 1366 1586 2015
f 1348 436 4017
f 2948 3558 2947
f 2480 3558 2948
f 3470 1405 1731
f 4412 3816 2453
f 4596 1321 1653
f 2219 4596 1653
f 1653 1321 927
f 1414 4495 2906
f 2831 3741 3307
f 4732 384 10
f 1626 1844 469
f 4928 2715 2704
f 2662 2916 1367
f 227 3744 292
f 1291 743 4542
f 869 4677 2871
f 2252 4409 3354
f 4800 918 3745
f 4046 1980 1360
f 3745 379 1954
f 3483 4720 3212
f 290 2697 1249
f 1360 2815 4046
f 673 4711 4006
f 3213 216 3782
f 3503 843 4829
f 4143 484 1783
f 457 2987 1970
f 1175 372 895
f 2299 2513 1394
f 4768 1580 2627
f 3749 3089 3459
f 2301 3089 3749
f 1206 805 4395
f 704 1206 4395
f 3897 4083 2857
f 1184 4139 3756
f 4923 2608 3751
f 1823 4333 592
f 1823 592 639
f 1537 409 640
f 4847 304 483
f 409 1302 640
f 1003 257 1365
f 3294 494 2202
f 562 3356 3294
f 1580 1951 1979
f 4330 1436 2053
f 1844 2556 1397
f 890 3250 2199
f 735 4907 1077
f 4745 4392 2009
f 3278 699 3753
f 1096 3725 3782
f 2648 189 2108
f 189 2348 2108
f 923 2086 3628
f 1677 2794 2743
f 1015 4089 3205
f 3239 49 1963
f 1307 252 3754
f 3754 252 2566
f 253 2566 1108
f 2773 308 1387
f 3750 3170 622
f 2244 989 3283
f 3049 2891 4582
f 3170 989 622
f 3756 4280 1781
f 3985 519 1259
f 4717 1843 724
f 3975 989 2244
f 4263 3010 3755
f 4263 3755 565
f 894 2906 4495
f 3757 3467 1552
f 4164 313 1737
f 3758 2114 3661
f 4146 1052 4559
f 1786 1495 3759
f 4522 3760 1075
f 2876 3323 1909
f 1895 3761 3167
f 331 4050 2470
f 2470 4050 3762
f 1895 3167 4453
f 2470 3762 1449
f 2505 2494 1017
f 2289 3691 215
f 1482 4715 3085
f 4716 2277 2328
f 4716 2328 2574
f 1890 2384 1589
f 1005 3110 2958
f 4401 317 3105
f 798 4116 4287
f 4058 825 3397
f 868 2317 4253
f 1689 4603 4549
f 1894 2426 1933
f 3599 3765 2617
f 807 3765 3599
f 133 4186 3767
f 1779 1221 2993
f 1211 424 2479
f 677 2479 1099
f 3813 883 621
f 382 2690 2458
f 1568 1970 3768
f 3768 1508 1568
f 1304 1562 2401
f 4088 4142 3125
f 3832 3770 2654
f 4101 3831 4481
f 1288 289 4770
f 4595 4061 2789
f 3435 3246 3769
f 3875 3156 4371
f 2222 3875 4371
f 2290 1288 4770
f 1647 2573 2175
f 2290 289 363
f 2553 2336 4743
f 1171 4195 3771
f 1171 3771 3258
f 4612 884 225
f 397 4181 1657
f 4181 1407 4850
f 4670 3922 4349
f 1172 655 539
f 3727 4131 3478
f 899 3478 4131
f 3377 4029 1696
f 4147 3776 3350
f 3350 3776 1422
f 4668 4029 3377
f 3560 486 2970
f 2566 2138 4451
f 1697 4282 1742
f 162 2326 1383
f 1310 3610 4619
f 3610 2855 4643
f 2855 445 4643
f 4345 4619 3610
f 2050 3777 4174
f 3578 1025 1349
f 391 4277 269
f 1999 3780 662
f 4208 1848 4893
f 4277 3781 269
f 423 1768 3164
f 423 3164 2349
f 489 1853 1323
f 2030 2071 740
f 4649 416 3995
f 3786 3995 416
f 2030 740 4650
f 530 1656 638
f 3784 3930 4736
f 2652 4778 1387
f 1272 4778 2652
f 4486 2891 83
f 4380 523 1216
f 3235 1009 3793
f 1583 3882 2120
f 2120 3882 4343
f 4557 337 1337
f 158 1762 2507
f 323 3834 470
f 1632 4913 2366
f 2100 1155 3581
f 2100 3581 2654
f 2916 3572 476
f 2346 804 3240
f 4391 1078 1795
f 2937 3785 2605
f 502 2931 4665
f 1661 4480 2976
f 2489 829 574
f 2705 913 420
f 1385 3072 306
f 2415 715 895
f 2171 2416 617
f 3613 3787 3882
f 187 2778 3351
f 248 3787 3613
f 2140 2118 3059
f 4475 4757 1037
f 4757 4475 407
f 3352 3096 2867
f 4711 4882 3315
f 4641 4001 4469
f 4133 3789 2670
f 4133 1775 3789
f 4185 387 4912
f 4579 960 1976
f 1553 933 674
f 3791 4162 1019
f 136 4162 3791
f 2401 3172 2474
f 3367 3307 1937
f 1984 2051 1115
f 3739 2214 953
f 3356 3341 494
f 177 4452 1171
f 3498 286 1557
f 1787 1429 1481
f 432 1975 2413
f 4476 1050 2000
f 506 1085 1804
f 3087 644 598
f 3087 505 644
f 2975 4255 736
f 4157 885 2306
f 714 4082 3148
f 2004 2580 2786
f 4259 482 3935
f 154 3256 4078
f 3810 478 236
f 2719 2535 654
f 2535 4796 654
f 601 3138 2302
f 4312 3982 1612
f 4057 2293 773
f 2354 752 3794
f 2610 679 2562
f 2907 173 312
f 1782 4540 690
f 1458 2866 3797
f 1910 2401 3929
f 1565 1910 3929
f 2070 3798 83
f 3798 4486 83
f 1118 2854 2662
f 2875 79 2254
f 1995 2140 835
f 2388 519 521
f 2305 777 1482
f 2640 2277 4716
f 2959 2514 4247
f 1480 4335 643
f 749 2674 3648
f 1891 3517 3384
f 4828 1222 675
f 2797 15 2833
f 4605 2581 1546
f 2774 1448 535
f 4497 84 3639
f 899 4761 3727
f 822 2596 3003
f 3463 2540 4189
f 520 2491 3067
f 1616 1448 1125
f 1376 4132 4447
f 3800 3504 3676
f 3800 3676 2209
f 3424 1242 4581
f 4279 890 1464
f 2513 1755 985
f 4956 990 4265
f 4885 990 2021
f 2775 673 4006
f 4159 2847 1946
f 3802 3983 933
f 241 1481 4032
f 241 1787 1481
f 4700 3565 1744
f 2992 3722 1411
f 2874 3721 1918
f 2463 227 1532
f 1532 1136 2463
f 2405 206 4901
f 960 3493 1118
f 174 3803 258
f 1495 856 3804
f 860 3827 3601
f 3542 3806 1941
f 3173 2274 140
f 588 1637 497
f 1063 1859 88
f 3488 3807 2145
f 1100 3605 4216
f 419 4759 891
f 1343 366 2647
f 1343 3518 366
f 369 1382 3425
f 2405 1933 4218
f 1935 3734 2573
f 2520 3734 1935
f 3790 278 1782
f 278 4540 1782
f 2049 3811 4055
f 2369 3963 4156
f 2520 2253 3734
f 182 1055 2278
f 1040 4161 1174
f 2023 2831 4731
f 3176 2910 1719
f 3329 2325 3573
f 2112 2325 3329
f 2086 3814 1042
f 4832 2674 2663
f 3815 1867 231
f 4701 2265 3817
f 3815 4429 2329
f 2837 373 3493
f 4956 657 1295
f 4885 657 4956
f 2317 4070 2600
f 2824 872 1084
f 1097 1444 4423
f 4070 2317 2842
f 888 1780 1689
f 269 1672 645
f 1664 1093 124
f 124 1093 2765
f 3820 2289 534
f 2289 3820 3155
f 1023 1227 4489
f 1798 3011 4465
f 1207 4073 2256
f 4306 854 3407
f 1063 88 3306
f 1632 2134 4913
f 4350 4275 4034
f 4034 4275 2042
f 3226 715 1104
f 3826 808 362
f 860 1438 3827
f 3270 2774 480
f 594 3828 1233
f 4405 3847 1915
f 2270 3410 1665
f 1298 3411 3321
f 2397 4680 4373
f 3830 1245 3466
f 763 3830 2848
f 1906 100 4293
f 4747 3052 361
f 3466 1228 2848
f 2848 3830 3466
f 2727 2827 4739
f 4048 3682 2526
f 3368 309 1775
f 2944 959 1506
f 3329 746 394
f 4623 3831 4101
f 4148 2913 1323
f 4148 1902 2913
f 4613 2529 1474
f 2883 3833 2590
f 4530 3833 2883
f 3834 957 470
f 856 4064 3804
f 597 1750 2079
f 1750 597 3415
f 3447 421 514
f 904 1605 1769
f 505 3087 618
f 1226 4067 2781
f 1226 2781 4973
f 4974 3378 944
f 1861 311 3227
f 1632 2366 1119
f 2147 1485 248
f 1047 749 1728
f 1121 1964 1209
f 3799 799 3005
f 3005 799 2341
f 639 2840 4607
f 2193 2840 639
f 2346 3835 1754
f 4876 4616 963
f 963 4616 3836
f 123 963 3836
f 123 3836 2358
f 2494 3967 4369
f 4045 410 1065
f 1065 410 157
f 1597 777 3090
f 777 1597 3027
f 2588 4445 2830
f 1867 3815 1708
f 2807 4362 12
f 3034 4395 1614
f 3450 1835 2951
f 3283 2951 1835
f 1716 1327 3793
f 3935 4117 4259
f 908 1535 3511
f 3511 1535 3313
f 2115 2972 2311
f 3301 2039 481
f 2877 1352 3880
f 2877 3880 2362
f 40 567 276
f 2147 248 2241
f 4342 3614 48
f 967 460 114
f 1396 3519 3840
f 1396 3840 3839
f 557 1510 761
f 2693 2174 1898
f 1922 2350 4780
f 4364 423 3843
f 423 4364 4009
f 1000 1406 4336
f 3842 1126 1377
f 1377 2234 3842
f 2826 2779 2683
f 3119 4555 620
f 516 3844 4500
f 1873 2972 1874
f 1655 2844 4465
f 163 1207 4384
f 2515 4723 1024
f 2500 4496 4450
f 1615 4496 2500
f 4637 3809 4936
f 3845 2337 740
f 1896 3845 740
f 3833 566 2132
f 782 210 4894
f 348 4830 2921
f 859 2921 4830
f 4260 4475 3846
f 4260 3846 3865
f 1280 3547 3057
f 1973 3847 4405
f 3370 1763 3848
f 4978 3370 3848
f 2612 2928 2980
f 587 2980 2928
f 1327 4678 3850
f 1888 886 1686
f 3028 1322 3683
f 4255 832 3446
f 2975 832 4255
f 1604 1851 663
f 3851 2304 1852
f 1062 3383 4264
f 3693 3447 2523
f 1559 3447 3693
f 1322 1169 3683
f 1394 985 2318
f 2513 985 1394
f 4229 206 3402
f 90 1538 3145
f 2343 3528 2438
f 3903 1091 3008
f 560 4221 872
f 1114 3853 2221
f 4802 2011 1558
f 2342 1642 2732
f 279 1320 3854
f 4145 207 3855
f 4683 3855 207
f 1418 90 513
f 3479 2226 2405
f 4866 1856 4425
f 476 4814 1814
f 1321 1738 3870
f 3870 683 1321
f 696 3858 572
f 1086 696 572
f 651 2264 756
f 1674 2943 851
f 851 2943 4015
f 3859 4972 2935
f 3859 1337 4972
f 3663 3860 1308
f 1366 2015 490
f 1543 517 3220
f 781 3404 4381
f 3514 4712 4506
f 4583 567 40
f 2772 2074 45
f 450 1371 4274
f 1371 450 2590
f 3832 4873 1267
f 1496 2207 3267
f 1055 2231 1497
f 4282 3498 1742
f 2393 3746 338
f 3079 4690 4566
f 2448 4978 1198
f 2661 543 3861
f 4328 861 3480
f 1344 3401 4473
f 2086 4816 2757
f 845 4327 2914
f 1085 861 4328
f 3060 2698 4827
f 1621 3862 3539
f 1363 1223 4179
f 4700 1744 1986
f 778 3698 2880
f 3698 3006 2880
f 2339 456 3094
f 3197 456 2339
f 1819 1437 4561
f 3829 4741 3553
f 1981 2426 2235
f 32 1479 4012
f 1017 4679 2505
f 1467 350 58
f 3168 1167 2279
f 4695 1569 1117
f 3233 1167 3168
f 1518 1569 4695
f 1650 1011 2856
f 328 3144 3663
f 3224 1446 682
f 4763 4959 1172
f 973 1187 496
f 2986 3471 817
f 1433 670 156
f 299 2671 1310
f 2876 4202 3323
f 4202 4887 3323
f 2506 406 4334
f 3729 477 3869
f 1027 738 7
f 739 661 3113
f 2701 3870 418
f 3188 4965 1381
f 3337 3076 3069
f 1703 2960 3560
f 4211 992 873
f 2373 2745 3789
f 1957 3871 1921
f 1961 4372 3592
f 4545 186 138
f 675 1220 4457
f 951 1296 4743
f 2071 2931 1896
f 1940 4611 3116
f 3737 204 616
f 739 3873 4464
f 4659 4788 3494
f 134 193 3365
f 2466 4179 4303
f 2766 810 3875
f 3876 2179 77
f 2927 4981 2957
f 1941 122 1221
f 1757 3674 4354
f 449 1291 3052
f 1291 2280 3052
f 131 3375 2433
f 275 4761 899
f 3877 4574 4763
f 127 1960 2192
f 4889 1597 3090
f 2164 4445 5
f 2164 2830 4445
f 399 4573 2043
f 3201 878 2351
f 2006 1171 3258
f 105 1554 3369
f 4966 3881 4848
f 4701 3881 4966
f 1237 769 1637
f 2653 2516 4506
f 1755 3029 2784
f 2631 3217 3922
f 2653 4506 3548
f 3029 3907 2784
f 3933 3070 16
f 135 3883 4763
f 1867 4429 231
f 467 3883 135
f 444 3538 1246
f 1246 4312 444
f 4733 2293 3884
f 297 2676 2567
f 4680 298 3461
f 1246 3538 4890
f 2427 3886 4824
f 4045 915 410
f 4238 1233 3739
f 1234 819 1973
f 508 2518 1440
f 4593 2391 3206
f 3740 3887 2390
f 1066 3887 3740
f 633 2599 789
f 4417 783 3671
f 4824 3436 561
f 3166 3031 2635
f 309 4190 1775
f 3841 4190 309
f 91 3889 1253
f 2913 489 1323
f 3912 839 322
f 594 993 3828
f 2229 3891 579
f 4388 1693 2246
f 48 1247 1694
f 1973 3890 369
f 369 3890 1915
f 468 1027 1902
f 4970 1694 3845
f 1230 1380 610
f 3476 3791 1019
f 2965 1810 1128
f 3894 238 2857
f 3704 3896 4087
f 45 1183 2160
f 2473 3130 3975
f 2923 945 430
f 1739 2727 4739
f 472 194 1547
f 220 3898 4267
f 1850 3889 91
f 1544 3951 371
f 1816 670 1433
f 165 4792 4010
f 2277 4402 2328
f 4735 1919 2740
f 2930 3899 4815
f 4276 3899 2930
f 3900 4834 3058
f 3908 1001 3463
f 1395 518 1508
f 2929 1556 4779
f 3146 3178 382
f 3815 1525 1708
f 4720 4762 356
f 3911 2895 2247
f 3911 1000 2895
f 2946 322 732
f 286 3585 3342
f 3772 3904 4893
f 3477 1666 1190
f 4208 4893 3904
f 689 3906 4437
f 4651 4428 1692
f 1098 2105 1094
f 2784 3907 1591
f 4655 1301 472
f 4655 472 3533
f 3000 3908 2322
f 4441 2942 2426
f 1314 129 2089
f 1298 843 936
f 2711 2790 3344
f 3344 2790 4881
f 4093 366 3910
f 366 4501 3910
f 2919 2336 2406
f 2337 3845 1163
f 1673 2785 952
f 3673 2683 414
f 3119 2684 4555
f 1257 2684 3119
f 2998 3760 4522
f 2524 406 2506
f 1227 1023 1680
f 2534 92 2397
f 4114 2768 4698
f 1620 1395 3593
f 3986 374 2390
f 1607 1966 3264
f 802 2391 3137
f 3657 4754 4160
f 586 3658 202
f 1111 2332 3916
f 1310 2547 299
f 3557 2361 3497
f 787 3981 2509
f 1892 3914 813
f 3914 997 813
f 1606 3916 2677
f 3728 3916 1606
f 4276 960 3899
f 2828 1532 9
f 2368 2187 1576
f 4912 2151 1776
f 3917 4370 2936
f 4803 3918 874
f 1364 3468 1465
f 4786 543 4406
f 3779 3920 57
f 2090 3922 3217
f 159 3252 329
f 4906 4588 126
f 4588 1159 126
f 4381 1147 781
f 3924 3147 367
f 4104 3923 738
f 3924 367 661
f 4358 1525 2123
f 1975 4778 2413
f 2128 1072 2125
f 1072 2721 2125
f 4607 2840 4166
f 1211 314 3928
f 239 4900 772
f 3460 1356 4245
f 1641 3396 1977
f 188 4736 3930
f 1331 188 3930
f 1548 4246 1332
f 534 1763 3155
f 1331 3930 3784
f 1548 1332 3932
f 2265 3931 3817
f 64 105 667
f 618 3087 3110
f 618 3110 1005
f 1041 3361 3779
f 4116 3664 3679
f 2133 3456 811
f 4014 2017 4957
f 1327 1716 3927
f 4117 3935 4679
f 4515 2807 2699
f 865 3801 4165
f 865 3551 3801
f 1903 970 4487
f 66 3936 3718
f 3680 4660 1408
f 3731 4149 2899
f 2880 4774 3269
f 4717 724 3588
f 3588 591 4717
f 3939 189 4561
f 1180 3419 2515
f 4572 1829 1053
f 723 2549 3381
f 1197 2113 4367
f 1643 1425 4154
f 860 2451 2638
f 2721 4538 3942
f 2583 4019 3943
f 4019 3713 3943
f 2742 1939 368
f 4807 368 1939
f 1746 2970 1402
f 3816 4412 4430
f 4429 2154 1711
f 74 709 351
f 2878 352 1088
f 4616 4759 419
f 4616 4319 4759
f 4528 1192 2177
f 355 3937 4509
f 4945 4846 1703
f 992 1489 873
f 992 776 1489
f 72 1559 3925
f 4703 3465 4772
f 4744 134 4236
f 4179 1729 4303
f 1136 2602 4119
f 316 2519 2412
f 452 593 574
f 574 829 452
f 2673 495 2658
f 4350 4102 4275
f 542 3886 2249
f 4521 2516 2653
f 3526 695 991
f 695 1942 991
f 1182 4473 3947
f 4600 626 3945
f 2419 4262 4889
f 218 2568 321
f 4369 2195 3382
f 2540 3675 2616
f 2540 2616 2631
f 923 3335 3522
f 4466 2440 3763
f 3850 2264 1200
f 4931 2943 1145
f 3459 3948 1242
f 1242 3948 2082
f 3947 4473 1545
f 2048 4049 1903
f 1903 3949 970
f 1149 2940 143
f 4049 3949 1903
f 3334 2531 3201
f 2831 3307 4731
f 384 4732 656
f 988 1804 726
f 3100 2424 1304
f 3125 430 2954
f 3125 2185 430
f 725 1806 3381
f 4366 4904 4287
f 3490 447 56
f 4489 2058 1593
f 2058 4489 87
f 1856 1479 32
f 2051 2996 2155
f 2854 2916 2662
f 2303 954 2862
f 2734 1004 1388
f 1676 3537 2072
f 120 1028 278
f 278 3449 120
f 4379 2817 2609
f 1290 2703 4645
f 737 2703 1290
f 3954 2945 2712
f 4780 2350 1026
f 83 117 2070
f 4724 3584 3714
f 3190 1145 3935
f 4043 1300 725
f 2066 958 3630
f 2338 2127 2964
f 973 3955 1187
f 1519 4039 260
f 3956 2999 1721
f 2644 3162 3439
f 1752 2420 1691
f 2644 1854 3162
f 2509 4881 787
f 4881 325 787
f 1370 509 4108
f 123 3957 2541
f 1721 116 3958
f 2917 1908 3445
f 4688 2502 3959
f 1721 3958 807
f 586 1073 3658
f 3960 2855 3610
f 3960 3610 1310
f 3953 338 4623
f 709 74 1889
f 1193 3962 834
f 1321 3314 927
f 2500 2900 3178
f 1599 2766 3214
f 3772 4354 361
f 3772 1757 4354
f 3254 2280 3772
f 2327 2721 3942
f 1708 4358 1287
f 1287 4358 2981
f 872 971 1084
f 3050 2167 4954
f 1605 2830 1769
f 2883 2590 450
f 2250 2753 2226
f 2681 4126 3940
f 2031 3083 2983
f 1643 3965 1160
f 2757 4046 1521
f 546 3946 3492
f 2815 1521 4046
f 1671 4917 2940
f 1373 575 1663
f 4007 2604 1837
f 2604 2770 1837
f 1281 2016 1982
f 4608 3966 3267
f 182 1670 3612
f 4475 3788 407
f 4668 3377 4742
f 4746 1038 702
f 2416 612 2845
f 2522 4747 4354
f 4746 702 3052
f 4524 1610 2111
f 2136 3016 3633
f 1799 1579 4663
f 4728 977 800
f 3128 3371 4201
f 4874 366 4093
f 2705 1775 913
f 1973 1259 1234
f 2475 225 2626
f 3901 4625 1846
f 1770 3526 3525
f 3519 2230 73
f 4411 803 3540
f 1649 2005 2501
f 4169 2121 2578
f 3968 2979 3241
f 4345 3968 3068
f 3640 1353 958
f 4900 1811 1003
f 1326 1968 1190
f 4964 1138 3674
f 1473 812 42
f 2832 2180 3686
f 3560 4828 2010
f 3770 2100 2654
f 2436 979 816
f 2252 4260 4925
f 2279 3929 2474
f 1569 3230 1117
f 3014 1805 2143
f 3970 429 1312
f 2611 4978 3848
f 2695 3054 1913
f 690 2899 3519
f 3045 4536 2122
f 4848 1487 586
f 586 1487 1073
f 2650 1166 2909
f 3263 2090 1178
f 2850 74 4075
f 1065 157 2608
f 159 329 3324
f 4030 4492 2374
f 4943 1938 72
f 72 1938 4210
f 4101 3972 4093
f 272 2111 2119
f 934 3975 2244
f 3972 4481 4874
f 4093 3972 4874
f 565 1781 4263
f 4190 3559 3974
f 4201 3371 3131
f 934 1297 3975
f 2731 3976 2722
f 2693 921 197
f 4263 3131 3371
f 3131 4263 1781
f 2549 3684 2429
f 3870 1708 683
f 3238 4314 2449
f 3137 2031 2983
f 1056 4952 755
f 3978 4394 4151
f 4107 300 2715
f 2211 2936 4844
f 1857 4805 2241
f 2582 3979 1231
f 630 2077 4915
f 384 3792 10
f 2077 3829 4915
f 3979 2582 783
f 3980 4395 3034
f 3074 3981 2552
f 4944 1612 3982
f 1098 4652 2105
f 1459 2564 1260
f 2829 1120 2099
f 8 1260 2564
f 2829 2099 248
f 1780 3315 4918
f 1682 4652 1098
f 2847 4159 3229
f 3181 4280 3954
f 2712 3181 3954
f 3654 4482 3638
f 1344 4473 4360
f 1832 397 1657
f 3118 3217 2631
f 827 2771 92
f 827 92 4510
f 3140 1858 2281
f 2281 1858 2075
f 1844 3984 1770
f 4069 1233 1843
f 2890 3985 1973
f 4003 3109 3320
f 322 2411 1777
f 634 1243 3988
f 3398 4145 116
f 2984 3620 3987
f 4438 4576 221
f 359 3476 1019
f 3098 2620 2825
f 2620 3098 3298
f 710 4559 4123
f 1425 380 1100
f 380 1425 3441
f 4372 677 2394
f 3892 3602 532
f 1638 2156 2656
f 1081 2383 517
f 4882 4711 2882
f 4711 864 2882
f 714 51 4082
f 565 1184 3756
f 1556 3993 4289
f 4289 3993 4872
f 3300 510 674
f 674 510 1553
f 3445 1908 1714
f 3959 1473 4688
f 1528 3994 3317
f 3959 3511 1473
f 1924 1528 268
f 860 1165 2451
f 2083 2004 1474
f 4241 1266 3834
f 3997 114 1403
f 3340 4518 911
f 1313 642 3998
f 946 1523 853
f 1309 1540 536
f 4602 911 420
f 1012 3638 3953
f 3448 3999 2153
f 1931 3544 61
f 2360 1210 613
f 930 1834 2009
f 4798 6 2813
f 4254 2821 1809
f 4103 4788 3712
f 4079 2416 1001
f 406 868 1562
f 619 4002 2330
f 322 4004 2411
f 2356 1317 1956
f 1956 4063 2651
f 1176 1956 4005
f 895 372 3296
f 2424 3086 3066
f 4005 1956 2651
f 4063 1317 4604
f 1956 1317 4063
f 1368 582 3471
f 3471 582 3460
f 2986 1368 3471
f 1158 3712 4737
f 4418 265 4894
f 2216 1473 42
f 554 4394 4624
f 4597 3481 4178
f 575 4198 2481
f 4198 575 4642
f 1069 1213 4902
f 3446 1841 358
f 4911 4846 4945
f 776 144 978
f 3092 4008 4147
f 776 978 1489
f 3362 23 1734
f 4010 1789 165
f 770 2545 4011
f 1348 1346 809
f 1345 3773 2015
f 199 32 4012
f 592 199 4012
f 1748 4072 2005
f 421 1391 4013
f 4013 1391 4210
f 4112 1137 4014
f 1148 4897 2264
f 2144 3852 1630
f 3528 1660 2438
f 1432 3267 3966
f 1365 2077 3786
f 630 3786 2077
f 3281 4052 3979
f 4052 1959 3979
f 3448 2325 4016
f 1217 3544 2615
f 1217 2615 1469
f 935 3810 3743
f 4629 1516 1995
f 2360 1077 1748
f 4017 1258 1012
f 987 55 4789
f 306 3072 914
f 2129 3897 585
f 2487 2867 2055
f 4781 3315 3502
f 1159 4176 3079
f 1726 781 422
f 1433 4401 839
f 1610 1601 2218
f 2033 2410 1577
f 1414 2906 720
f 864 2045 4882
f 864 4525 2045
f 177 3290 2256
f 1472 867 2999
f 17 2896 4080
f 4412 2359 2797
f 4019 2583 2581
f 3426 4845 2782
f 2782 4845 1178
f 2207 4867 3267
f 4020 1055 182
f 2231 1055 4020
f 366 3518 4501
f 3518 1343 4501
f 3918 2842 868
f 2324 809 4477
f 1116 1942 346
f 1633 1187 3563
f 1173 4599 1477
f 3119 955 335
f 743 4241 3834
f 3169 2999 4663
f 3169 4663 2686
f 1854 1452 4021
f 1 4446 45
f 1263 1753 4023
f 4554 897 869
f 1426 147 2304
f 883 458 2287
f 1367 1814 2212
f 841 933 2265
f 3270 4024 1448
f 514 4956 590
f 4696 387 4185
f 37 1426 500
f 1328 3125 2954
f 3977 4226 1575
f 49 2452 1530
f 4952 1343 1460
f 3696 3597 2109
f 1727 3299 1134
f 2257 1727 1134
f 2893 3674 3235
f 1668 2894 449
f 1311 1375 3223
f 4203 894 642
f 846 2843 2859
f 4914 2645 4416
f 2552 923 922
f 4680 1870 1852
f 37 144 776
f 2754 1456 4186
f 133 3767 1949
f 1406 4018 2961
f 820 3777 2870
f 2404 1778 2462
f 1778 2404 555
f 198 3151 4284
f 3790 690 1396
f 2982 3550 890
f 644 2089 129
f 841 674 933
f 1822 2887 3596
f 2060 2883 450
f 3859 2729 1337
f 178 2729 3859
f 3906 891 2340
f 891 1392 2340
f 675 3626 4516
f 807 116 3765
f 807 3958 116
f 668 4449 1434
f 253 1530 2566
f 4394 554 495
f 2104 2427 4824
f 915 1955 3166
f 965 4412 4361
f 3943 4035 2583
f 4290 4490 524
f 4290 1934 4490
f 3231 4033 3331
f 3331 4033 1334
f 4361 4620 4034
f 4423 1671 2137
f 1052 939 1048
f 4480 1661 4037
f 1661 4039 4037
f 4839 3108 49
f 76 4039 1661
f 401 310 2188
f 99 3653 3655
f 4039 76 3067
f 379 2183 176
f 2585 1150 1080
f 364 1649 3383
f 1799 4663 4041
f 3092 3734 4008
f 4497 2066 84
f 1711 4523 647
f 806 2405 2885
f 3479 2405 806
f 915 4045 1065
f 1260 3879 4330
f 4330 1459 1260
f 878 4587 2351
f 2562 99 2378
f 2562 2378 2610
f 1444 4046 4423
f 4423 4046 4917
f 4356 848 123
f 528 2709 3666
f 3198 4573 52
f 385 1445 4228
f 3171 1859 1063
f 2897 1230 1189
f 4911 2895 4099
f 428 3571 956
f 1807 2739 2287
f 4080 2060 1212
f 4313 1739 28
f 4049 2048 3949
f 102 4947 426
f 331 3762 4050
f 1380 2897 4051
f 4051 1606 1380
f 1230 2897 1380
f 1742 504 1401
f 527 513 4843
f 1503 3714 3343
f 3695 2259 1065
f 2824 1084 2144
f 3281 502 4052
f 274 4055 1619
f 3701 378 2521
f 3701 2521 2899
f 4781 4056 4370
f 4056 4781 3502
f 2684 4026 4794
f 4332 1246 370
f 1125 179 4177
f 495 4058 2445
f 4058 495 825
f 2860 4273 3673
f 3138 138 1659
f 1633 3563 274
f 4223 2301 2875
f 4060 4224 4969
f 4094 3649 1590
f 4485 1631 3709
f 4485 1770 1631
f 1752 1691 2107
f 3781 4327 4685
f 3435 778 3246
f 3250 3427 2199
f 4063 3465 4703
f 3998 642 2967
f 2967 642 4503
f 4204 2865 3228
f 3228 2865 3024
f 4626 3004 1687
f 87 4489 1680
f 2636 3740 1965
f 1308 1838 328
f 1686 886 3224
f 1815 2867 4782
f 3502 3315 4065
f 2735 602 784
f 94 411 408
f 3266 1005 3149
f 322 2657 2
f 1761 3733 4407
f 2336 2594 3716
f 1896 48 3845
f 2409 3149 1640
f 3266 3149 2409
f 2348 189 1706
f 1706 763 2348
f 4159 4536 2038
f 3569 965 2335
f 967 2442 2367
f 3216 4417 3671
f 1791 2990 1885
f 4066 3646 2952
f 3858 696 4524
f 3633 572 3822
f 4115 1827 2471
f 967 114 2442
f 2347 4419 3664
f 3604 1462 4919
f 4069 4257 993
f 649 3921 2392
f 2082 2990 4233
f 4541 1865 2904
f 1389 2460 210
f 1102 1814 487
f 2548 876 467
f 1780 2601 3192
f 888 2601 1780
f 1297 2473 3975
f 3679 1707 879
f 2347 4071 1717
f 3226 1104 2960
f 2960 1104 2814
f 1354 3321 3547
f 1354 3547 2767
f 3084 1394 2318
f 118 4223 2254
f 4969 4224 300
f 1239 2067 1015
f 3071 1240 3862
f 1625 4686 3934
f 2558 3642 938
f 142 4076 576
f 96 1840 1767
f 4958 4077 1523
f 4958 2178 4077
f 2317 2600 3375
f 2601 888 4880
f 888 1689 4880
f 2970 2425 3193
f 845 2914 3110
f 156 861 115
f 1877 2886 4853
f 1877 427 2886
f 605 3893 1799
f 902 4863 4728
f 3499 902 4728
f 4871 1324 3412
f 4937 713 2458
f 1988 3297 4215
f 2370 2832 1341
f 2832 1608 1341
f 400 2219 903
f 3608 4080 2896
f 209 474 1897
f 4861 1289 1796
f 2224 3964 2717
f 858 1842 4237
f 4083 2643 2857
f 1972 2643 4083
f 3063 2223 347
f 3464 3900 607
f 1805 4467 4426
f 4468 3969 4068
f 3969 4192 4068
f 2772 4085 4191
f 3562 4751 4084
f 4086 684 4977
f 3897 2091 585
f 3781 4277 3602
f 4868 1771 1628
f 1628 1771 1181
f 4087 3896 4119
f 2048 1903 4451
f 3949 2048 4628
f 3613 1583 1494
f 1494 1583 2120
f 2142 3188 1820
f 2006 190 2848
f 727 3895 1976
f 2272 3310 1485
f 1350 2829 1485
f 882 3549 851
f 2328 4468 3766
f 1623 2307 3460
f 2758 939 4146
f 2307 583 3460
f 2063 583 2307
f 663 1813 2676
f 4943 298 4392
f 2304 4392 298
f 3172 2401 1562
f 3230 4088 3125
f 89 3014 2143
f 4089 3778 1879
f 526 4089 1879
f 4090 3072 1385
f 3670 4090 1385
f 3075 548 4091
f 548 1635 4091
f 281 3422 4182
f 4663 3127 4092
f 863 800 977
f 3678 1763 1299
f 3791 3581 3579
f 4501 4093 3910
f 625 215 3945
f 215 4147 3945
f 2702 699 4140
f 4920 1348 4017
f 753 2286 3256
f 2993 2286 753
f 3241 1164 779
f 3100 2401 1565
f 2401 1910 1565
f 266 1911 3125
f 1164 3358 3601
f 1471 4206 840
f 4346 4095 2182
f 4528 837 1192
f 4096 4154 3696
f 1315 2887 2407
f 1315 2407 300
f 2356 3707 336
f 345 26 1176
f 1792 26 345
f 4217 1618 408
f 2590 1544 1371
f 795 582 641
f 125 4843 2479
f 378 459 1361
f 2329 4429 1711
f 4097 259 2210
f 3033 3020 3417
f 4098 1924 1541
f 1811 257 1003
f 282 3163 791
f 2598 2129 585
f 3047 793 2197
f 2197 793 794
f 4332 1474 1355
f 1789 1688 4000
f 1835 1764 3567
f 2858 1764 1835
f 3851 3612 2184
f 4532 1698 1443
f 1692 2632 4651
f 4652 3305 2105
f 1030 560 1557
f 3501 1479 2517
f 4100 196 3437
f 4152 1988 2761
f 186 2973 2402
f 186 2402 627
f 2122 1799 4041
f 1686 2591 4640
f 3810 236 2285
f 3306 88 1884
f 3104 615 3832
f 342 3051 4101
f 1684 722 1049
f 3061 180 4325
f 1794 1263 4023
f 4748 1532 2828
f 1657 2098 2909
f 1862 3430 4892
f 4523 3332 1186
f 4849 3494 4103
f 1926 1841 4269
f 2489 4105 2103
f 3271 2107 3647
f 1170 3082 3428
f 3741 668 4753
f 3525 3526 991
f 3519 2107 3271
f 3503 2918 843
f 193 4179 3365
f 4629 2968 107
f 3621 537 1162
f 3455 345 2092
f 2673 4106 3482
f 2248 80 2673
f 2792 3866 1756
f 3280 2799 3095
f 2799 99 3095
f 2261 2544 2298
f 2465 2052 3158
f 4382 4108 509
f 2025 3903 3395
f 2947 2444 1914
f 3881 1487 4848
f 3637 2900 4450
f 2041 1989 4310
f 266 1328 2954
f 4209 3094 2585
f 1521 2796 2757
f 1455 4110 2592
f 995 1455 2592
f 3247 1241 3210
f 109 1969 1967
f 994 4111 1454
f 581 1116 512
f 4114 2985 580
f 2004 2083 2580
f 3574 1469 2812
f 1167 312 173
f 2920 3418 706
f 1449 3762 3809
f 2546 2748 664
f 2075 1502 4155
f 4510 150 4543
f 1037 961 3507
f 3204 3587 2201
f 2080 2575 2308
f 312 2038 2907
f 3793 158 3927
f 470 4117 1017
f 3003 3 3503
f 940 3 3003
f 3261 4118 3906
f 602 900 784
f 2602 4087 4119
f 2672 4828 2618
f 4344 1845 2619
f 4120 4472 3905
f 3167 4472 4120
f 2655 4341 4250
f 3311 1847 2576
f 1371 4121 4274
f 3216 205 3543
f 3216 3543 3823
f 2309 4271 3470
f 3643 881 2101
f 550 3643 2101
f 4122 4539 2674
f 2403 4123 3509
f 1141 4985 2858
f 3894 2847 3229
f 3894 2857 2847
f 3802 1128 697
f 33 463 2494
f 3802 697 491
f 787 2552 2557
f 1549 2044 4125
f 1923 959 3284
f 1041 3108 3733
f 588 2421 4783
f 280 3405 4617
f 3775 637 4691
f 2369 2357 2839
f 2302 2832 601
f 2357 1384 2839
f 1349 1025 4127
f 1349 4127 2869
f 1349 2869 1969
f 774 2870 2050
f 2870 3777 2050
f 2894 743 1291
f 3070 1154 16
f 4128 2311 2972
f 2511 2095 3720
f 2814 4130 4828
f 2814 1104 4130
f 4638 1543 1329
f 172 1949 654
f 1337 2809 3289
f 1577 3289 4714
f 2863 4102 4350
f 4940 601 3686
f 2866 4563 3797
f 386 4447 4718
f 903 4509 2396
f 4718 4132 1529
f 4447 4132 4718
f 2549 4231 2015
f 3617 353 1582
f 1753 639 4339
f 3937 3617 1582
f 4133 3368 1775
f 862 2793 3191
f 1980 4618 1360
f 877 4134 1280
f 689 4437 68
f 3961 4598 4355
f 3961 4355 1927
f 1444 1980 4046
f 1948 976 2486
f 976 3649 2486
f 30 2485 3241
f 2138 4196 4451
f 2006 3258 190
f 3258 2848 190
f 958 4522 3630
f 4451 1307 2566
f 3634 4347 2094
f 3886 3234 4824
f 2802 3798 989
f 2560 1381 2132
f 1634 3902 746
f 1584 746 3902
f 1184 3500 4139
f 2951 1335 2695
f 1433 839 2184
f 3751 2608 3119
f 780 790 3392
f 2885 4140 3278
f 2029 1304 926
f 4141 3295 4142
f 4691 2191 1730
f 50 4833 4160
f 3760 4143 1783
f 3760 3658 4143
f 4031 4692 505
f 753 3256 4144
f 4822 1105 3473
f 1241 2944 1506
f 2818 2737 2345
f 3264 705 936
f 2169 4324 90
f 4457 3533 65
f 229 2018 195
f 1610 881 1601
f 2551 1332 2891
f 1902 4148 1323
f 3113 833 3873
f 17 3439 4347
f 2988 4022 3580
f 2988 59 4022
f 4116 2133 3664
f 2036 3083 882
f 1408 4660 82
f 2899 4149 2230
f 3695 339 2259
f 2259 339 3174
f 1282 2459 761
f 2174 2173 1898
f 2173 2379 1898
f 1940 4150 1836
f 4795 1836 4329
f 2979 30 3241
f 1940 3570 4329
f 2774 535 1985
f 1562 868 131
f 260 4039 1499
f 591 4053 4153
f 2491 2733 1499
f 3297 4152 1384
f 650 2973 4471
f 591 4153 1943
f 370 3273 4332
f 2760 2240 2480
f 1096 4960 3725
f 4011 545 2283
f 3557 4157 2361
f 2061 4157 3557
f 2612 2740 2928
f 3370 4230 706
f 706 4230 2175
f 2928 2740 1821
f 1759 723 3381
f 1193 834 4420
f 4424 2912 4421
f 2134 2615 1400
f 2101 881 4520
f 3027 3491 3062
f 3555 1330 3174
f 3113 365 833
f 3244 1991 3623
f 1455 411 4110
f 1371 4111 4121
f 573 2305 2143
f 3331 1317 2356
f 3623 1808 3244
f 843 3725 936
f 4102 2863 4883
f 3897 211 2663
f 2484 211 3897
f 2819 2772 45
f 416 4766 3786
f 4665 2931 2030
f 2772 2819 4085
f 636 2355 2354
f 1452 1854 2644
f 636 718 2355
f 1149 2408 2940
f 1882 92 150
f 672 1302 4934
f 4589 3994 2953
f 412 281 4182
f 2412 2519 3668
f 2432 1237 2603
f 4205 1996 4645
f 100 754 4257
f 3006 1453 2880
f 528 3042 1430
f 1665 3410 141
f 1298 936 4817
f 3411 1298 4817
f 663 1851 2567
f 4680 1852 2304
f 3204 2892 3587
f 3204 3998 2892
f 1979 840 2865
f 4258 1044 1486
f 2843 3899 2859
f 2325 4318 3347
f 1745 2615 3991
f 2615 1745 1469
f 4167 3207 1414
f 777 4715 1482
f 1902 3177 168
f 3826 4236 808
f 4584 4381 997
f 1338 4738 3942
f 692 4169 2422
f 2492 682 4170
f 4171 328 1838
f 3011 38 3863
f 4591 39 4758
f 388 3757 2627
f 1838 1236 3044
f 3002 2059 2014
f 2021 1295 4885
f 2810 1295 2021
f 1805 4426 2718
f 855 1805 2718
f 3915 2765 1093
f 1187 3955 3563
f 4465 2844 4172
f 4278 1207 3290
f 2843 4815 3899
f 271 4914 1700
f 831 1294 447
f 1981 1894 4533
f 3141 4483 15
f 1026 15 4483
f 1677 2097 2794
f 2528 2974 56
f 1468 2250 3479
f 3226 1210 715
f 4530 2883 2508
f 735 663 719
f 663 4072 719
f 2050 4174 1774
f 87 2713 2058
f 4966 929 4701
f 4175 1248 2713
f 301 4175 2713
f 2169 3145 3208
f 2406 2336 3688
f 4594 991 3986
f 3525 991 4594
f 2107 802 3647
f 3737 1625 1325
f 3418 3370 706
f 2257 3250 558
f 177 3652 2095
f 4221 2075 2727
f 88 1539 1884
f 1159 817 4176
f 491 1722 875
f 3597 793 792
f 2935 593 4177
f 3386 3249 1579
f 4428 4178 3101
f 4687 443 3019
f 4206 857 1043
f 4285 318 736
f 282 791 2399
f 1093 4448 610
f 2719 407 3788
f 2098 1657 4181
f 3238 3077 4180
f 2768 4114 2983
f 2015 1861 3185
f 3186 2366 1348
f 3063 347 677
f 347 125 677
f 122 1941 346
f 2816 1074 4219
f 2976 1074 2816
f 4105 574 2190
f 3453 2672 614
f 614 2672 2323
f 2493 1887 1685
f 2493 1685 810
f 2495 2068 2219
f 3492 2502 4688
f 400 2495 2219
f 1000 4183 2895
f 956 3571 3692
f 278 86 862
f 4310 1989 2276
f 288 4246 2503
f 3541 4228 1445
f 2980 3402 2294
f 1957 4184 8
f 4691 1730 3334
f 4185 613 4028
f 3563 3955 2041
f 2795 3097 4311
f 1273 4186 133
f 3085 542 2249
f 3643 2295 1601
f 2295 3643 883
f 2296 3732 223
f 2295 883 3551
f 1921 1022 2833
f 556 715 2360
f 432 3131 1781
f 622 4482 3654
f 1848 1585 4893
f 4555 4187 3000
f 683 972 1321
f 229 4189 2018
f 334 1629 3718
f 3850 1200 3631
f 4466 3763 1083
f 932 2569 2745
f 4581 1201 3514
f 2179 3876 40
f 2418 2249 2104
f 4557 2816 4219
f 1661 2816 4557
f 1165 3288 2451
f 860 3358 1165
f 1751 828 480
f 1101 455 2015
f 2517 3356 659
f 659 3356 149
f 854 3114 3407
f 473 2418 561
f 1955 78 209
f 2143 1805 855
f 3706 4192 4402
f 847 4355 1594
f 4355 848 1594
f 4319 3393 1595
f 1810 1285 1722
f 3648 1728 749
f 3517 2478 3384
f 3384 2478 4501
f 3743 1203 935
f 1723 4669 3111
f 2112 394 746
f 3574 2812 2435
f 3818 4946 2059
f 927 4193 1428
f 1856 4217 137
f 2132 1087 3951
f 1087 4965 3951
f 1967 4957 2444
f 4283 3210 1241
f 200 4194 3880
f 2566 4196 2138
f 1785 1506 4271
f 30 3358 2485
f 3999 455 3339
f 1400 4404 3544
f 4227 871 3405
f 4656 3334 3260
f 2153 3339 455
f 3999 3339 2153
f 1238 620 3697
f 3721 2991 4197
f 262 2992 4074
f 863 3640 4497
f 4497 3640 2066
f 946 4958 1523
f 4199 2822 233
f 1042 4198 3628
f 1385 306 547
f 3670 1385 547
f 3628 4198 2275
f 4079 617 2416
f 1219 617 4079
f 306 4200 547
f 4352 917 226
f 661 401 1266
f 1266 401 3834
f 2221 3050 4721
f 3341 4203 494
f 2178 4888 258
f 1103 4443 2003
f 487 1029 4740
f 2668 4205 1294
f 1419 4147 774
f 4541 1233 950
f 3743 3545 2792
f 3743 2964 3545
f 1457 4462 1409
f 2318 985 4752
f 844 3362 4206
f 2280 4542 4208
f 2440 651 756
f 2425 2633 3193
f 427 4209 2585
f 4357 4734 2201
f 4734 3204 2201
f 2064 1083 218
f 77 2179 40
f 77 40 3004
f 751 170 4316
f 1083 2568 218
f 2194 81 2005
f 4210 1391 421
f 4104 738 1027
f 2857 1946 2847
f 933 2965 3802
f 1384 1909 716
f 3410 1570 4507
f 2069 2910 223
f 4365 2494 4369
f 2625 4211 4641
f 2813 1914 4212
f 1617 4213 256
f 3499 4728 58
f 4529 1435 1078
f 1038 1668 3052
f 1319 4360 4473
f 4215 2357 2369
f 570 4215 2369
f 2302 3138 2832
f 1237 1637 4484
f 4484 2603 1237
f 138 1911 266
f 4231 2153 1101
f 3544 4232 809
f 1620 180 3243
f 4768 4261 1580
f 2133 4071 2347
f 811 4071 2133
f 3749 3971 614
f 21 1986 1170
f 206 4218 2315
f 1825 2530 3142
f 560 2281 4221
f 92 525 1256
f 2202 4203 642
f 2865 4204 1979
f 3853 92 1256
f 1374 4222 771
f 4577 527 2985
f 304 3650 483
f 2002 420 1609
f 4660 1619 1225
f 4763 948 135
f 948 4763 3098
f 3098 2825 948
f 4761 4559 3727
f 690 3519 1396
f 2545 3711 4138
f 2788 2266 1636
f 1046 4505 2902
f 4529 1078 356
f 1179 1192 4214
f 1449 3809 4225
f 4225 3809 2565
f 167 3336 4226
f 4226 3336 548
f 404 3726 578
f 3662 4756 292
f 3662 4806 4756
f 2559 691 831
f 2351 831 691
f 1420 2588 2830
f 3860 3663 3882
f 2559 831 447
f 2657 3105 4813
f 3458 189 1819
f 1554 2122 3369
f 2323 2254 614
f 3188 4261 1454
f 3951 3188 1454
f 4228 1925 698
f 905 4228 698
f 3544 1931 4232
f 787 3335 1286
f 4080 1212 4971
f 956 322 2946
f 206 4229 1875
f 3495 3479 806
f 3460 1362 2355
f 809 4232 1931
f 4233 509 3133
f 2025 3183 104
f 2454 4959 429
f 857 4861 4234
f 3213 485 2227
f 1280 1298 2767
f 4379 2609 2519
f 1675 261 1609
f 2914 3781 3364
f 104 748 2482
f 748 3020 2482
f 4774 2880 379
f 4774 379 3745
f 470 4259 4117
f 39 2640 4716
f 635 1243 634
f 3750 622 3654
f 3874 160 210
f 1645 1837 4235
f 3814 1447 4198
f 724 4238 3739
f 2727 2525 2827
f 4379 3745 2526
f 2526 3745 4048
f 103 1129 4239
f 224 4616 4876
f 612 2171 2625
f 823 875 1377
f 2000 1964 4476
f 259 386 2210
f 479 4240 1240
f 1750 1840 96
f 1266 4241 743
f 3177 4248 168
f 1580 2428 198
f 198 2447 1580
f 225 4451 2626
f 4628 4242 1112
f 1999 3913 2043
f 4676 3382 4244
f 71 4244 3382
f 2983 1418 513
f 3918 2380 874
f 1098 433 3416
f 4245 2354 1362
f 4663 3956 3127
f 4589 2953 1924
f 4098 4589 1924
f 2123 3367 2243
f 2891 4246 288
f 4866 4425 3641
f 3641 4425 3534
f 1970 2959 4247
f 4047 4729 489
f 3118 2616 3675
f 2924 4862 1766
f 518 1568 1508
f 875 1722 1518
f 4248 658 3536
f 4248 3177 658
f 2801 2292 3608
f 3456 3952 811
f 2188 310 4464
f 2629 3261 2439
f 4890 2469 3273
f 4653 892 4062
f 3167 4120 3905
f 3167 3905 330
f 4157 2306 2361
f 1834 1002 2171
f 1404 4252 4533
f 3981 4252 1404
f 1689 4844 4603
f 1881 4254 171
f 2456 4254 1881
f 3484 4253 3375
f 4253 3484 868
f 1018 3383 3595
f 2523 4956 1652
f 1322 4458 1169
f 4257 2461 2056
f 369 2462 649
f 1492 100 2056
f 3171 3193 3053
f 1150 3094 2956
f 3094 1150 2585
f 1738 1321 4374
f 1456 693 4638
f 694 4243 172
f 557 2862 3171
f 2203 1714 1908
f 2203 1908 2135
f 2162 2461 4256
f 704 4256 4257
f 947 343 649
f 1045 1044 4258
f 2150 2400 3894
f 2603 4783 3973
f 649 2141 369
f 1621 2604 4007
f 4259 957 482
f 3354 4158 4260
f 3354 4260 2252
f 1825 2434 1409
f 176 2656 2156
f 88 1079 1539
f 3849 45 4446
f 1769 1139 2602
f 539 655 4539
f 920 710 4787
f 1769 5 1139
f 2469 4733 2621
f 2857 238 44
f 45 2965 1183
f 3786 4649 3995
f 2030 3979 1959
f 990 4885 4265
f 1907 937 4135
f 1322 3028 448
f 1992 448 3028
f 832 2975 3274
f 2879 832 3274
f 1691 1359 1726
f 1710 3330 1560
f 755 1251 4446
f 1786 1310 1948
f 1541 1427 2979
f 4653 3531 4262
f 4266 3798 2414
f 851 4015 2036
f 1556 529 64
f 929 674 4701
f 1100 380 3605
f 2633 2970 4267
f 2633 4267 3248
f 4321 4818 3321
f 4639 3268 4141
f 2141 2392 1973
f 246 2566 252
f 4269 4340 2504
f 2868 1410 1214
f 1411 2096 4270
f 4492 2078 2374
f 4084 811 3952
f 1411 4270 3403
f 1785 4271 975
f 975 4271 2309
f 1458 235 2866
f 4615 1848 4208
f 3665 2377 201
f 3665 4109 2377
f 818 4274 350
f 460 4629 107
f 2042 4102 2622
f 31 2308 2575
f 2042 4275 4102
f 3115 2204 31
f 3714 4276 3343
f 3153 3976 2731
f 193 134 1461
f 4410 3131 4633
f 1048 2478 3517
f 1161 3879 1260
f 2351 2805 1713
f 831 1713 2805
f 569 1448 1590
f 3430 1890 4531
f 3164 1619 4660
f 3602 4277 2321
f 1274 717 1638
f 1278 2193 639
f 3896 339 821
f 4136 2442 114
f 2550 3488 1787
f 1127 2845 3277
f 252 3286 4346
f 4758 4636 3468
f 406 874 2380
f 4844 2936 619
f 2470 1449 4646
f 2942 780 1534
f 3851 889 182
f 1798 4172 2844
f 4465 4172 1798
f 3838 4384 4278
f 4278 4384 1207
f 1975 1781 4280
f 622 989 2587
f 830 2446 2573
f 2073 165 4281
f 2114 2145 3807
f 3107 2835 4606
f 2103 2835 3107
f 4283 1241 3469
f 4537 1051 1639
f 4284 1351 4447
f 4753 23 3741
f 3792 2051 2155
f 85 343 3921
f 422 781 1147
f 3717 4908 4285
f 4908 318 4285
f 3491 3343 3886
f 2698 4785 3032
f 4785 3618 3032
f 3539 4286 237
f 2000 417 3676
f 3211 118 4154
f 1125 4177 829
f 27 1968 3650
f 2819 2160 3432
f 4083 3431 653
f 535 1448 1500
f 3626 4457 4516
f 653 1215 4083
f 428 956 978
f 144 428 978
f 1347 1600 179
f 2280 1291 4542
f 1384 716 2839
f 1495 3804 3759
f 1924 3994 1528
f 798 4287 4904
f 1760 3178 1615
f 3730 2999 2686
f 2395 3795 4431
f 359 1019 1635
f 3075 1635 1019
f 1423 1215 4288
f 4289 1423 4288
f 2062 3161 3419
f 4290 571 2281
f 362 4291 2966
f 3428 3082 3152
f 3282 4923 3751
f 3101 4178 2386
f 3863 573 4749
f 4073 2640 3065
f 94 465 1414
f 4319 1595 4292
f 4592 4268 729
f 3317 4592 729
f 952 1732 2689
f 2552 4533 3074
f 952 2689 1669
f 2114 1309 536
f 2201 2929 3970
f 1291 449 2894
f 2201 3587 2929
f 3333 857 4206
f 1236 3407 4592
f 1666 789 4294
f 4640 4910 3129
f 1236 4592 3076
f 4661 3843 1408
f 2599 4294 789
f 1776 663 4912
f 1776 1604 663
f 3851 4295 2304
f 213 2711 4296
f 213 4296 3335
f 3659 4337 4090
f 177 1171 14
f 14 3121 177
f 4867 4301 3140
f 2231 2771 827
f 3042 4300 1430
f 2486 4024 166
f 2300 2029 4334
f 2300 1168 2029
f 4639 3869 3268
f 4002 3869 4639
f 4400 3458 4621
f 4334 1168 2300
f 4304 896 393
f 1633 413 1860
f 1251 4304 393
f 392 4070 1035
f 1035 1252 392
f 2770 2762 4360
f 2416 4305 612
f 1236 688 4306
f 1838 688 1236
f 345 1176 2092
f 3611 4441 2275
f 3273 1474 4332
f 2766 1599 3042
f 4374 1321 1470
f 2063 4307 1844
f 1844 4307 469
f 3630 4522 4442
f 2247 2895 1498
f 732 4100 1489
f 4569 2720 4432
f 925 1186 1644
f 4309 4764 631
f 326 388 1658
f 3563 4310 3811
f 278 4311 3097
f 3774 4313 4168
f 4168 4313 28
f 3078 2707 3957
f 4598 3078 3957
f 4407 2694 2807
f 1180 1931 3419
f 4231 1513 723
f 462 2675 2389
f 1613 4315 2842
f 2867 3096 1613
f 1780 4711 3315
f 1510 557 3171
f 2297 3575 2107
f 3300 2763 510
f 170 3609 1812
f 828 856 1495
f 4335 624 511
f 624 4421 511
f 1164 3601 3827
f 291 4316 1812
f 4827 3778 4089
f 4827 2698 3778
f 3239 103 3862
f 2319 4901 4317
f 1981 922 923
f 1545 2785 2822
f 3862 103 600
f 2276 1989 2823
f 1259 862 86
f 3597 792 1244
f 4580 1130 2782
f 3517 3272 4559
f 4123 4559 3272
f 551 898 1719
f 3421 2867 376
f 376 1815 4782
f 3315 4689 4065
f 1737 3964 184
f 4708 4318 2325
f 1110 184 3734
f 1110 1737 184
f 4319 4292 4759
f 3420 853 4320
f 217 1839 464
f 3420 4396 1570
f 2344 4397 4321
f 1383 2326 1124
f 1431 1452 2644
f 4145 2926 3542
f 513 4324 788
f 2533 4337 3659
f 3965 1643 2909
f 1415 764 124
f 1819 3939 1437
f 3562 2210 247
f 4439 2801 1538
f 3425 1382 1915
f 3661 4562 1146
f 3392 1684 1049
f 3061 4325 3056
f 2322 3463 229
f 180 4942 4325
f 2234 875 3667
f 4325 4942 3768
f 4739 2827 249
f 2609 2526 3242
f 2421 588 2382
f 3516 4327 845
f 3570 3944 4329
f 644 129 4327
f 869 4153 4053
f 4330 2667 1459
f 4041 4331 4092
f 977 293 863
f 977 4664 293
f 1883 4524 696
f 3016 3202 572
f 2099 1120 248
f 4332 1827 1246
f 1607 4057 2682
f 416 4649 1296
f 4809 3600 4284
f 2000 4333 417
f 2811 1750 96
f 4333 1823 417
f 1649 632 1188
f 3869 986 2751
f 3974 4334 2012
f 646 928 4217
f 1693 2669 2745
f 4771 3434 1820
f 1447 2481 4198
f 1723 4338 3129
f 2671 1723 3129
f 2601 2775 3192
f 1723 3111 4338
f 3294 3764 1436
f 2450 387 3521
f 3851 3195 768
f 3851 768 500
f 3944 2445 3440
f 4339 2726 1753
f 852 1754 9
f 1842 4340 4837
f 4269 1841 3001
f 4040 576 2085
f 1758 576 4040
f 1504 2777 4472
f 28 1739 4739
f 501 4048 1900
f 3385 58 350
f 2100 3770 1155
f 951 3716 2594
f 2623 951 2594
f 1417 4342 1896
f 4343 1494 2120
f 4976 4772 3465
f 3804 3591 2671
f 3144 328 3044
f 3044 328 4171
f 3394 4170 682
f 4487 1603 1903
f 1112 57 3949
f 1112 3779 57
f 3050 2343 2438
f 4022 601 4940
f 2704 3426 214
f 3368 859 309
f 2618 675 2672
f 3875 1685 4631
f 3565 29 1744
f 3565 501 29
f 1459 2710 3871
f 2709 3871 2710
f 2462 369 2196
f 2607 2196 369
f 4944 3982 4312
f 3076 3317 3069
f 3809 2238 1533
f 4201 750 1191
f 3437 3197 2339
f 2400 145 1064
f 4524 272 2119
f 2136 3822 273
f 3699 4137 1721
f 4192 3969 4402
f 707 4508 1196
f 4601 4207 1757
f 4207 1009 1757
f 2343 3050 2221
f 442 1919 4735
f 976 2555 3649
f 3068 2555 976
f 2571 2266 4693
f 4181 1922 1235
f 2603 4349 2432
f 626 625 3945
f 176 4543 918
f 982 648 1746
f 2517 1596 3356
f 1598 1820 3151
f 3151 198 1598
f 3590 2135 4351
f 3401 2762 1149
f 81 2194 4884
f 421 990 514
f 241 54 1787
f 1875 4229 3402
f 1875 3402 587
f 3370 1647 4230
f 2522 4351 2135
f 4967 2216 1038
f 4395 805 1174
f 2165 2586 2310
f 4897 2282 1200
f 2976 1216 1074
f 3589 2350 3304
f 3606 4670 2849
f 736 3446 4326
f 1927 4355 2789
f 155 1836 870
f 4435 1664 4370
f 870 1990 155
f 891 4759 3435
f 1874 2972 2200
f 4591 4758 1171
f 3814 1663 1447
f 3814 1800 1663
f 1610 1337 337
f 2770 4360 4359
f 1427 1947 2979
f 2979 1947 30
f 586 202 2314
f 4256 3980 3034
f 2530 1825 4220
f 2530 4220 3030
f 3640 863 1353
f 2898 1517 2575
f 2575 1517 1662
f 612 1157 2845
f 300 2407 2715
f 1683 3944 3570
f 918 1954 379
f 1152 1719 2069
f 3503 4829 1280
f 601 4471 2973
f 1020 4364 2354
f 4009 4364 1020
f 2568 660 2043
f 4365 4369 3382
f 2541 2852 4786
f 4510 176 1497
f 3456 4084 3952
f 3397 4084 3456
f 1197 4367 2159
f 4367 3412 2159
f 487 1814 4368
f 1607 3264 2083
f 4205 1290 1996
f 2195 4369 3967
f 1491 1601 3551
f 2296 2136 3732
f 1780 4370 2211
f 1934 560 1188
f 4490 1934 1188
f 525 2534 4032
f 4371 4801 2222
f 3263 3922 2090
f 1251 132 4446
f 1221 4432 3009
f 1136 2542 821
f 4804 2714 2024
f 2053 2766 3677
f 2363 784 900
f 2577 2345 3377
f 196 604 1777
f 4375 4376 3059
f 818 450 4377
f 4481 3972 4101
f 1575 1971 1728
f 1060 4501 1343
f 3905 3109 330
f 330 3109 3167
f 4250 331 2655
f 2655 331 2470
f 3148 4081 1197
f 2756 789 1666
f 4293 2687 772
f 375 3148 1197
f 460 4900 1817
f 2088 1468 3495
f 4008 4378 4147
f 4378 4008 774
f 2886 3812 1632
f 3871 1022 1921
f 4262 2419 4653
f 4467 3014 3085
f 1191 2769 3128
f 446 1269 3874
f 1336 3073 3500
f 2581 3783 1546
f 1874 2200 1873
f 3738 1370 4382
f 3903 974 1983
f 4913 3554 1348
f 4383 2203 4104
f 2187 256 2978
f 1914 2813 6
f 4524 3352 2867
f 3880 3458 4400
f 3258 398 2848
f 1028 86 278
f 315 791 2659
f 315 2659 24
f 4415 4633 432
f 989 363 2802
f 1204 713 1622
f 1830 3070 1893
f 69 3785 2908
f 3335 3291 1286
f 4343 1446 3224
f 4343 3663 3144
f 4422 3709 1770
f 3709 1631 1770
f 2244 3283 747
f 1307 3018 3286
f 4903 4704 363
f 400 4856 110
f 1152 4387 4386
f 2287 458 1807
f 1257 4026 2684
f 4225 2565 4646
f 4389 4390 439
f 4187 1001 3908
f 4360 1316 4235
f 4390 4389 783
f 1801 4459 3672
f 1316 4360 1319
f 1078 4391 3462
f 1821 1049 4393
f 4393 3180 1821
f 4249 1628 4137
f 2910 2410 223
f 1836 303 798
f 4795 303 1836
f 757 4394 495
f 3976 53 2722
f 2889 2777 2237
f 4909 3786 630
f 205 439 2046
f 3047 1878 792
f 1878 1244 792
f 2540 2782 1130
f 3363 1058 2751
f 4396 3420 242
f 1570 4396 242
f 2344 1540 4397
f 4398 2321 391
f 1274 1638 4399
f 4398 391 3021
f 2321 4398 3021
f 1274 4399 2880
f 4399 379 2880
f 4276 2930 4815
f 603 2321 3021
f 1807 1331 2941
f 2415 895 1511
f 4251 1560 493
f 4864 4078 2286
f 2666 1263 916
f 698 1151 301
f 302 698 301
f 1433 156 4401
f 2628 4822 782
f 2511 3706 4402
f 4403 1147 730
f 1147 4403 422
f 1400 2615 4404
f 422 4403 730
f 1973 4405 3890
f 3467 929 4966
f 3264 936 2580
f 1158 4737 522
f 136 3443 1575
f 2324 4477 436
f 4300 1741 4188
f 2000 1008 1964
f 4330 3879 1144
f 2351 4587 634
f 410 2635 157
f 2635 1974 157
f 610 4448 1189
f 1209 448 1121
f 1786 4408 1310
f 4432 244 3009
f 3855 512 354
f 125 2985 527
f 4746 4688 2216
f 354 512 1941
f 125 527 4843
f 3141 3103 4483
f 1002 3825 4211
f 2944 1241 3284
f 1241 3247 3284
f 1054 2670 2406
f 2670 932 2406
f 3223 4409 1163
f 1184 552 2536
f 1224 2536 552
f 4411 363 289
f 966 2581 2154
f 2154 2581 1339
f 2701 4414 4858
f 4411 1501 363
f 4413 363 1501
f 4607 4166 3856
f 4932 1064 3013
f 4072 663 2005
f 4658 4392 4210
f 805 4069 1208
f 85 3921 649
f 4023 373 2837
f 4748 232 2922
f 3897 493 2484
f 493 2663 2484
f 45 2074 1
f 1581 2097 1677
f 56 3389 4416
f 2153 455 1101
f 1551 2152 4417
f 522 3712 1158
f 4418 1028 265
f 4419 3679 3664
f 3679 4419 1707
f 234 1735 3200
f 4941 2791 3233
f 1825 3142 1201
f 77 3004 4919
f 4941 3636 2791
f 2691 2436 4792
f 2436 816 4792
f 1193 4420 893
f 511 4421 2912
f 3709 4422 3525
f 4422 1770 3525
f 809 436 1348
f 1256 1429 2343
f 3791 3443 136
f 1949 3724 407
f 654 1949 407
f 4287 4116 4366
f 4058 3397 4116
f 4297 281 3444
f 3444 281 2647
f 4825 4866 3184
f 4424 4421 624
f 1611 221 1960
f 4378 774 4147
f 1844 1397 3984
f 279 3854 1262
f 4427 4726 2444
f 3878 2779 4895
f 4555 3000 620
f 18 4666 4156
f 1902 1027 7
f 3113 3873 739
f 4611 1940 606
f 2022 887 2545
f 110 2447 1578
f 1692 4428 1407
f 4428 3304 1407
f 2952 584 3033
f 2721 1712 3837
f 2614 2721 3837
f 4358 395 4193
f 1313 3204 4734
f 283 3398 4137
f 4324 2169 3634
f 4751 838 811
f 4694 2862 954
f 592 4012 2193
f 1351 1376 4447
f 1817 4900 239
f 1225 2395 4431
f 4431 4432 1225
f 1028 120 3449
f 108 3790 1396
f 3562 247 838
f 4433 969 4114
f 4433 4114 580
f 4983 581 4180
f 581 512 4180
f 287 2968 4434
f 11 4437 3906
f 685 990 421
f 11 4436 4437
f 3906 4436 11
f 3038 1066 3740
f 4775 4438 3206
f 4309 28 106
f 551 2103 3176
f 373 4023 3276
f 3276 4023 1118
f 898 551 3176
f 4520 550 2101
f 1771 207 1181
f 1507 4439 1538
f 1665 3091 3782
f 3725 843 3782
f 971 4221 3774
f 1654 4635 4440
f 2980 3285 192
f 3508 3285 2980
f 959 1923 1405
f 2420 1359 1691
f 4441 4642 780
f 154 3765 3256
f 78 3292 4443
f 78 4443 1103
f 298 4943 3461
f 3231 4444 2241
f 4444 336 2147
f 415 2511 877
f 4445 4725 3704
f 4835 3566 1976
f 2085 576 2602
f 221 1611 4438
f 1838 3044 4171
f 4640 2492 4170
f 3309 4640 4170
f 4055 3811 2395
f 15 1026 2613
f 2395 3811 3795
f 3138 1659 430
f 3130 2473 1288
f 4419 327 1707
f 4419 2347 327
f 4231 2549 1513
f 1513 2549 723
f 3681 3480 861
f 1664 4448 1093
f 4194 2362 3880
f 3919 2362 4194
f 4450 2900 2500
f 2301 79 2875
f 4969 1032 4060
f 1032 2513 4060
f 2255 2362 1798
f 2405 2319 3102
f 2885 2405 3102
f 517 406 2524
f 772 4900 1003
f 4454 1190 1968
f 1895 4453 3637
f 399 2043 1829
f 4455 2468 3345
f 2719 306 2535
f 405 711 1518
f 3970 2991 2747
f 2776 4456 633
f 425 1699 3655
f 1629 3655 1699
f 233 2001 652
f 233 652 2233
f 2275 2426 1981
f 1761 543 57
f 1661 2976 2816
f 4199 1645 2822
f 1316 2822 1645
f 4458 1926 1169
f 1802 736 4326
f 2515 2320 1180
f 4336 3521 2895
f 2895 3521 4696
f 570 1609 4059
f 3363 4460 2437
f 4511 2653 3548
f 3029 4853 3907
f 3992 4853 3029
f 1515 4461 4804
f 4805 1701 1156
f 2836 1217 2435
f 4270 2096 3403
f 2794 3481 1846
f 4071 4908 1717
f 1653 1428 4509
f 663 2567 1813
f 669 1800 2086
f 2222 3837 3875
f 4463 4953 7
f 661 4464 310
f 2134 2872 197
f 2909 3696 2109
f 7 738 2189
f 1178 3217 453
f 1178 453 2782
f 739 4464 661
f 2909 2109 1657
f 3011 4749 4465
f 2256 4073 4591
f 2810 2021 4026
f 4964 2893 183
f 1668 812 2894
f 4906 1293 4588
f 738 4964 183
f 2797 2359 15
f 3529 4019 2581
f 505 2089 644
f 3599 2617 2034
f 3639 3630 4442
f 2344 4321 1571
f 1707 4908 879
f 898 3176 1719
f 1634 3329 4348
f 2444 3064 2007
f 4294 4930 2931
f 4930 4791 2931
f 3109 4470 954
f 456 2655 3629
f 568 1209 1964
f 2341 799 3274
f 650 4471 601
f 3116 3570 1940
f 3737 616 4151
f 3174 1065 2259
f 1450 2675 1356
f 1936 1792 3310
f 3607 3522 3335
f 893 4825 3184
f 2186 3256 3765
f 1779 3256 2186
f 1211 3928 3473
f 424 1211 3473
f 240 3413 3412
f 4871 3413 240
f 3735 2146 4476
f 1488 4474 4064
f 240 3412 4699
f 3735 4476 1121
f 3799 3005 3043
f 386 3043 3005
f 4929 1906 754
f 4474 2496 4064
f 1480 624 4335
f 4017 3685 1258
f 4477 809 1180
f 1101 2015 4231
f 964 3445 3312
f 3446 3313 1535
f 658 4478 1771
f 1410 2991 3721
f 2620 2548 948
f 1395 1508 3593
f 1067 1478 2413
f 1478 432 2413
f 4552 4532 1443
f 3293 1302 672
f 4480 1519 260
f 4039 1519 4480
f 535 829 2489
f 4623 4481 3831
f 1493 1205 1292
f 4480 260 4380
f 639 1788 1823
f 1788 639 3627
f 2220 1537 640
f 359 1267 4873
f 359 1013 1267
f 1348 4920 1046
f 4435 1033 4674
f 4783 2603 4484
f 4783 4484 588
f 1616 1125 829
f 1346 3544 809
f 779 520 3245
f 1347 1006 1590
f 3534 4476 2146
f 386 1529 814
f 3079 4485 3709
f 1276 4487 4786
f 4488 1862 1863
f 4962 1862 4488
f 3607 2086 3522
f 1316 4473 1182
f 1545 3344 2554
f 1386 2682 4057
f 1545 2711 3344
f 4340 46 3946
f 46 2502 3946
f 4340 2502 46
f 694 1415 124
f 561 3436 4491
f 2135 97 4747
f 4872 64 1423
f 4701 674 2265
f 2494 2505 851
f 499 4086 4493
f 4602 913 4494
f 3921 519 2890
f 1775 4494 913
f 3373 1839 1224
f 2962 4496 3146
f 4863 3510 4
f 2077 924 3829
f 2077 1365 924
f 1110 2689 4164
f 1737 1110 4164
f 4765 1404 2753
f 930 3825 1002
f 1834 930 1002
f 906 2114 1540
f 2114 536 1540
f 2832 945 1608
f 3691 2920 1929
f 3691 1929 215
f 1472 4137 3699
f 3737 4151 757
f 1059 1728 3648
f 1229 4499 1614
f 3174 915 1065
f 3742 2696 774
f 825 554 3397
f 2211 4370 3917
f 1177 3362 4854
f 3333 1177 4854
f 475 2735 784
f 4534 3320 3109
f 2655 4502 745
f 2967 4503 3587
f 1279 3024 2865
f 1279 3228 3024
f 4038 93 4685
f 3358 3288 1165
f 2853 3221 4893
f 1453 98 931
f 763 4504 2348
f 2348 4504 2908
f 2743 2859 1677
f 4416 2645 1678
f 2645 2528 1678
f 3132 2266 987
f 987 2266 2788
f 2016 3350 1982
f 2758 4146 3019
f 1544 371 1371
f 276 4272 3711
f 4115 4507 842
f 4977 684 2804
f 1660 4299 499
f 341 3921 343
f 549 3883 270
f 4818 3547 3321
f 4509 3937 3362
f 2714 109 1641
f 1854 4497 3162
f 178 4557 2729
f 2729 4557 1337
f 688 854 4306
f 1838 854 688
f 3230 3125 1911
f 1045 4870 475
f 1432 2961 3267
f 4903 4512 2681
f 837 290 1249
f 4528 290 837
f 1436 4330 1144
f 3879 1436 1144
f 2886 1632 4853
f 3505 239 2399
f 4513 2360 613
f 2813 4415 51
f 3532 1430 4300
f 4558 418 1738
f 418 3870 1738
f 1504 4472 3167
f 4250 4341 3762
f 4179 2841 1729
f 3850 2800 130
f 531 2795 608
f 3850 4478 2800
f 1145 2801 1507
f 1794 916 1263
f 2228 2079 296
f 3759 2671 4514
f 2547 3759 4514
f 3485 2228 296
f 451 2130 267
f 2635 3031 1974
f 1779 1941 1221
f 2186 1941 1779
f 1424 3330 1035
f 3438 585 2091
f 4191 4085 2093
f 3018 4089 526
f 1129 3239 3017
f 3239 1963 3017
f 2232 3483 1078
f 4123 1891 3509
f 4636 1420 1605
f 1008 568 1964
f 4565 3005 2341
f 3274 4565 2341
f 675 4516 2672
f 2419 4821 892
f 1420 2830 1605
f 2567 1466 571
f 16 4611 767
f 1325 1625 3644
f 109 2714 1969
f 993 594 1233
f 210 160 1389
f 915 1255 1955
f 4336 2450 3521
f 768 3195 2184
f 2637 1268 3738
f 3946 2502 3492
f 1268 1370 3738
f 974 3390 3255
f 3363 2535 3406
f 622 2587 4482
f 653 2431 1215
f 4519 1718 3357
f 2431 4773 1215
f 4773 4288 1215
f 4519 3357 3432
f 2763 4519 3432
f 1829 2043 3913
f 4244 4610 980
f 2240 3558 2480
f 3047 792 793
f 2782 4928 2704
f 692 2121 4169
f 3555 2574 1330
f 4724 3491 3027
f 752 2354 4364
f 3759 2547 1786
f 3175 1990 870
f 790 4905 722
f 3243 180 1743
f 4521 4581 2516
f 4095 3778 2182
f 4864 4659 2034
f 4659 4864 4788
f 362 808 1612
f 1170 3428 773
f 3099 549 3196
f 4350 4620 2453
f 4350 4034 4620
f 1267 1013 2773
f 273 4525 864
f 1568 518 1970
f 1833 142 576
f 439 4390 2027
f 3989 858 681
f 3990 4335 2903
f 4726 4963 67
f 1829 3913 3203
f 931 2026 717
f 717 2026 324
f 98 324 2026
f 931 98 2026
f 2519 2609 4527
f 1716 3793 3927
f 731 4871 240
f 60 156 670
f 894 2206 4503
f 1658 1279 326
f 3228 1279 1658
f 4512 1412 2681
f 1192 1390 230
f 4214 1192 230
f 3359 4528 2177
f 1464 2199 3213
f 4535 258 1872
f 3185 1861 3227
f 2589 477 1664
f 2589 1664 124
f 1775 3340 911
f 566 4530 2912
f 764 477 2589
f 704 3980 4256
f 1226 4488 2310
f 778 2880 3269
f 1133 2078 4492
f 4308 3938 1132
f 1615 3178 3146
f 4777 277 2777
f 277 4472 2777
f 66 516 3225
f 2751 2437 4460
f 2751 4460 3363
f 748 104 3183
f 1404 4533 2753
f 4533 2226 2753
f 4675 4979 2383
f 2143 707 3427
f 1280 2313 877
f 1110 1669 2689
f 4534 3109 3905
f 3680 3164 4660
f 3164 3680 1408
f 2655 745 4341
f 3905 3025 4534
f 2878 1088 3978
f 4487 543 4786
f 4472 3025 3905
f 1029 943 562
f 1876 2933 1024
f 1300 1839 725
f 3117 4934 664
f 1981 2235 1894
f 1673 2233 2785
f 4077 4535 1523
f 1994 2114 3807
f 4724 3714 1503
f 3555 319 339
f 339 319 3174
f 2465 2260 656
f 3696 118 2323
f 821 339 3695
f 4966 4848 4
f 173 4536 2971
f 173 2907 4536
f 380 1160 3605
f 4135 389 381
f 2637 1051 4537
f 656 2260 4538
f 2329 1525 3815
f 2483 2276 522
f 2017 4014 699
f 2329 2261 1525
f 1006 1347 179
f 520 3067 76
f 4887 1092 3323
f 982 1402 2970
f 2674 4539 3438
f 2403 3509 1891
f 1891 4191 2403
f 4138 443 251
f 1993 1883 3202
f 3553 1435 4529
f 4390 3864 1179
f 1814 1102 2212
f 2736 4950 3389
f 2049 3563 3811
f 278 3097 4540
f 1140 2543 1917
f 3678 1917 2543
f 4666 2994 4541
f 950 4666 4541
f 2554 952 2785
f 1762 4207 2507
f 1547 194 3533
f 3697 3824 195
f 2322 3824 3697
f 2634 912 2257
f 2181 3466 3232
f 2711 4473 4296
f 2638 2451 360
f 1068 1751 2692
f 3346 200 4400
f 2539 4576 3206
f 2539 3206 43
f 665 2205 126
f 2973 4545 1987
f 186 4545 2973
f 4757 4975 859
f 3310 1792 345
f 3310 345 2829
f 4846 2960 1703
f 2912 4546 815
f 1870 2397 284
f 2624 2736 737
f 3226 4028 613
f 2194 1062 4025
f 4025 1062 4264
f 514 2523 3447
f 930 37 4548
f 3127 1721 1905
f 1854 863 4497
f 4115 2471 2737
f 2126 1966 2749
f 2126 2312 1966
f 3449 108 4568
f 1411 3403 4074
f 998 4074 3403
f 75 3196 996
f 1908 97 2135
f 4746 2216 4967
f 3375 2600 1252
f 4981 534 2289
f 1251 2601 4880
f 3538 4312 1612
f 4312 3538 444
f 2117 4550 3541
f 1196 4508 1570
f 3303 1279 3300
f 4843 2597 2479
f 2094 4442 3928
f 3928 314 2094
f 2864 3342 3585
f 3342 2864 1030
f 1559 2730 54
f 2751 4553 3869
f 3869 4553 3295
f 648 982 3109
f 786 1623 2732
f 715 2415 1997
f 617 1834 2171
f 2826 3343 2262
f 271 4923 3282
f 2339 4209 3889
f 1850 2339 3889
f 4919 3004 4626
f 3549 2494 2076
f 2630 4457 4651
f 2018 2540 1682
f 2664 1167 1527
f 2234 4556 3037
f 4556 2234 3667
f 4214 230 3926
f 4625 3901 3533
f 1069 1132 340
f 1132 4061 340
f 2552 1981 4533
f 3284 4805 1923
f 337 4557 4219
f 2552 922 1981
f 2667 3042 2710
f 3548 4506 3583
f 2779 2826 2262
f 1238 3751 3119
f 4026 1219 4079
f 1015 3205 4692
f 4240 3239 3862
f 4731 2298 2544
f 2420 1358 1359
f 3703 4560 1008
f 3773 3275 3306
f 44 3013 3897
f 228 4721 4954
f 1819 4561 1830
f 4562 78 1146
f 4562 3292 78
f 4561 1437 3939
f 2596 822 1463
f 2625 1002 4211
f 1051 3569 2166
f 3481 2430 3489
f 2513 1398 1755
f 1373 2725 575
f 3569 2335 2166
f 629 2372 2080
f 4563 219 3797
f 3902 1143 217
f 2957 4981 625
f 4849 4103 3712
f 647 925 2261
f 2329 647 2261
f 2203 4351 2522
f 2089 2176 1314
f 479 4564 3796
f 185 937 3008
f 1959 4052 2030
f 4071 4565 2371
f 4010 1106 1789
f 1692 1407 2632
f 2315 1933 2942
f 3816 2260 1784
f 3815 231 4429
f 2107 1691 2297
f 2628 677 1099
f 3360 1020 1860
f 1079 3053 1539
f 1082 1855 4567
f 4329 1836 4150
f 1940 4329 4150
f 757 4151 4394
f 4303 4733 1071
f 4568 108 265
f 4569 2660 4385
f 4569 4385 2720
f 4754 4202 2876
f 1181 207 3398
f 3752 3323 402
f 3580 1269 4522
f 2714 4804 4461
f 442 1534 3392
f 1861 1539 311
f 38 573 3863
f 3065 39 4591
f 2640 39 3065
f 4570 3066 420
f 4570 2750 3066
f 1999 2043 660
f 4647 4154 509
f 509 4154 4382
f 3395 3008 2025
f 1315 2025 3008
f 3884 4057 2529
f 4571 4573 399
f 176 2156 2278
f 744 176 2278
f 643 832 3043
f 2936 3729 3869
f 2267 2732 3622
f 4670 3305 2631
f 824 2732 2267
f 2548 2436 250
f 75 4574 981
f 2455 2850 4526
f 4575 142 1833
f 1325 4575 1833
f 2838 275 2263
f 2779 2262 4815
f 4766 1296 1906
f 4294 2931 1666
f 1851 1776 2567
f 1870 3851 1852
f 258 3803 2418
f 4286 2137 237
f 4371 4734 4357
f 1542 3362 844
f 2664 3929 2279
f 493 4578 3867
f 493 3867 2663
f 1906 951 754
f 2931 4791 1417
f 4446 1 1060
f 1098 1094 733
f 1296 951 1906
f 4651 65 4178
f 4651 4178 4428
f 4813 506 988
f 2146 858 3989
f 2503 454 3422
f 3597 794 793
f 3696 794 3597
f 2900 2303 557
f 1153 4646 2872
f 2516 4581 3514
f 761 2900 557
f 1014 4582 4482
f 308 1013 359
f 3876 985 4583
f 3876 4583 40
f 847 1594 4356
f 809 2324 436
f 4074 2263 1199
f 503 1199 2263
f 2444 4957 2017
f 2888 1982 488
f 1982 3469 488
f 1308 3860 2760
f 3127 1905 1555
f 3469 975 488
f 2570 1592 2079
f 1126 3842 186
f 4825 646 4866
f 624 2560 4424
f 1125 1448 1006
f 355 2243 3937
f 3937 2243 4586
f 1142 433 3606
f 4827 2067 3060
f 1621 3071 3862
f 4587 878 1113
f 4096 2909 1643
f 4154 4096 1643
f 870 20 1749
f 4323 357 664
f 871 1260 8
f 2403 263 710
f 206 2315 1690
f 1935 2573 2446
f 4040 47 232
f 4040 1136 47
f 2547 4514 2671
f 3423 2638 1272
f 4590 1719 2891
f 2455 4653 767
f 4452 4591 1171
f 3423 1272 1393
f 2891 1719 2551
f 1604 1776 1851
f 2817 4379 2526
f 989 3130 2290
f 1686 4338 3111
f 1820 4261 2142
f 1702 3679 4671
f 4751 811 4084
f 4226 136 1575
f 1475 3525 4594
f 2107 2158 802
f 797 2706 4595
f 1414 465 4167
f 4377 4274 818
f 1247 3497 1694
f 2357 3297 1384
f 2666 2398 1202
f 3363 4337 1341
f 3061 3056 1399
f 65 3481 4597
f 2458 2020 1261
f 2333 850 518
f 2810 4026 1257
f 4564 2699 1550
f 1633 274 413
f 1477 4599 3694
f 12 4362 3393
f 817 2063 1844
f 2420 3743 1358
f 2390 4594 3986
f 1288 553 4600
f 519 3921 521
f 790 1282 761
f 2379 1620 1898
f 3422 454 1548
f 234 3200 2754
f 802 580 2985
f 374 1116 581
f 1069 383 1213
f 1069 4061 383
f 3246 4379 2519
f 3777 3318 4174
f 2742 4601 1757
f 4207 4601 368
f 4337 3363 3072
f 3072 3363 914
f 1067 2364 4871
f 3386 1579 3893
f 3632 4344 222
f 1124 2117 385
f 2479 424 1099
f 4549 4603 619
f 2537 4549 711
f 1028 3616 265
f 406 2380 868
f 1317 2642 4604
f 2597 788 314
f 4240 49 3239
f 2709 2833 1022
f 4605 1546 2538
f 2390 4974 4594
f 4974 1475 4594
f 2741 2321 4820
f 1202 1667 3120
f 3800 676 3504
f 3504 676 3909
f 4710 2984 1824
f 1034 819 1483
f 3458 2468 189
f 3466 2006 1228
f 1228 2006 2848
f 4321 3321 1571
f 2716 4672 742
f 1695 4672 2716
f 4336 3966 4608
f 4336 4608 2450
f 1587 2368 3748
f 3114 375 4268
f 4268 375 729
f 729 375 1197
f 2650 2909 2098
f 2090 3217 1178
f 2709 1022 3871
f 1318 2531 2538
f 4605 2538 2531
f 3433 3085 762
f 156 317 4401
f 4609 2381 610
f 4609 1380 2381
f 2685 428 3257
f 2081 2034 4659
f 4673 4777 3143
f 3951 1454 4111
f 4004 2 745
f 181 980 4610
f 3205 1314 1958
f 3796 1550 4839
f 1442 1407 1832
f 1314 2176 1958
f 2455 767 4611
f 2455 4611 2850
f 3018 1307 4612
f 1486 1023 2735
f 1023 1486 1044
f 1855 3538 1612
f 3139 113 1106
f 967 4741 169
f 3139 1106 1201
f 1201 1106 816
f 3004 2884 1687
f 2884 2545 1687
f 353 3367 1937
f 1984 1115 3792
f 425 559 1699
f 4267 2010 3971
f 3898 2010 4267
f 1699 559 2911
f 2918 3503 3782
f 1272 2638 4778
f 4590 2891 4486
f 2411 4502 2655
f 1155 3298 1728
f 4949 2621 4613
f 4949 4613 1474
f 2192 4947 3199
f 2740 2612 2980
f 2723 1484 4670
f 3606 2723 4670
f 3906 2340 4436
f 4436 2340 1392
f 1848 4615 1585
f 2283 545 443
f 876 2691 165
f 1276 2626 4487
f 1041 3779 3400
f 787 1286 2552
f 1286 923 2552
f 4009 1020 1768
f 532 2741 1496
f 973 2472 1828
f 1828 2472 496
f 2849 4783 1901
f 2002 1609 1342
f 4336 2895 4183
f 768 2184 3571
f 2849 1901 4691
f 2849 4691 637
f 2629 123 2358
f 3836 4616 734
f 4617 4184 3747
f 3589 4617 3747
f 4024 4094 1590
f 1448 4024 1590
f 2736 2624 4950
f 3240 4950 2624
f 685 4745 1834
f 1444 63 4618
f 63 1360 4618
f 4619 4345 1310
f 1066 3378 2390
f 63 1097 609
f 252 1360 246
f 1040 4677 1869
f 180 3061 2812
f 2435 2812 3061
f 4412 4620 4361
f 2726 4607 476
f 1040 1869 897
f 1424 2131 332
f 3380 2510 3934
f 2848 398 2510
f 3372 2244 2858
f 3371 3373 4622
f 3330 332 2131
f 1424 332 3330
f 333 4304 4938
f 4400 4621 3524
f 2848 2510 3380
f 3981 3074 4252
f 1565 1527 2761
f 4263 4622 552
f 4263 3371 4622
f 4623 4874 4481
f 1802 4326 1926
f 4284 3835 2346
f 194 2997 4625
f 180 3593 4942
f 1688 1627 4627
f 2023 4626 4630
f 4629 2798 1516
f 1688 113 1627
f 2023 4630 2022
f 2022 4630 1687
f 3104 1636 615
f 342 4505 3051
f 3365 1071 4567
f 4038 4124 93
f 4038 2475 4124
f 3819 3733 3108
f 3298 615 938
f 615 1636 938
f 1889 1836 2245
f 1463 822 3301
f 3152 3082 4632
f 2054 158 2507
f 363 989 2290
f 4633 4415 4410
f 4348 4231 1759
f 1931 3157 2062
f 4985 2062 3157
f 2495 3988 1243
f 2495 1243 2068
f 4078 3256 2286
f 2721 2614 2125
f 1218 3002 2014
f 116 4145 4634
f 2823 724 2276
f 116 4634 3542
f 4324 3634 314
f 628 4635 1654
f 3582 1372 1068
f 2334 4382 2116
f 1549 4125 4635
f 4769 3535 3093
f 1662 1880 4767
f 3387 165 4000
f 4637 2333 4646
f 4637 4646 3809
f 2532 570 2369
f 877 2039 4134
f 481 2039 877
f 1203 1752 515
f 1329 4186 4638
f 1456 4638 4186
f 133 1949 4243
f 2165 483 2586
f 2059 414 2014
f 1257 1295 2810
f 3634 2094 314
f 1168 4811 1562
f 612 4641 1157
f 3333 1289 857
f 4127 1468 2869
f 4187 3908 3000
f 4071 2371 4908
f 878 1318 2538
f 878 3201 1318
f 3871 8 1459
f 8 2564 1459
f 564 68 1461
f 4179 1223 2841
f 4345 3610 3968
f 3583 2571 3548
f 3907 4853 1591
f 278 3790 4644
f 3610 4643 3968
f 2721 2327 1712
f 4358 4193 2981
f 2181 1421 3635
f 3635 3299 2181
f 1134 3635 1421
f 522 3795 3811
f 3389 4645 2703
f 4788 4864 2286
f 2623 754 951
f 3266 4003 3320
f 2832 3138 945
f 4506 4712 2548
f 4357 2201 2996
f 4206 3362 1177
f 2477 2228 949
f 3672 245 2168
f 4646 2565 3809
f 1841 908 3001
f 3426 2407 4845
f 2694 3733 1550
f 3515 1652 78
f 137 411 1455
f 1371 371 4111
f 3416 195 1098
f 4154 2116 4382
f 1247 3557 3497
f 4912 663 735
f 3475 2622 4102
f 3475 2637 2622
f 4650 243 2030
f 31 2575 3332
f 2575 3506 3332
f 243 3979 2030
f 2673 757 1526
f 2673 1526 495
f 1682 2631 3305
f 1682 3305 4652
f 1095 2365 2853
f 1720 4797 766
f 1389 4654 3715
f 4654 3686 3715
f 3855 2926 4145
f 513 90 4324
f 720 2906 3513
f 152 4655 3533
f 2559 4656 691
f 691 4656 2351
f 74 2398 916
f 1969 4112 1967
f 2676 2501 2005
f 4658 1938 4943
f 4153 2871 1174
f 2991 3970 3106
f 503 1796 262
f 4861 1796 503
f 2642 3218 4604
f 1327 4352 3996
f 3096 4315 1613
f 368 4896 4207
f 4436 1363 4437
f 1392 1363 4436
f 3721 2874 1410
f 866 3722 2992
f 1200 2264 4897
f 2943 3083 2036
f 2036 4015 2943
f 4976 1826 3777
f 376 4662 4882
f 977 4 4664
f 1945 1818 4116
f 2445 3215 4116
f 2030 502 4665
f 4666 1233 3828
f 3847 3715 1915
f 2864 258 2808
f 4332 1355 4029
f 1827 4668 4742
f 2083 2529 1607
f 1576 4669 3748
f 1723 3748 4669
f 1498 4945 1703
f 4428 4617 3304
f 1094 3305 4670
f 1484 1094 4670
f 2064 3187 1083
f 4850 1407 2350
f 3202 1086 572
f 3649 4094 2486
f 2486 4094 4024
f 3241 2485 1164
f 1164 2485 3358
f 3325 3800 4671
f 838 4071 811
f 975 2977 2888
f 1914 2444 2007
f 3813 1393 458
f 1729 21 4303
f 3105 115 861
f 2639 741 4962
f 1036 741 2639
f 1622 4777 4673
f 1301 4895 2779
f 620 3000 1978
f 1606 2677 2679
f 2737 4742 3377
f 1735 1476 4675
f 2677 3916 2679
f 4448 4674 1033
f 4435 4674 4448
f 4054 3615 2999
f 2294 3508 2980
f 1401 3160 4492
f 4030 1401 4492
f 4299 684 4086
f 2321 4277 391
f 931 717 1274
f 2778 3293 3117
f 771 4640 3309
f 3401 4360 2762
f 3407 3114 4268
f 980 4676 4244
f 4181 3308 2098
f 2098 3308 2650
f 3263 4349 3922
f 553 2927 4600
f 1447 1663 2481
f 183 917 4463
f 1837 2770 4359
f 4677 1040 2871
f 3205 2475 4038
f 434 3978 1088
f 2264 4678 41
f 3408 4679 3935
f 524 297 571
f 2069 1864 4387
f 1019 4162 3075
f 281 2503 4681
f 2503 3422 4681
f 382 3178 984
f 2637 3738 3569
f 2637 3569 3656
f 3903 1983 1091
f 2586 483 1226
f 1300 4043 712
f 1549 4635 628
f 3355 3661 36
f 3766 3661 3355
f 181 4244 577
f 4244 1829 577
f 494 4203 2202
f 4204 1580 1979
f 3810 2964 3743
f 3762 3326 941
f 4682 3761 4496
f 4119 2542 1136
f 1212 4878 1431
f 207 3631 4683
f 1418 2170 90
f 4682 2237 3761
f 3761 4684 1504
f 4684 2237 1504
f 3762 4341 3326
f 4685 4327 2423
f 4328 4362 4916
f 4916 4362 4515
f 3369 667 105
f 4701 3817 3881
f 1893 3070 3933
f 4686 1625 69
f 270 3883 467
f 3598 1260 871
f 2072 443 4687
f 4702 4772 2224
f 1926 1322 1802
f 546 3492 1573
f 3492 4688 4746
f 2867 1815 376
f 3315 4882 4689
f 1049 1821 2934
f 4041 4092 3496
f 863 293 1353
f 3781 4685 3134
f 1688 2465 4732
f 3079 3709 4690
f 3709 4566 4690
f 8 4184 3405
f 1958 505 4692
f 4190 3220 3559
f 1574 4693 2266
f 1574 2571 4693
f 4813 1085 506
f 598 644 3110
f 864 3732 273
f 3732 2136 273
f 3233 3026 1167
f 1518 4695 875
f 4210 4745 4013
f 2130 1962 267
f 4615 4208 470
f 1426 4295 3851
f 1426 2304 4295
f 2895 4696 4099
f 2685 3571 428
f 1034 2460 819
f 2659 4161 24
f 1023 24 4161
f 4206 1177 3333
f 3207 4167 3386
f 818 350 1467
f 2970 1703 4697
f 2970 4697 3560
f 4001 873 2339
f 4712 1201 2548
f 873 3437 2339
f 527 4114 4698
f 1488 2496 4474
f 3565 4700 1986
f 64 529 105
f 2574 2328 36
f 2113 2443 4802
f 4063 4703 4702
f 4702 4703 4772
f 2406 2527 1340
f 1090 2406 1340
f 2443 2011 4802
f 4704 2681 2496
f 3194 3464 2213
f 3464 3194 3900
f 2696 4008 4705
f 1457 1242 13
f 3712 4788 4737
f 4573 4571 4706
f 3179 204 4151
f 982 1746 1402
f 2499 2196 555
f 3012 4708 4905
f 921 4707 1469
f 4905 4708 2325
f 4905 2325 2112
f 3096 865 4165
f 35 4709 333
f 333 4711 673
f 333 4709 4711
f 2149 1960 127
f 4141 3268 3295
f 964 4237 3136
f 3267 532 1496
f 3970 1312 3106
f 3234 4273 2860
f 3886 4273 3234
f 3913 662 2365
f 1095 2853 4893
f 3382 1095 4893
f 2146 3641 3534
f 1529 1378 814
f 2566 246 3625
f 3430 3048 255
f 609 1360 63
f 2436 2691 250
f 609 2139 1360
f 2139 3625 1360
f 3625 246 1360
f 2525 175 2827
f 201 4109 597
f 2152 1551 3823
f 2417 2714 4461
f 200 3880 4400
f 3771 4195 398
f 81 4884 1175
f 4884 3002 1175
f 990 2806 2021
f 3921 2890 2392
f 1706 189 1245
f 1533 2963 3809
f 2540 3036 3675
f 4714 3016 2033
f 2033 1577 4714
f 3027 4715 777
f 3027 3085 4715
f 4445 4716 2574
f 4330 2053 3677
f 3042 4330 3677
f 635 1113 3319
f 2795 4311 278
f 2304 298 4680
f 916 1794 2837
f 4040 232 507
f 1208 1843 4717
f 591 1208 4717
f 3649 2555 2688
f 3649 2688 1590
f 2568 2054 1646
f 33 2494 4365
f 3287 3711 3019
f 3534 4425 1050
f 1050 4425 592
f 2091 3897 2663
f 2320 3654 1258
f 1566 4834 4164
f 3264 1966 4842
f 3856 4166 1814
f 3240 2624 2764
f 1681 3240 2764
f 3298 3642 2620
f 3019 4146 4559
f 1941 2186 3542
f 1211 2479 2597
f 2842 2317 868
f 2951 2695 3450
f 2323 2672 2197
f 4936 3809 2963
f 1393 860 3423
f 2332 1111 517
f 1111 4803 517
f 4494 911 4602
f 1753 3572 4023
f 852 227 721
f 1376 1820 3188
f 501 849 29
f 4719 4012 2352
f 964 3391 1193
f 3446 1847 3311
f 150 92 4721
f 150 4721 228
f 3861 543 963
f 2694 2699 2807
f 3479 775 1468
f 4008 2696 3742
f 4043 4722 3381
f 725 4722 4043
f 3161 1998 4723
f 311 2584 3548
f 1998 1024 4723
f 816 1106 4010
f 1702 1749 20
f 2748 3562 4084
f 4725 3555 3704
f 1485 2829 248
f 3311 2576 815
f 1808 3095 1275
f 1808 3280 3095
f 3580 4022 4760
f 671 1788 2209
f 3293 672 4934
f 385 3541 1445
f 101 2274 3173
f 2240 4726 3558
f 181 4610 4244
f 1238 3697 2236
f 4858 3783 966
f 3783 2581 966
f 4899 1063 3275
f 3347 4899 3275
f 4335 3990 832
f 832 3990 2903
f 1001 2845 1127
f 1627 2572 3568
f 4547 2572 1627
f 2544 4727 3259
f 3191 608 2795
f 2649 608 3191
f 3661 2114 1994
f 302 2713 87
f 4167 3249 3386
f 58 4728 1467
f 4021 1467 4728
f 1310 3068 976
f 489 4729 94
f 3184 589 3989
f 1795 1793 983
f 187 3857 507
f 1907 4135 381
f 4000 1688 4732
f 4567 4733 2469
f 1071 4733 4567
f 1399 3056 1299
f 1920 1399 1299
f 2369 3252 3963
f 3963 3252 1720
f 2912 365 4546
f 977 4728 4
f 187 9 3293
f 1334 1317 3331
f 3774 4168 971
f 313 4164 2717
f 313 2717 3964
f 3058 4765 2753
f 2740 442 4735
f 1100 3702 3338
f 2503 4246 454
f 1705 185 4968
f 3795 4737 4385
f 522 4737 3795
f 1430 4738 528
f 3684 2015 1586
f 436 4477 4017
f 4738 1430 3532
f 3870 2701 4858
f 260 1393 550
f 551 1719 535
f 4160 4754 2876
f 1899 4048 501
f 4740 1029 4173
f 74 606 1889
f 4741 1435 3553
f 4290 2281 560
f 525 92 2534
f 3298 3098 4539
f 4123 2403 710
f 1934 4290 560
f 4410 4951 3131
f 335 1257 3119
f 3009 2993 1221
f 2628 2394 677
f 3618 2796 3564
f 2940 2408 237
f 4968 2372 629
f 1827 4742 2737
f 1896 740 2071
f 62 630 4720
f 1121 448 1992
f 799 3546 2879
f 4159 1946 1423
f 1413 933 3983
f 2265 933 1413
f 4236 3826 4744
f 4072 4907 719
f 97 4746 3052
f 261 1565 4059
f 261 2208 1565
f 2924 1766 4074
f 4747 97 3052
f 4746 97 1908
f 2602 3704 4087
f 75 981 3099
f 4074 1766 2838
f 4574 75 3409
f 842 1742 1401
f 4507 1742 842
f 3374 1270 3349
f 2224 3900 4702
f 2814 4828 3560
f 4748 2922 47
f 4073 3065 4591
f 1582 1937 3741
f 3472 1284 3665
f 4750 66 666
f 4750 2665 66
f 1803 4031 505
f 988 506 1804
f 2974 2353 56
f 2794 1581 2563
f 1724 447 3389
f 1457 13 4462
f 3084 2318 2482
f 2318 4752 2482
f 3045 2122 4754
f 2859 3821 1677
f 2623 4755 1039
f 1357 1915 3614
f 3425 1915 1357
f 3150 3432 3357
f 3755 1184 565
f 731 4802 1558
f 292 4756 4950
f 1427 268 30
f 4251 2791 2433
f 405 1932 2537
f 2132 4965 1087
f 782 265 2628
f 4869 3992 1398
f 1253 4869 1398
f 4972 1337 3289
f 1577 4972 3289
f 571 1466 2281
f 2771 284 2397
f 1864 4386 4387
f 4104 2203 3923
f 1473 2376 3147
f 4797 3252 3324
f 160 4760 4940
f 4687 3019 4761
f 3019 4559 4761
f 4762 4720 630
f 630 356 4762
f 3359 2697 4528
f 4763 3883 549
f 3082 440 4632
f 1778 1440 2518
f 3448 4016 3999
f 4404 2615 3544
f 1215 2643 1972
f 510 3432 2965
f 3275 3999 3347
f 2134 197 2615
f 197 3991 2615
f 2408 1149 2762
f 858 2146 3376
f 1480 643 3043
f 4038 129 1314
f 3535 4769 3030
f 602 3485 1265
f 2592 4203 3341
f 3230 1911 138
f 3030 4769 4883
f 3781 3602 3364
f 3364 3602 3110
f 2792 1756 997
f 240 4802 731
f 2290 4770 289
f 1376 4771 1820
f 1376 1441 4771
f 4783 2421 1901
f 2431 4779 4773
f 2763 1718 4519
f 2763 2744 1718
f 4828 2672 2010
f 1845 4469 91
f 4308 435 3938
f 472 1547 3533
f 4771 4284 3151
f 432 2443 4415
f 4576 4438 4775
f 2322 195 3824
f 3494 1865 4659
f 782 3874 210
f 308 359 1635
f 4582 2891 288
f 3539 3862 4286
f 2794 2430 3481
f 140 1849 3173
f 4826 2673 4776
f 3279 2929 4779
f 2763 3300 2744
f 1523 1697 853
f 4320 853 1697
f 3467 674 929
f 509 1370 3133
f 2025 104 974
f 974 1369 2025
f 4689 1189 3502
f 4483 4216 4780
f 4483 4780 1026
f 435 269 645
f 1600 3950 520
f 3950 3245 520
f 1590 1600 1347
f 3618 4785 1561
f 3539 2604 4784
f 4370 4056 3502
f 2331 2606 4170
f 4170 2606 3309
f 877 2313 415
f 2004 1696 4029
f 1696 2004 2577
f 3459 2082 3948
f 830 2448 2446
f 2934 1919 3603
f 1917 1299 3056
f 4787 710 263
f 2481 1663 575
f 782 4894 265
f 3160 1630 4492
f 4414 3783 4858
f 3278 4140 699
f 548 4162 136
f 3403 2924 998
f 3900 3058 4790
f 3058 2753 4790
f 4551 1080 2134
f 4151 204 2878
f 754 100 4929
f 2607 3425 4791
f 2607 4791 4930
f 1030 3736 560
f 3736 1030 1188
f 525 1481 1429
f 969 2983 4114
f 4517 4488 3543
f 1351 4284 1441
f 886 3651 2759
f 3651 3088 2759
f 1301 194 472
f 3787 2240 2760
f 3088 2241 2759
f 2759 2241 1494
f 816 4010 4792
f 887 1687 2545
f 372 4793 3296
f 4793 152 3296
f 4794 4026 1001
f 4794 1001 4187
f 1908 1573 4746
f 372 968 4793
f 3028 3683 858
f 832 2903 3446
f 4623 4101 3953
f 2361 2306 2370
f 1511 3296 2415
f 3296 1511 895
f 2821 3415 1809
f 1588 1084 1133
f 2167 499 2932
f 2919 2406 932
f 3845 3223 1163
f 501 3565 3682
f 2480 1914 4798
f 161 1629 2148
f 161 3055 1629
f 459 2215 3236
f 4645 1089 1294
f 152 2851 1301
f 1255 36 1955
f 3458 3345 2468
f 3466 3121 2006
f 1236 3076 3337
f 186 703 138
f 3206 4438 4799
f 4438 3549 4799
f 4155 603 175
f 4155 175 2525
f 1954 4800 3745
f 3788 4158 4409
f 4133 2670 1054
f 3788 4409 3223
f 2716 742 4488
f 983 4962 1036
f 1037 2680 961
f 2015 3185 490
f 1036 4391 983
f 668 770 4449
f 3462 4391 1036
f 3530 3387 4000
f 2482 1747 1880
f 4412 2797 4430
f 966 2154 4858
f 2154 4429 4858
f 4190 3974 1775
f 4699 2113 4802
f 240 4699 4802
f 2796 1360 4346
f 4346 2182 2796
f 3237 1097 4423
f 4666 950 1233
f 3847 2460 3715
f 2417 1515 2846
f 2846 1515 4804
f 1120 2846 4804
f 4805 1156 3231
f 903 2396 1471
f 1471 2396 1542
f 3156 4734 1333
f 2795 531 3097
f 4743 1296 4649
f 3097 531 1477
f 1204 2777 2889
f 2722 1704 2731
f 1591 1283 2902
f 127 3967 2881
f 2881 3549 127
f 3187 2636 1083
f 713 2889 2020
f 1204 2889 713
f 2731 1704 850
f 2673 2658 4776
f 4110 1414 720
f 4274 2627 3757
f 1618 1853 408
f 1853 1618 4648
f 170 4531 3609
f 2859 2662 2212
f 4950 4806 3316
f 4806 4416 3316
f 1566 1732 2509
f 3185 1574 490
f 1119 3186 1046
f 3252 3752 329
f 765 4000 4732
f 765 4732 10
f 2455 4526 4653
f 1769 142 3644
f 2956 2269 1080
f 2956 1153 2269
f 4754 3496 1092
f 4808 20 4904
f 3397 4323 2748
f 964 3136 3445
f 233 2822 2001
f 3628 2275 111
f 455 1345 2015
f 1346 3554 3544
f 4732 2465 656
f 2261 2037 3307
f 1082 4567 3538
f 1855 1082 3538
f 2493 2766 2053
f 1470 1651 1243
f 3053 3193 2633
f 2872 2174 2693
f 2872 2693 197
f 1292 479 1240
f 1597 3584 4724
f 3896 3704 3555
f 3896 3555 339
f 4809 4447 3600
f 175 3021 2827
f 603 3021 175
f 2055 1613 121
f 4026 4079 1001
f 2619 1845 4928
f 4811 1168 406
f 1058 2923 430
f 945 2923 1058
f 1644 1186 4919
f 3083 4812 3137
f 3137 4812 2031
f 383 4595 1213
f 3435 3769 2519
f 3525 1475 4974
f 2158 2107 3575
f 4814 3856 1814
f 49 1564 2452
f 1564 3108 2452
f 3620 2984 4710
f 179 3353 3586
f 1600 3353 179
f 1061 3620 4710
f 1611 1960 2149
f 3640 958 2066
f 3885 4815 846
f 2779 4815 3885
f 101 1797 1863
f 828 3270 480
f 3410 2818 141
f 415 4818 1305
f 4130 1997 1220
f 139 1220 675
f 4130 1220 139
f 4406 2661 2541
f 4819 2868 2073
f 4449 2072 1434
f 602 1505 900
f 2075 4301 4820
f 2075 4820 1502
f 3323 2081 402
f 2750 2424 3066
f 782 4822 446
f 4182 1548 404
f 4921 62 1772
f 2157 2163 2697
f 2163 1249 2697
f 4030 4944 1827
f 737 3389 2703
f 4649 3251 3688
f 3031 1955 209
f 1341 1608 1567
f 2634 1798 912
f 949 3485 602
f 803 289 1617
f 2536 1336 1184
f 3051 4505 1012
f 4826 4776 1154
f 3378 3038 126
f 3038 665 126
f 2391 43 3206
f 209 1652 474
f 1279 3303 3467
f 4877 4882 3705
f 1157 4469 1845
f 1157 4641 4469
f 999 894 529
f 1762 3793 4207
f 216 3213 2227
f 1280 4829 843
f 3152 4632 4984
f 1302 4097 4934
f 1091 2575 2372
f 2372 2575 2080
f 2577 3377 1696
f 4832 3648 2674
f 1891 2074 2772
f 3800 1749 1702
f 1749 3800 3868
f 2546 3562 2748
f 982 2970 3193
f 2862 982 3193
f 3657 4833 50
f 2717 4834 3900
f 1027 4383 4104
f 2376 815 367
f 3311 815 2376
f 2452 1277 4196
f 1374 3069 2855
f 4018 3892 2961
f 2278 1021 670
f 3530 4819 3387
f 4355 847 2789
f 4836 1669 1110
f 3734 4836 1110
f 817 1844 3079
f 4237 4837 546
f 1841 3446 908
f 3796 4839 49
f 4840 438 4115
f 4840 4115 2737
f 2312 705 4842
f 2312 4842 1966
f 4280 4838 4841
f 4841 4838 3954
f 3542 3855 3806
f 3806 3855 1941
f 4843 513 2597
f 1610 2809 1337
f 3895 727 3714
f 3896 821 4119
f 1001 2416 2845
f 4845 2407 1822
f 1822 1178 4845
f 4623 288 264
f 288 4297 264
f 2092 1320 3455
f 4911 4099 4846
f 4257 2056 100
f 2130 451 4847
f 460 2798 4629
f 2130 4847 483
f 1554 1799 2122
f 1554 3619 1799
f 2700 4848 4664
f 4 4848 2700
f 3046 4226 3977
f 4846 4099 4028
f 1765 4028 4099
f 3257 428 144
f 1300 712 3500
f 3965 2909 1166
f 2214 4849 953
f 2276 953 4849
f 4850 1922 4181
f 4670 4349 4851
f 4851 4349 2603
f 1034 1483 210
f 2202 3156 4857
f 903 110 4856
f 1646 2507 4852
f 463 4365 1585
f 2078 1133 4764
f 4786 2852 1276
f 3361 3733 3779
f 2584 1539 2653
f 2666 3120 1263
f 2897 1606 4051
f 4854 3362 262
f 4854 262 3333
f 4208 3772 2280
f 3772 4208 3904
f 1754 4447 901
f 1754 3600 4447
f 2712 1267 3181
f 3638 2393 338
f 4855 3459 1242
f 3424 4855 1242
f 1343 404 1460
f 1887 4857 1685
f 4857 4631 1685
f 4856 400 903
f 4371 4357 4801
f 3401 1344 4360
f 4352 4463 917
f 2064 218 321
f 71 2195 3967
f 3541 4550 1925
f 1925 4228 3541
f 1023 2477 2735
f 1788 671 1823
f 4059 1565 1988
f 2477 949 2735
f 3205 678 2475
f 4572 2861 1829
f 3957 123 4355
f 4401 3105 839
f 13 4859 4532
f 13 2752 4859
f 1192 3265 1390
f 1192 3462 3265
f 4574 1312 4959
f 2798 460 2118
f 4574 4860 1312
f 18 3963 1720
f 18 1720 4666
f 2306 2180 2832
f 1601 3366 3643
f 304 4847 3650
f 3334 1195 4691
f 1427 30 1947
f 3196 549 2868
f 4862 2924 3403
f 2519 4527 3668
f 1451 1414 3207
f 350 2102 3385
f 1619 2395 1225
f 2994 1720 4541
f 4411 4413 1501
f 2813 3165 4415
f 4415 3165 4410
f 1619 3164 274
f 4646 1153 2470
f 4495 1799 3619
f 4495 605 1799
f 4074 1199 203
f 4864 2034 4078
f 3928 4442 4822
f 2629 2439 4356
f 4616 419 734
f 3969 4468 2328
f 4865 791 1656
f 1466 4867 3140
f 2231 4020 182
f 3536 4868 4249
f 4868 1628 4249
f 2801 17 3208
f 1552 2102 3757
f 3638 3746 2393
f 183 2893 3793
f 2894 1266 743
f 1253 427 4869
f 572 1733 2045
f 475 4870 2735
f 845 3110 3516
f 1418 1507 2170
f 1069 249 2827
f 2609 2817 2526
f 2364 1324 4871
f 674 841 2265
f 1883 1610 4524
f 3289 1610 1883
f 4714 3202 3016
f 3832 1155 3770
f 2334 2116 3338
f 185 3007 1091
f 3288 1528 1067
f 3582 856 1372
f 2055 121 3918
f 4821 2419 4889
f 4821 4889 3090
f 5 2830 2164
f 2246 623 4755
f 3614 4875 48
f 2887 1315 1602
f 963 543 4876
f 2623 2246 4755
f 675 2618 4828
f 2661 963 123
f 1761 4876 543
f 2262 4276 4815
f 2208 3100 1565
f 1328 266 3125
f 4689 4882 4877
f 4314 3238 2282
f 4897 4314 2282
f 2790 787 325
f 4213 2008 2888
f 2008 2016 2888
f 1015 2067 4827
f 1839 3373 464
f 2207 1496 4867
f 2231 827 1497
f 2771 1870 284
f 4878 818 1431
f 2706 3906 689
f 4617 2386 2512
f 4879 2408 2762
f 237 2408 4879
f 4879 2762 2604
f 2227 2270 1665
f 2873 3536 4249
f 132 1251 4880
f 4685 3961 1672
f 952 3344 4881
f 269 4685 1672
f 4685 3078 3961
f 890 3550 3250
f 4767 3222 1186
f 4884 3818 2059
f 3818 4884 4955
f 4885 1295 657
f 1204 4673 3143
f 4264 4955 4884
f 4956 4265 4885
f 2687 2311 772
f 633 2756 3477
f 2349 3164 1408
f 459 3731 1361
f 3353 520 76
f 1006 179 1125
f 627 484 1126
f 378 1361 3731
f 4322 50 2901
f 4886 484 627
f 94 4047 3615
f 94 4729 4047
f 4443 1994 2003
f 1597 4889 3584
f 5 4445 3704
f 2621 2529 4613
f 2850 4611 606
f 204 1325 2878
f 4357 2996 4801
f 3362 3937 1582
f 1238 4891 2528
f 2236 4891 1238
f 4003 2247 648
f 4100 604 196
f 4362 4328 3480
f 935 1752 2225
f 3780 2365 662
f 2290 3130 1288
f 2350 1922 4850
f 4670 4851 3973
f 2469 2621 4949
f 2469 4949 3273
f 3041 2429 2708
f 413 274 1768
f 1477 3694 4540
f 70 4207 4896
f 3780 70 4896
f 4897 1148 651
f 2205 3349 126
f 2539 43 730
f 338 288 4623
f 359 4873 4298
f 4423 4917 1671
f 396 3585 286
f 4482 288 3746
f 3746 288 338
f 2786 1096 2577
f 1787 2730 2550
f 1096 2786 2580
f 4283 3469 1982
f 2690 780 2458
f 2038 4536 2907
f 4899 1510 1063
f 3068 2688 2555
f 3241 2688 3068
f 3158 2453 2260
f 3932 1332 4386
f 2927 2957 4600
f 2319 2405 4901
f 4498 3902 2702
f 3902 1254 2702
f 625 2289 215
f 1069 4902 249
f 249 4902 2273
f 2532 2369 4156
f 3497 2361 2370
f 4437 193 68
f 4413 4411 4903
f 4903 4411 3540
f 4437 1363 193
f 4648 1618 4217
f 1544 2590 3833
f 2827 4308 1132
f 778 3269 4379
f 634 3988 2805
f 831 2805 3988
f 1531 3627 1753
f 1537 9 901
f 4842 705 3264
f 2592 4110 720
f 2627 4121 4261
f 722 4905 1740
f 3180 1740 4905
f 1743 180 2812
f 1763 2611 3848
f 3180 2928 1821
f 4346 1879 3778
f 526 1879 4346
f 1129 1097 4239
f 1658 2627 1580
f 879 4908 403
f 879 403 3717
f 403 4908 3717
f 1739 4313 3774
f 754 1039 3828
f 4257 754 3828
f 2959 4007 1645
f 3252 4797 1720
f 4512 2161 1412
f 3034 4499 1229
f 4352 130 1123
f 1608 1058 1567
f 3662 1700 4914
f 4846 4028 2960
f 4028 3226 2960
f 37 776 4548
f 4595 2706 68
f 148 1392 1223
f 1884 1539 1861
f 2719 654 407
f 1200 3238 3474
f 356 4915 4529
f 2579 2177 783
f 3359 2177 2579
f 1360 2796 2815
f 129 2423 4327
f 4916 4515 2699
f 4916 2699 4328
f 2815 2796 1521
f 3890 4405 1915
f 1780 4918 4370
f 62 1340 2527
f 2153 3573 3448
f 3573 2153 3329
f 2544 4919 4727
f 2572 2530 3568
f 2572 4547 2530
f 3742 774 4008
f 1366 3132 987
f 1090 4924 4921
f 4925 3576 4922
f 942 3576 4925
f 3301 822 2039
f 75 3721 3409
f 2464 162 1383
f 647 4523 925
f 368 4601 2742
f 3370 2920 3155
f 3970 2454 429
f 4861 857 1289
f 667 3369 4536
f 3881 4927 1487
f 3881 3817 4927
f 2764 737 1514
f 2764 2624 737
f 427 3812 2886
f 1147 4381 4584
f 4149 1194 2230
f 4929 100 1906
f 2607 4930 437
f 4294 437 4930
f 2983 4931 1490
f 4385 244 2720
f 3631 1200 3474
f 4931 1418 1490
f 3894 4932 44
f 1064 4932 3894
f 1285 45 4933
f 1285 4933 1722
f 2209 1788 1749
f 4438 2149 127
f 447 3490 2559
f 4935 872 4221
f 4721 1114 2221
f 2261 2298 2037
f 2333 4637 4936
f 890 2199 1464
f 2959 1970 4007
f 495 554 825
f 160 4940 3686
f 3836 734 3261
f 970 3949 4939
f 3172 3636 2474
f 1057 2665 349
f 2474 3636 4941
f 3983 1107 823
f 3983 491 1107
f 32 199 4425
f 1376 3188 1381
f 1376 1381 4132
f 4144 1779 2993
f 2270 1196 3410
f 1571 3321 3411
f 411 1414 4110
f 4942 3593 3768
f 2398 3175 1202
f 664 3351 2778
f 2473 1297 934
f 3671 783 4389
f 4720 1772 62
f 1121 4476 1964
f 2210 386 3005
f 191 4973 2781
f 639 592 1278
f 4040 507 3857
f 187 4040 3857
f 1525 3367 2123
f 1968 3477 4454
f 1968 27 3477
f 1560 4578 493
f 3658 484 4143
f 4626 1687 4630
f 113 3139 1627
f 1953 1721 807
f 3034 1614 4499
f 2005 364 1062
f 2255 1352 2362
f 2949 1635 548
f 1548 3726 404
f 1897 4956 1295
f 3137 2391 4593
f 2460 1389 3715
f 2755 4101 1048
f 3832 3298 1155
f 939 2755 1048
f 102 3199 4947
f 4614 146 4948
f 4614 4948 1824
f 2374 4764 4831
f 440 2013 4632
f 2013 4086 4632
f 4370 3502 4435
f 2013 499 4493
f 2574 1255 915
f 1042 3814 4198
f 3273 4949 1474
f 3079 4176 817
f 1359 781 1726
f 551 2489 2103
f 750 4951 4410
f 1074 4520 3487
f 3424 2653 2633
f 4869 427 1877
f 523 4520 1074
f 2633 2653 1539
f 2926 3855 3542
f 3689 3977 3867
f 3690 1060 4952
f 2188 758 401
f 3441 1643 1160
f 1425 1643 3441
f 3596 2887 1602
f 2339 3094 4209
f 4935 4221 971
f 4264 1018 4955
f 4956 2523 590
f 2613 3747 4184
f 2191 2938 2421
f 2905 1492 2461
f 174 4958 946
f 1309 3758 3661
f 205 2046 3543
f 2312 2804 705
f 3078 93 2707
f 4408 1786 2547
f 4891 2236 3697
f 4959 2431 653
f 2580 4960 1096
f 927 1428 1653
f 2766 3837 3214
f 3875 3837 2766
f 597 4961 3415
f 364 3383 1062
f 975 1241 1506
f 4963 1967 2444
f 3289 1883 1993
f 4714 1993 3202
f 4963 2444 67
f 2834 881 4219
f 2375 1577 4606
f 2835 2375 4606
f 2904 1865 3739
f 4025 4264 2194
f 514 590 2523
f 1982 3210 4283
f 738 3923 4964
f 3147 3924 661
f 4585 50 4322
f 327 2347 1707
f 2347 1717 1707
f 646 4217 1856
f 4965 2132 1381
f 143 2757 1149
f 1149 2757 4816
f 185 1091 4968
f 3091 1096 3782
f 902 4966 4
f 4933 3849 1722
f 1722 3849 405
f 3338 3569 2334
f 4682 3146 1261
f 1533 2238 3153
f 3356 494 3294
f 2447 1979 1951
f 2135 4747 2522
f 4746 4967 1038
f 1600 3262 3353
f 2447 1951 1580
f 1250 3330 2433
f 2953 3994 1924
f 3744 3662 292
f 3261 734 891
f 4509 3362 1542
f 2797 2833 2709
f 528 2797 2709
f 4309 362 4831
f 1986 1744 3082
f 4089 3018 678
f 390 4129 3250
f 3231 1774 4033
f 345 1773 2417
f 1416 107 2968
f 4554 3588 2823
f 862 2388 2793
f 1131 2388 862
f 345 279 1773
f 1401 504 3160
f 2126 2803 2804
f 2827 3021 4308
f 1728 3579 1155
f 2254 4223 2875
f 4388 2594 1693
f 48 4970 3845
f 695 3219 1225
f 4487 970 543
f 867 3699 2999
f 17 4971 3439
f 4970 48 1694
f 4783 4670 3973
f 2849 4670 4783
f 3942 4738 4188
f 4776 2658 2445
f 2715 2407 3426
f 3067 2491 1499
f 1499 4039 3067
f 4984 2749 2682
f 2126 2749 4984
f 1930 1532 852
f 4320 1697 1742
f 2958 3110 3892
f 3110 3602 3892
f 2935 4972 1577
f 3378 4974 2217
f 2158 3575 2391
f 774 2696 2870
f 2696 820 2870
f 3967 2192 3199
f 3199 102 3967
f 4728 4863 4
f 4046 2757 2940
f 143 2940 2757
f 1352 2634 2257
f 177 2095 3838
f 3989 589 2146
f 342 4101 2755
f 939 342 2755
f 1329 4975 377
f 4975 4757 377
f 1276 2475 2626
f 1277 1041 4196
f 4023 2916 2854
f 2346 227 804
f 804 227 292
f 3777 820 4976
f 3950 1600 1590
f 3841 1329 4190
f 394 2112 3329
f 1217 3574 2435
f 2688 3950 1590
f 2688 779 3950
f 3950 779 3245
f 884 1307 225
f 272 4524 2111
f 3633 3822 2136
f 3756 1781 565
f 2951 989 3170
f 2951 3283 989
f 4675 1606 4979
f 1422 3776 3210
f 2232 1078 3462
f 837 3462 1192
f 1422 3210 1982
f 2691 876 250
f 1137 3753 4014
f 3495 3753 1137
f 3350 1422 1982
f 4348 1143 4980
f 1143 1634 4980
f 4985 4981 2927
f 814 1378 3043
f 3077 4983 4180
f 4572 1053 102
f 2278 1816 2239
f 1827 4944 1246
f 217 4348 1839
f 2858 4985 2927
f 738 183 2189
