# Blender 4.5.0
# www.blender.org
o Cube
v 0.593604 0.431307 0.436392
v 1.313112 0.521136 0.753014
v 0.615381 0.432341 0.738901
v 0.562021 -0.161675 0.857743
v 1.198618 -0.291197 0.839344
v 1.067343 0.547436 0.792199
v 0.308330 0.010476 0.966279
v 0.168509 0.163529 1.227608
v 0.367955 0.330748 0.847251
v 0.215231 0.385163 1.160140
v 0.534956 0.012137 0.552217
v 1.418299 -0.175272 0.775193
v 1.419480 0.309421 0.247689
v 1.474335 0.084613 0.208332
v 0.154662 0.258855 1.173952
v 1.616481 0.160234 0.566738
v 1.458658 0.404281 0.655251
v 1.538842 -0.021474 0.612516
v 0.281443 0.167153 0.884305
v 0.611126 0.088024 0.635827
v 0.558330 -0.002026 0.569252
v 0.550892 0.038387 0.574817
v 0.936401 0.272574 0.724832
v 0.630844 0.002063 0.642608
v 1.020546 -0.077636 0.682414
v 1.176980 -0.021893 0.646520
v 1.097589 0.269792 0.714406
v 1.245664 0.237091 0.655325
v 1.365746 0.144601 0.602659
v 1.309771 0.062678 0.625710
v 0.658765 0.453199 -0.149370
v 1.349580 0.030557 -0.241715
v 0.585444 0.210645 0.638862
v 0.476638 0.096962 0.558453
v 1.083356 0.106998 -0.402200
v 0.596604 -0.137029 0.573475
v 0.934954 0.349508 0.701056
v 0.498074 -0.070407 0.538277
v 1.086789 -0.218058 0.615548
v 1.282629 -0.109037 0.537369
v 1.123132 0.338470 0.668130
v 0.461057 0.015881 0.533481
v 1.279960 0.253318 0.602502
v 1.363812 0.138058 0.575955
v 1.366675 0.025673 0.543652
v 0.471149 0.298866 0.392392
v 1.482534 0.049345 0.051654
v 0.565602 -0.313489 0.377095
v 0.969715 0.494667 0.545883
v 0.462284 -0.190898 0.349936
v 1.100907 -0.390916 0.469777
v 1.303804 -0.245525 0.421718
v 1.163959 0.434934 0.510833
v 0.399244 0.108434 0.344549
v 1.336704 0.294413 0.428123
v 1.424615 0.111456 0.362153
v 1.407965 -0.049067 0.372511
v 0.569623 0.343198 -0.144061
v 0.602569 0.099678 -0.291453
v 0.730242 -0.319573 -0.187733
v 1.079458 0.463754 -0.254547
v 0.594379 -0.254891 -0.147564
v 1.162902 -0.260750 -0.251009
v 1.350804 -0.187772 -0.123531
v 1.348317 0.321179 -0.168275
v 0.503067 0.042822 -0.198750
v 1.445358 0.193768 -0.076549
v 1.443952 0.026475 -0.086150
v 1.422200 -0.104846 -0.046280
v 1.455153 0.261934 0.057670
v 0.647095 0.545523 0.038585
v 0.622014 0.532519 0.251777
v 0.490429 -0.234882 -0.001742
v 0.454941 -0.232659 0.199961
v 0.500848 0.379825 0.018174
v 0.468637 0.378527 0.212986
v 0.371248 0.058241 0.215448
v 0.391672 0.066593 0.022494
v 0.679004 -0.412773 0.016574
v 0.577211 -0.369680 0.157233
v 1.146864 -0.454601 0.268918
v 1.183705 -0.416380 0.014968
v 1.353306 -0.274381 0.066258
v 1.331702 -0.291793 0.260865
v 1.439629 -0.105247 0.228819
v 1.439983 -0.116628 0.073793
v 1.230622 0.516630 0.344243
v 1.309378 0.493596 0.075051
v 1.010422 0.600091 0.354522
v 1.062636 0.624478 0.046211
v 0.750836 0.244173 0.695614
v 0.816016 -0.075427 0.705553
v 0.842209 0.512145 0.798460
v 0.853820 -0.256184 0.861145
v 0.754539 0.314299 0.669173
v 0.795923 -0.216613 0.630838
v 0.756959 0.491932 0.505399
v 0.810617 -0.403972 0.448359
v 0.818185 0.480408 -0.228164
v 0.896464 -0.285086 -0.278959
v 0.811433 0.108313 -0.395452
v 0.796615 0.605593 0.305851
v 0.826391 0.624912 0.035515
v 0.839421 -0.490412 0.236486
v 0.897327 -0.463489 -0.023571
v 1.444963 0.604288 0.862788
v 0.708152 0.684028 1.115794
v 0.530860 -0.215588 0.959944
v 1.282934 -0.441876 0.938779
v 1.195536 0.695374 0.993957
v 0.285113 -0.114720 1.051959
v 0.178113 0.039353 1.276771
v 0.453805 0.621053 1.253541
v 0.269546 0.592540 1.320389
v 1.589172 -0.278613 0.798855
v 1.719445 0.172062 0.444313
v 1.626222 0.427428 0.611598
v 1.743689 -0.057661 0.562344
v 0.969299 0.708188 1.072356
v 0.907495 -0.367533 0.953889
v 0.537117 -0.006423 0.665180
v 0.506056 0.024059 0.656340
v 0.530779 0.068997 0.685131
v 0.610006 0.176744 0.716684
v 0.969190 0.351535 0.806513
v 0.622847 -0.040474 0.718597
v 1.258572 -0.051709 0.723878
v 1.078878 -0.125658 0.759971
v 1.129472 0.330321 0.801080
v 1.272963 0.266871 0.712195
v 1.403207 0.151788 0.647835
v 1.375463 0.039234 0.673668
v 0.834885 -0.115769 0.762642
v 0.768143 0.312160 0.775996
v 0.000000 0.587935 1.316062
v 0.000000 0.334557 1.190825
v 0.000000 0.142840 1.283166
v 0.000000 0.239635 1.218340
v 0.000000 0.030867 1.357277
v 1.619720 0.828705 0.746308
v 0.818622 0.954133 1.153447
v 0.533755 -0.331495 1.015855
v 1.437934 -0.706134 0.868183
v 1.347304 0.958134 0.972922
v 0.277314 -0.220997 1.135622
v 0.178690 -0.096086 1.347669
v 0.583673 0.904929 1.277902
v 0.327997 0.892944 1.330434
v 1.757223 -0.521894 0.591319
v 1.865203 0.157477 0.325504
v 1.758748 0.511852 0.423722
v 1.929070 -0.151275 0.440783
v 1.080512 0.979760 1.109324
v 0.960256 -0.532215 1.000087
v 0.000000 0.911398 1.322808
v 0.000000 -0.106258 1.429654
v 0.160602 -0.682255 1.851770
v 0.000000 -0.689817 1.934197
v 0.000000 -0.378768 1.594527
v 0.174889 -0.365158 1.526778
v 0.521809 -0.860465 1.255905
v 0.614411 -0.611535 1.120607
v 0.967529 -1.430726 1.014900
v 1.314263 -1.095777 0.662422
v 1.138906 -1.881358 0.909566
v 1.414051 -1.665378 0.511297
v 0.868730 -2.753834 1.035435
v 1.046509 -2.916396 0.666366
v 0.000000 -2.975538 1.443563
v 0.000000 -3.370335 1.316528
v 0.204110 -0.919481 1.971461
v 0.000000 -0.988523 2.032853
v 0.278176 -0.728186 1.461306
v 0.243192 -0.467961 1.295473
v 0.496109 -2.935952 1.287419
v 0.595001 -3.253510 1.080198
v 0.000000 -0.536237 1.737816
v 0.156201 -0.537110 1.663667
v 0.618150 -0.739744 1.206140
v 1.159092 -1.264664 0.939159
v 1.282980 -1.788435 0.806428
v 0.946750 -2.850640 0.857105
v 0.000000 -3.151036 1.426442
v 0.244841 -0.591291 1.389089
v 0.559914 -3.121461 1.208367
v 0.269014 -0.870892 1.774997
v 0.236552 -1.264735 1.413328
v 0.000000 -1.334226 1.569932
v 0.338980 -1.413944 1.332567
v 0.000000 -1.438478 1.362010
v 0.367404 -0.916966 1.606848
v 0.345551 -1.224561 1.353521
v 0.392695 -0.846513 1.501876
v 0.498026 -1.389689 1.226365
v 0.134845 -1.238381 1.518388
v 0.113474 -1.416441 1.470726
v 0.244466 -1.083384 1.670147
v 0.405719 -1.085248 1.502577
v 0.159475 -1.101497 1.761152
v 0.000000 -1.177243 1.883144
v 0.787970 -1.135218 1.115607
v 0.098347 -1.320170 1.466529
v 0.244866 -1.269514 1.381185
v 0.000000 -1.346709 1.414618
v 0.277033 -1.213985 1.397828
v 0.224285 -1.242397 1.433363
v 0.246968 -1.022340 1.737839
v 0.084615 -1.289821 1.515908
v 0.136241 -1.119928 1.861697
v 0.321511 -1.132263 1.510196
v 0.364237 -1.225690 1.311978
v 0.192445 -1.049910 1.299533
v 0.455302 -1.152071 1.245725
v 0.228388 -1.058334 1.272494
v 0.224331 -0.885715 1.435887
v 0.269074 -0.935721 1.366253
v 0.658633 -1.340403 1.120445
v 0.120226 -1.039629 1.350837
v 0.150035 -0.889658 1.544839
v 0.965752 -0.823993 0.992263
v 0.908346 -0.950318 1.114640
v 0.497695 -0.915287 1.403408
v 0.000000 -1.610694 1.428583
v 0.628608 -1.631552 1.174228
v 0.820667 -1.909840 1.083381
v 0.766762 -2.183998 1.157716
v 0.000000 -2.488358 1.242913
v 0.137044 -1.510293 1.490427
v 0.373811 -1.550969 1.328314
v 0.558479 -2.392849 1.198356
v 0.295228 -2.468121 1.232919
v 0.878965 -3.109134 0.463883
v 0.000000 -3.500575 1.045890
v 0.524620 -3.380023 0.873725
v 2.049582 -2.153292 -0.617692
v 2.025054 -2.238170 -0.858729
v 1.882566 2.374656 -0.433233
v 2.003967 2.539788 -1.045192
v 0.000000 3.169261 0.040200
v 0.000000 3.460868 -0.802619
v 2.322714 0.137593 -0.980106
v 2.216814 0.142934 -0.554573
v 2.253937 0.681809 -0.955285
v 2.139432 0.588392 -0.569369
v 0.000000 -1.720968 1.647972
v 0.631582 -1.840744 1.198741
v 0.736299 -1.932967 1.105923
v 0.686272 -2.123164 1.170982
v 0.000000 -2.326003 1.297416
v 0.155622 -1.596023 1.526461
v 0.393819 -1.693120 1.378451
v 0.482506 -2.239094 1.216114
v 0.264129 -2.296046 1.306961
v 0.728734 -3.165983 0.235164
v 0.315194 -2.561848 1.294508
v 0.000000 -2.563604 1.348038
v 0.604464 -2.493290 1.206778
v 0.937012 -1.889748 1.035851
v 0.461224 -1.154538 1.326968
v 0.813936 -1.555410 1.069798
v 1.080755 -2.414484 0.956474
v 1.399436 -2.332511 0.590159
v 1.241949 -2.389280 0.873400
v 0.836097 -2.281235 1.103536
v 0.000000 -1.890896 1.398471
v 0.594925 -1.925237 1.090589
v 0.655177 -2.008449 1.053714
v 0.591238 -2.125796 1.105590
v 0.000000 -2.305965 1.276472
v 0.239601 -1.773798 1.359114
v 0.415638 -1.863914 1.240362
v 0.414156 -2.211833 1.196403
v 0.233835 -2.268495 1.296915
v 0.315267 -1.169468 1.429592
v 0.083543 -1.232031 1.679290
v 0.426466 -1.153525 1.403223
v 0.139386 -1.192094 1.640121
v 0.516719 -1.063081 1.193984
v 0.197771 -0.977041 1.365660
v 0.243895 -0.988171 1.318521
v 0.129803 -0.971762 1.442696
v 0.000000 -1.294853 1.675345
v 0.429276 -2.738776 1.287905
v 0.000000 -2.727981 1.420501
v 0.692738 -2.668104 1.131890
v 1.038580 -1.884534 0.985856
v 0.497034 -1.077534 1.307395
v 0.905911 -1.499342 1.030600
v 0.715777 -1.259265 1.091738
v 0.959601 -2.377283 1.033954
v 0.000000 -1.790943 1.157148
v 0.690683 -1.944759 0.919339
v 0.731494 -2.141572 0.919789
v 0.555820 -2.346311 0.946351
v 0.000000 -2.592269 0.987006
v 0.239142 -1.806100 1.114490
v 0.445740 -1.888135 1.029469
v 0.425845 -2.564201 0.938337
v 0.222288 -2.608463 0.981779
v 0.000000 -2.216323 0.119639
v 0.502770 -2.285033 0.112320
v 0.544639 -2.372723 0.113091
v 0.494920 -2.470456 0.106431
v 0.015716 -2.633789 0.099264
v 0.174204 -2.219625 0.112623
v 0.325870 -2.225941 0.108577
v 0.346298 -2.556910 0.099443
v 0.190134 -2.612789 0.103327
v 0.366098 -2.619153 0.566638
v 0.198298 -2.688831 0.563494
v 0.177495 -1.902720 0.676846
v 0.350539 -1.975525 0.661391
v 0.540632 -2.145059 0.636226
v 0.615577 -2.309879 0.627148
v 0.547212 -2.515248 0.600069
v 0.000000 -1.947033 0.678505
v 0.000000 -2.708262 0.572828
v 2.201195 -1.246029 -0.665185
v 2.321500 -1.229571 -0.928974
v 2.136781 -1.818689 -0.668092
v 2.253593 -1.845228 -0.960864
v 2.349469 -0.733747 -0.927279
v 2.267185 -0.749394 -0.606450
v 1.703344 -1.038676 0.309001
v 1.250478 -2.864262 0.104673
v 1.477370 -2.632462 0.257137
v 1.641094 -2.134764 0.248823
v 1.623056 -1.537637 0.225439
v 0.920244 2.335117 0.632432
v 1.474902 2.177166 0.399509
v 0.631682 2.352866 0.727493
v 0.300608 2.413438 0.766244
v 1.214379 2.293514 0.517224
v 0.000000 2.410804 0.741879
v 0.439880 3.460131 -0.801422
v 0.380215 3.144137 0.054042
v 0.755450 3.058448 0.023843
v 0.834124 3.356150 -0.815464
v 1.097565 2.955833 -0.088787
v 1.191078 3.196401 -0.850276
v 0.166111 -0.230632 1.426628
v 0.000000 -0.241631 1.505913
v 0.546634 -0.461668 1.047202
v 0.254276 -0.347209 1.200875
v 1.965269 0.118245 0.120709
v 1.683591 2.024550 0.264468
v 1.911695 0.519851 0.130075
v 0.977184 -0.680669 0.986853
v 1.425437 -0.861661 0.720329
v 2.058401 -0.404727 0.150734
v 1.856441 -0.748930 0.350896
v 1.409109 2.816462 -0.218719
v 1.670651 2.622078 -0.326605
v 1.788627 2.810369 -0.987495
v 1.510136 3.019329 -0.916711
v 2.126577 0.978989 -0.585282
v 1.859699 0.888478 0.200552
v 2.257077 1.056548 -0.993324
v 2.150284 2.224806 -1.057049
v 1.825448 1.905280 0.131076
v 2.044777 2.101163 -0.521371
v 0.600574 -2.044845 1.197705
v 0.482581 -2.180162 1.301603
v 0.000000 -1.756415 1.658302
v 0.165455 -1.635498 1.584989
v 0.278940 -2.320881 1.406898
v 0.000000 -2.344004 1.467713
v 0.616991 -1.895043 1.214429
v 0.676728 -1.951085 1.128545
v 0.412351 -1.762358 1.437151
v 0.556017 -1.991283 1.182006
v 0.000000 -1.991715 1.495535
v 0.229391 -1.963492 1.451747
v 0.575152 -1.966697 1.190619
v 0.429950 -1.971891 1.337334
v 0.218054 -1.974000 1.481446
v 0.000000 -1.996190 1.485527
v 0.564967 -1.981177 1.181515
v 0.421017 -1.975909 1.377688
v 2.003509 2.353832 -2.855579
v 0.000000 2.910441 -3.540047
v 0.333233 2.912866 -3.511538
v 0.704520 2.895921 -3.439872
v 1.085201 2.838593 -3.328027
v 1.752325 2.552362 -3.024146
v 1.441840 2.725680 -3.185916
v 2.153571 2.198031 -2.697625
v 1.882928 -1.031143 -2.828870
v 0.000000 -0.571976 -4.319124
v 0.418583 -0.589391 -4.279429
v 0.864746 -0.664357 -4.118772
v 1.268368 -0.726967 -3.899301
v 1.738737 -0.871761 -3.285740
v 1.559519 -0.770130 -3.636713
v 2.025426 -1.260653 -2.395161
v 1.622842 0.344023 -3.965484
v 1.923210 0.261729 -3.658699
v 1.277282 0.440293 -4.264496
v 0.436785 0.655368 -4.600235
v 0.877956 0.552180 -4.470170
v 2.141370 0.197720 -3.305423
v 2.331097 0.144735 -2.776047
v 0.000000 0.705887 -4.612088
v 1.593735 1.498087 -3.952858
v 1.225946 1.584502 -4.132485
v 0.382110 1.685258 -4.338616
v 2.165223 1.194149 -3.409003
v 0.000000 1.689443 -4.369424
v 1.904281 1.360539 -3.721555
v 0.808846 1.641786 -4.255610
v 2.347292 1.097516 -2.917598
v 1.759694 2.742598 -2.650139
v 1.818579 2.870813 -1.697277
v 2.052871 2.617517 -1.657518
v 2.011764 2.502290 -2.531484
v 2.208682 2.309568 -1.591549
v 2.196682 2.250833 -2.418682
v 0.330568 3.206936 -3.077514
v 0.405508 3.523555 -1.737545
v 0.822306 3.425911 -1.732091
v 0.705260 3.162720 -2.996570
v 1.089433 3.080847 -2.889278
v 1.188620 3.262555 -1.717426
v 1.527797 3.080413 -1.709270
v 1.446307 2.943524 -2.770155
v 0.000000 3.216524 -3.114375
v 0.000000 3.533231 -1.718140
v 2.387795 0.142283 -1.319218
v 2.348913 1.133588 -1.430486
v 2.342101 0.753783 -1.371562
v 2.427908 1.136875 -2.336380
v 2.455365 0.766702 -2.359610
v 1.937957 0.853515 -3.751490
v 0.846362 1.138814 -4.407667
v 2.354737 0.733259 -2.933086
v 1.626882 0.942825 -4.022378
v 1.259960 1.036303 -4.251824
v 0.399891 1.233908 -4.496614
v 2.193240 0.768916 -3.427934
v 0.000000 1.278501 -4.511930
v 2.350134 -0.796142 -1.204224
v 2.189734 -1.215292 -1.285630
v 2.114311 -1.724039 -1.234576
v 1.975497 -2.286683 -1.176105
v 0.873450 -5.894437 -1.377858
v 1.372086 -2.766411 -0.456537
v 0.000000 -3.483222 0.778244
v 0.423316 -3.290641 0.555427
v 1.036257 -3.005376 -0.095566
v 0.000000 -3.631012 -0.115895
v 0.630617 -3.589499 -0.454396
v 0.411348 -3.300222 -0.102966
v 0.000000 -3.449823 0.148922
v 0.000000 -3.453033 0.435375
v 0.774209 -3.160343 -0.194649
v 0.385003 -3.288886 0.239102
v 0.613595 -3.209831 0.073862
v 0.000000 -6.015625 -1.190954
v 0.294087 -5.917985 -1.168334
v 1.869739 -5.542194 -1.611125
v 1.126798 -3.100954 -0.499593
v 1.867296 -2.784926 -1.195778
v 1.235755 -5.810888 -1.559378
v 2.088022 -1.592481 -1.611766
v 1.897831 -0.197216 -3.559756
v 1.850781 -0.549126 -3.446978
v 0.873522 0.007437 -4.418917
v 0.871239 -0.379949 -4.296088
v 2.222976 -0.312304 -2.698336
v 2.108569 -0.792891 -2.460483
v 1.616712 -0.507023 -3.780236
v 1.625432 -0.142119 -3.883052
v 1.281144 -0.462633 -4.062745
v 1.276027 -0.073753 -4.192529
v 0.438223 -0.290046 -4.437095
v 0.456634 0.097664 -4.544985
v 1.998630 -0.632958 -3.024317
v 2.073205 -0.260100 -3.187948
v 0.000000 -0.239692 -4.479506
v 0.000000 0.155818 -4.573747
v 0.757829 2.124271 -4.048281
v 1.845699 1.847048 -3.582987
v 0.000000 2.135750 -4.126112
v 2.116874 1.667201 -3.292662
v 0.352389 2.133348 -4.108661
v 2.076847 -2.111910 -1.613768
v 1.819791 -4.741000 -1.500831
v 2.118736 -4.604349 -2.471198
v 1.984814 -1.819093 -2.373018
v 1.800368 -1.587800 -2.762701
v 1.445868 -4.818409 -1.163440
v 1.539838 -1.318070 -3.184803
v 0.868388 -0.919600 -3.884139
v 1.162578 2.087321 -3.944312
v 1.530267 1.998740 -3.792173
v 1.851043 1.286643 0.173114
v 2.259150 1.444879 -1.016715
v 2.149784 1.360635 -0.585350
v 1.619909 1.272727 0.527304
v 0.431531 -0.860220 -4.034180
v 0.000000 1.318370 1.183837
v 1.346292 1.316081 0.756992
v 1.137345 1.326817 0.885778
v 1.474514 -0.981478 -3.505055
v 1.240226 -0.961751 -3.691097
v 0.352686 1.322730 1.177864
v 0.589547 1.313938 1.099374
v 0.855704 1.330053 0.993762
v 2.349002 -0.315869 -0.516638
v 2.155616 -3.163021 -2.363334
v 0.000000 -0.858386 -4.105959
v 2.298439 1.557103 -2.855198
v 2.335915 1.532911 -1.471751
v 2.377645 1.552562 -2.354424
v 0.556800 0.010943 0.631887
v 0.547451 0.042783 0.662653
v 0.622356 0.019786 0.697654
v 1.201334 -0.005185 0.729386
v 1.249978 0.219997 0.736783
v 0.531169 0.022282 0.615908
v 0.610592 0.078482 0.723288
v 0.963116 0.263842 0.834721
v 1.032441 -0.057518 0.782508
v 1.104575 0.249150 0.819257
v 1.371121 0.151406 0.666427
v 1.336860 0.063756 0.679728
v 0.796165 -0.063430 0.754011
v 0.759717 0.212293 0.792199
v 1.786153 2.847621 -2.216491
v 2.038172 2.588196 -2.129422
v 2.222149 2.298556 -2.035444
v 0.347368 3.430367 -2.507394
v 0.750610 3.348039 -2.451219
v 1.133953 3.228395 -2.372717
v 1.483888 3.065352 -2.295474
v 0.000000 3.429240 -2.530960
v 2.413072 0.446029 -1.842599
v 2.407244 1.177201 -1.863817
v 2.431286 0.876837 -1.904000
v 2.382020 1.565061 -1.901389
v 0.451877 -2.057865 1.342989
v 0.215561 -1.835893 1.569432
v 0.000000 -2.174674 1.568834
v 0.619592 -1.969077 1.153401
v 0.424265 -1.866180 1.408593
v 0.575103 -1.990695 1.201742
v 0.000000 -1.884319 1.654958
v 0.269223 -2.128056 1.488867
v 0.597754 -1.937987 1.206596
v 0.451886 0.055324 0.630097
v 0.633703 0.293894 0.696216
v 0.965210 0.413565 0.789284
v 1.142388 -0.167762 0.745337
v 1.163437 0.392344 0.740346
v 1.428403 0.155472 0.629110
v 1.405650 0.038313 0.637008
v 0.863083 -0.153896 0.763485
v 0.786024 0.388126 0.771466
v 0.497422 -0.030084 0.675427
v 0.512886 0.137263 0.657210
v 0.630605 -0.085763 0.724916
v 1.308687 -0.082620 0.692894
v 1.327486 0.296312 0.667627
v 1.375559 0.150685 0.638939
v 1.426890 0.150013 0.617426
v 1.396490 0.149172 0.630145
v 1.373270 0.146493 0.620623
v 0.523063 0.023226 0.641717
v 0.610034 0.117105 0.738953
v 0.967433 0.294943 0.821815
v 1.037524 -0.072906 0.789232
v 1.112165 0.282074 0.812295
v 1.383294 0.148305 0.663534
v 1.346397 0.051401 0.680607
v 0.802270 -0.071447 0.761563
v 0.760876 0.257978 0.794988
v 0.551590 0.006552 0.652508
v 0.541457 0.052470 0.675183
v 0.620392 0.002372 0.711244
v 1.211264 -0.022061 0.733107
v 1.260837 0.238717 0.731153
v 1.381535 0.146192 0.642748
v 0.420169 0.064455 0.629391
v 0.625994 0.374507 0.634120
v 0.983655 0.452185 0.715039
v 1.133688 -0.218090 0.716365
v 1.186339 0.420782 0.656975
v 1.477181 0.164702 0.604468
v 1.440823 0.022497 0.618289
v 0.832323 -0.199689 0.758561
v 0.814858 0.437350 0.694372
v 0.421949 -0.036063 0.731319
v 0.480706 0.158543 0.644588
v 0.597535 -0.136815 0.727104
v 1.331292 -0.107080 0.661464
v 1.367415 0.316060 0.598076
v 1.485478 0.166051 0.580470
v 2.451503 0.157818 -2.248029
v 2.192960 -0.431101 -2.127208
v 2.170298 -1.061898 -1.776354
v 2.691171 0.172933 -2.337882
v 1.753672 -3.522830 -1.218495
v 2.438180 -0.394192 -2.394660
v 2.239670 -0.945300 -1.820345
v 2.592111 0.545847 -2.021245
v 2.456818 0.512325 -1.413622
v 2.623636 0.284923 -2.530635
v 2.229666 -1.180849 -1.374999
v 2.425535 -0.392948 -2.468360
v 2.323353 -0.967692 -1.875602
v 2.688835 0.670154 -2.191967
v 2.598104 0.413615 -1.555834
v 2.777720 0.193790 -2.381354
v 2.224193 -0.309890 -1.465628
v 2.385565 -0.910795 -1.476179
v 2.686557 -0.252658 -2.258360
v 2.491970 -0.866666 -1.918633
v 2.850028 0.539329 -2.218871
v 2.770642 0.249430 -2.533787
v 2.846424 0.688500 -2.293093
v 2.550786 0.462286 -1.416634
v 2.318994 -1.052335 -1.397390
v 2.624879 -0.382757 -2.461470
v 2.422747 -0.940754 -1.924280
v 2.250255 -0.488485 -1.446477
v 2.774703 0.400323 -2.151783
v 2.792521 0.108934 -2.057148
v 2.726063 -0.208368 -1.972547
v 2.527982 -0.716817 -1.798130
v 2.375145 -0.731049 -1.523395
v 2.634217 0.482041 -1.987061
v 2.573437 0.295456 -2.034760
v 2.536380 0.286202 -1.912252
v 2.539668 0.370637 -1.809122
v 2.524328 0.217936 -1.705892
v 2.577133 0.072526 -1.885139
v 2.515627 -0.098243 -1.886095
v 2.469406 -0.376341 -1.783733
v 2.199953 -0.437660 -1.793624
v 2.784761 0.474707 -2.191701
v 2.513706 -0.282670 -2.341913
v 2.730242 0.186371 -2.359320
v 2.468803 -0.805452 -1.908633
v 2.390626 -0.873564 -1.515832
v 2.478512 0.478566 -1.591786
v 2.727007 0.795608 -1.806046
v 2.791781 0.680755 -1.871745
v 2.581703 0.739177 -1.709934
v 2.680386 0.616335 -1.918733
v 2.537893 0.413587 -1.700369
v 2.114599 -0.319514 -1.642280
v 2.477930 0.150592 -1.609879
v 2.398280 0.048941 -1.473218
v 2.117750 -0.335794 -1.786515
v 2.374672 -0.331091 -1.545309
v 2.356691 -0.577697 -1.465495
v 2.348217 -0.431533 -1.754839
v 2.271545 -0.220225 -1.522241
v 2.228647 -0.229792 -1.738581
v 2.062733 -0.438203 -1.676168
v 2.063080 -0.503619 -1.562296
v 2.067190 -0.474830 -1.730439
v 2.068374 -0.389786 -1.711617
v 2.071445 -0.391999 -1.781876
v 2.112452 -0.461341 -1.748633
v 2.122926 -0.511669 -1.490566
v 2.107322 -0.379680 -1.608508
v 2.294361 -0.278695 -1.833654
v 2.192194 -0.337451 -1.833798
v 2.064564 -0.435776 -1.769328
v 2.346620 -0.142559 -1.735498
v 2.110495 -0.400327 -1.801049
v 2.050511 -3.412030 -1.603765
v 2.420928 -0.272267 -0.949963
v 2.400278 -0.326313 -1.242880
v 2.072981 -2.707382 -1.613188
v 2.035478 -2.453218 -2.382838
v 1.850538 -1.400238 -0.077715
v 1.957875 -0.855906 -0.022791
v 1.603955 -2.626879 -0.310357
v 1.839593 -1.975641 -0.047712
v 1.801837 -2.407933 -0.130307
v 0.445126 -4.830316 -0.566875
v 0.000000 -4.027434 -0.205330
v 0.319928 -3.998775 -0.355719
v 0.000000 -4.884519 -0.352583
v 0.732050 -4.774292 -0.876550
v 0.000000 -5.679029 -1.168313
v 0.178827 -5.652918 -1.158512
v 0.435440 -4.421559 -0.391726
v 0.000000 -4.495202 -0.198166
v 1.656187 -4.195937 -1.216439
v 2.180541 -3.916478 -2.361873
v 2.009376 -4.141904 -1.591743
v 0.718247 -4.240263 -0.678903
v 0.903276 1.806918 0.824358
v 1.147008 1.813310 0.729599
v 1.384695 1.760288 0.599542
v 0.000000 1.792446 1.037627
v 1.630776 1.697537 0.412722
v 2.226977 1.860732 -1.028143
v 1.842152 1.658934 0.165387
v 1.467302 2.417768 -3.537887
v 1.107244 2.513226 -3.686944
v 0.336622 2.552795 -3.847048
v 2.048316 2.080044 -3.094608
v 0.000000 2.546409 -3.867775
v 2.290077 1.948312 -1.519943
v 2.124954 1.751062 -0.561388
v 0.622773 1.803384 0.923288
v 2.224018 1.957951 -2.770775
v 1.784356 2.263962 -3.340178
v 0.285599 1.823648 1.022076
v 2.305676 1.944006 -2.369691
v 0.721218 2.552305 -3.791463
v 2.323417 1.961727 -1.954845
v 0.000000 -1.238966 -3.820045
v 1.196543 -1.353619 -3.454898
v 0.834972 -1.316202 -3.637969
v 0.443856 -1.246086 -3.736993
v 1.766225 -4.197778 -3.163953
v 0.000000 -4.072533 -3.749902
v 1.276291 -4.133144 -3.496739
v 0.797440 -4.116822 -3.724529
v 0.364423 -4.103637 -3.763843
v 1.166222 -5.340038 -1.242416
v 1.540517 -5.258189 -1.408647
v 2.059096 -5.056988 -2.097060
v 0.541218 -5.318150 -1.048589
v 0.000000 -5.304664 -0.660378
v 0.333720 -5.316556 -0.814319
v 0.734803 -3.438821 -3.650451
v 0.720336 -2.713851 -3.588108
v 0.754449 -1.982560 -3.556056
v 1.140217 -2.031343 -3.401932
v 1.148780 -2.754943 -3.445290
v 1.209583 -3.476119 -3.465689
v 0.000000 -3.375082 -3.677359
v 0.000000 -2.637015 -3.674468
v 0.000000 -1.893260 -3.693412
v 0.377098 -1.927535 -3.636351
v 0.335549 -2.680238 -3.646546
v 0.319044 -3.418922 -3.683490
v 1.517409 -2.094720 -3.130302
v 1.595606 -2.841188 -3.134877
v 1.737703 -3.563274 -3.059295
v 1.960364 -2.988354 -2.727665
v 2.031399 -4.320299 -2.780240
v 1.823845 -2.262403 -2.758549
v 2.097867 -3.710875 -2.671819
v 1.831613 -2.447532 -0.632016
v 2.089679 0.111340 -0.218082
v 0.000000 2.912869 0.382726
v 1.784290 2.228128 -0.026889
v 2.033826 0.544818 -0.205935
v 2.149208 -0.773397 -0.305503
v 2.025906 -1.294282 -0.371147
v 1.971874 -1.861428 -0.351800
v 0.330371 2.901775 0.404589
v 0.686588 2.807432 0.375544
v 1.019844 2.735686 0.276949
v 1.343518 2.635484 0.157417
v 1.603953 2.468731 0.053914
v 2.009829 0.926422 -0.203226
v 1.925672 1.990587 -0.116289
v 1.669779 -2.566572 -0.818936
v 0.548392 -5.935818 -1.294622
v 2.018694 1.312320 -0.188048
v 2.205444 -0.366149 -0.179164
v 1.965770 -2.254370 -0.430553
v 1.527788 -2.950562 -0.833923
v 1.303759 -3.600678 -0.847925
v 1.021473 -4.806680 -0.966602
v 1.178607 -4.215561 -0.910250
v 1.996688 1.686742 -0.154266
v 0.820322 -5.337441 -1.118194
v 2.608478 -0.467343 -1.926959
v 2.490932 -0.218931 -1.814614
v 2.325568 -0.686852 -2.204321
v 2.474501 -0.667273 -2.226894
v 2.565217 -0.578070 -2.090218
v 2.466303 -0.565736 -2.115547
v 2.306905 -0.663779 -2.146831
v 2.191548 -0.732295 -2.079997
v 1.585928 -5.729259 -1.565612
v 2.087232 -1.469462 -2.010401
v 2.167534 -3.309880 -2.006684
v 2.066436 -4.599864 -1.955543
v 2.080525 -1.986792 -1.991253
v 2.114022 -1.068691 -2.079031
v 2.129214 -2.620347 -2.011731
v 2.164994 -4.038147 -1.993745
v 1.905285 -5.124128 -1.651323
v 0.108886 -1.130905 1.422134
v 0.203077 -1.148773 1.336369
v 0.237576 -0.911488 1.542146
v 0.147608 -0.924244 1.671279
v 0.249984 -1.135763 1.297614
v 0.290805 -0.993877 1.400729
v 0.119857 -1.046828 1.549716
v 0.272654 -1.069605 1.331601
v 2.050996 -0.447156 -1.718181
v 2.305808 -0.439537 -1.590692
v 2.109089 -0.508835 -1.597520
v 2.065215 -0.390556 -1.747703
v 2.229319 -0.436130 -1.604401
v 2.245026 -0.223102 -1.616748
v 2.117389 -0.316535 -1.724789
v 2.056213 -0.499327 -1.643948
v 2.374182 -0.063087 -1.629264
v 2.460060 0.161853 -1.667286
v 2.500693 0.075588 -1.744608
v 2.455551 -0.013476 -1.769308
v -0.593604 0.431307 0.436392
v -1.313112 0.521136 0.753014
v -0.615381 0.432341 0.738901
v -0.562021 -0.161675 0.857743
v -1.198618 -0.291197 0.839344
v -1.067343 0.547436 0.792199
v -0.308330 0.010476 0.966279
v -0.168509 0.163529 1.227608
v -0.367955 0.330748 0.847251
v -0.215231 0.385163 1.160140
v -0.534956 0.012137 0.552217
v -1.418299 -0.175272 0.775193
v -1.419480 0.309421 0.247689
v -1.474335 0.084613 0.208332
v -0.154662 0.258855 1.173952
v -1.616481 0.160234 0.566738
v -1.458658 0.404281 0.655251
v -1.538842 -0.021474 0.612516
v -0.281443 0.167153 0.884305
v -0.611126 0.088024 0.635827
v -0.558330 -0.002026 0.569252
v -0.550892 0.038387 0.574817
v -0.936401 0.272574 0.724832
v -0.630844 0.002063 0.642608
v -1.020546 -0.077636 0.682414
v -1.176980 -0.021893 0.646520
v -1.097589 0.269792 0.714406
v -1.245664 0.237091 0.655325
v -1.365746 0.144601 0.602659
v -1.309771 0.062678 0.625710
v -0.658765 0.453199 -0.149370
v -1.349580 0.030557 -0.241715
v -0.585444 0.210645 0.638862
v -0.476638 0.096962 0.558453
v -1.083356 0.106998 -0.402200
v -0.596604 -0.137029 0.573475
v -0.934954 0.349508 0.701056
v -0.498074 -0.070407 0.538277
v -1.086789 -0.218058 0.615548
v -1.282629 -0.109037 0.537369
v -1.123132 0.338470 0.668130
v -0.461057 0.015881 0.533481
v -1.279960 0.253318 0.602502
v -1.363812 0.138058 0.575955
v -1.366675 0.025673 0.543652
v -0.471149 0.298866 0.392392
v -1.482534 0.049345 0.051654
v -0.565602 -0.313489 0.377095
v -0.969715 0.494667 0.545883
v -0.462284 -0.190898 0.349936
v -1.100907 -0.390916 0.469777
v -1.303804 -0.245525 0.421718
v -1.163959 0.434934 0.510833
v -0.399244 0.108434 0.344549
v -1.336704 0.294413 0.428123
v -1.424615 0.111456 0.362153
v -1.407965 -0.049067 0.372511
v -0.569623 0.343198 -0.144061
v -0.602569 0.099678 -0.291453
v -0.730242 -0.319573 -0.187733
v -1.079458 0.463754 -0.254547
v -0.594379 -0.254891 -0.147564
v -1.162902 -0.260750 -0.251009
v -1.350804 -0.187772 -0.123531
v -1.348317 0.321179 -0.168275
v -0.503067 0.042822 -0.198750
v -1.445358 0.193768 -0.076549
v -1.443952 0.026475 -0.086150
v -1.422200 -0.104846 -0.046280
v -1.455153 0.261934 0.057670
v -0.647095 0.545523 0.038585
v -0.622014 0.532519 0.251777
v -0.490429 -0.234882 -0.001742
v -0.454941 -0.232659 0.199961
v -0.500848 0.379825 0.018174
v -0.468637 0.378527 0.212986
v -0.371248 0.058241 0.215448
v -0.391672 0.066593 0.022494
v -0.679004 -0.412773 0.016574
v -0.577211 -0.369680 0.157233
v -1.146864 -0.454601 0.268918
v -1.183705 -0.416380 0.014968
v -1.353306 -0.274381 0.066258
v -1.331702 -0.291793 0.260865
v -1.439629 -0.105247 0.228819
v -1.439983 -0.116628 0.073793
v -1.230622 0.516630 0.344243
v -1.309378 0.493596 0.075051
v -1.010422 0.600091 0.354522
v -1.062636 0.624478 0.046211
v -0.750836 0.244173 0.695614
v -0.816016 -0.075427 0.705553
v -0.842209 0.512145 0.798460
v -0.853820 -0.256184 0.861145
v -0.754539 0.314299 0.669173
v -0.795923 -0.216613 0.630838
v -0.756959 0.491932 0.505399
v -0.810617 -0.403972 0.448359
v -0.818185 0.480408 -0.228164
v -0.896464 -0.285086 -0.278959
v -0.811433 0.108313 -0.395452
v -0.796615 0.605593 0.305851
v -0.826391 0.624912 0.035515
v -0.839421 -0.490412 0.236486
v -0.897327 -0.463489 -0.023571
v -1.444963 0.604288 0.862788
v -0.708152 0.684028 1.115794
v -0.530860 -0.215588 0.959944
v -1.282934 -0.441876 0.938779
v -1.195536 0.695374 0.993957
v -0.285113 -0.114720 1.051959
v -0.178113 0.039353 1.276771
v -0.453805 0.621053 1.253541
v -0.269546 0.592540 1.320389
v -1.589172 -0.278613 0.798855
v -1.719445 0.172062 0.444313
v -1.626222 0.427428 0.611598
v -1.743689 -0.057661 0.562344
v -0.969299 0.708188 1.072356
v -0.907495 -0.367533 0.953889
v -0.537117 -0.006423 0.665180
v -0.506056 0.024059 0.656340
v -0.530779 0.068997 0.685131
v -0.610006 0.176744 0.716684
v -0.969190 0.351535 0.806513
v -0.622847 -0.040474 0.718597
v -1.258572 -0.051709 0.723878
v -1.078878 -0.125658 0.759971
v -1.129472 0.330321 0.801080
v -1.272963 0.266871 0.712195
v -1.403207 0.151788 0.647835
v -1.375463 0.039234 0.673668
v -0.834885 -0.115769 0.762642
v -0.768143 0.312160 0.775996
v -1.619720 0.828705 0.746308
v -0.818622 0.954133 1.153447
v -0.533755 -0.331495 1.015855
v -1.437934 -0.706134 0.868183
v -1.347304 0.958134 0.972922
v -0.277314 -0.220997 1.135622
v -0.178690 -0.096086 1.347669
v -0.583673 0.904929 1.277902
v -0.327997 0.892944 1.330434
v -1.757223 -0.521894 0.591319
v -1.865203 0.157477 0.325504
v -1.758748 0.511852 0.423722
v -1.929070 -0.151275 0.440783
v -1.080512 0.979760 1.109324
v -0.960256 -0.532215 1.000087
v -0.160602 -0.682255 1.851770
v -0.174889 -0.365158 1.526778
v -0.521809 -0.860465 1.255905
v -0.614411 -0.611535 1.120607
v -0.967529 -1.430726 1.014900
v -1.314263 -1.095777 0.662422
v -1.138906 -1.881358 0.909566
v -1.414051 -1.665378 0.511297
v -0.868730 -2.753834 1.035435
v -1.046509 -2.916396 0.666366
v -0.204110 -0.919481 1.971461
v -0.278176 -0.728186 1.461306
v -0.243192 -0.467961 1.295473
v -0.496109 -2.935952 1.287419
v -0.595001 -3.253510 1.080198
v -0.156201 -0.537110 1.663667
v -0.618150 -0.739744 1.206140
v -1.159092 -1.264664 0.939159
v -1.282980 -1.788435 0.806428
v -0.946750 -2.850640 0.857105
v -0.244841 -0.591291 1.389089
v -0.559914 -3.121461 1.208367
v -0.269014 -0.870892 1.774997
v -0.236552 -1.264735 1.413328
v -0.338980 -1.413944 1.332567
v -0.367404 -0.916966 1.606848
v -0.345551 -1.224561 1.353521
v -0.392695 -0.846513 1.501876
v -0.498026 -1.389689 1.226365
v -0.134845 -1.238381 1.518388
v -0.113474 -1.416441 1.470726
v -0.244466 -1.083384 1.670147
v -0.405719 -1.085248 1.502577
v -0.159475 -1.101497 1.761152
v -0.787970 -1.135218 1.115607
v -0.098347 -1.320170 1.466529
v -0.244866 -1.269514 1.381185
v -0.277033 -1.213985 1.397828
v -0.224285 -1.242397 1.433363
v -0.246968 -1.022340 1.737839
v -0.084615 -1.289821 1.515908
v -0.136241 -1.119928 1.861697
v -0.321511 -1.132263 1.510196
v -0.364237 -1.225690 1.311978
v -0.192445 -1.049910 1.299533
v -0.455302 -1.152071 1.245725
v -0.228388 -1.058334 1.272494
v -0.224331 -0.885715 1.435887
v -0.269074 -0.935721 1.366253
v -0.658633 -1.340403 1.120445
v -0.120226 -1.039629 1.350837
v -0.150035 -0.889658 1.544839
v -0.965752 -0.823993 0.992263
v -0.908346 -0.950318 1.114640
v -0.497695 -0.915287 1.403408
v -0.628608 -1.631552 1.174228
v -0.820667 -1.909840 1.083381
v -0.766762 -2.183998 1.157716
v -0.137044 -1.510293 1.490427
v -0.373811 -1.550969 1.328314
v -0.558479 -2.392849 1.198356
v -0.295228 -2.468121 1.232919
v -0.878965 -3.109134 0.463883
v -0.524620 -3.380023 0.873725
v -2.049582 -2.153292 -0.617692
v -2.025054 -2.238170 -0.858729
v -1.882566 2.374656 -0.433233
v -2.003967 2.539788 -1.045192
v -2.322714 0.137593 -0.980106
v -2.216814 0.142934 -0.554573
v -2.253937 0.681809 -0.955285
v -2.139432 0.588392 -0.569369
v -0.631582 -1.840744 1.198741
v -0.736299 -1.932967 1.105923
v -0.686272 -2.123164 1.170982
v -0.155622 -1.596023 1.526461
v -0.393819 -1.693120 1.378451
v -0.482506 -2.239094 1.216114
v -0.264129 -2.296046 1.306961
v -0.728734 -3.165983 0.235164
v -0.315194 -2.561848 1.294508
v -0.604464 -2.493290 1.206778
v -0.937012 -1.889748 1.035851
v -0.461224 -1.154538 1.326968
v -0.813936 -1.555410 1.069798
v -1.080755 -2.414484 0.956474
v -1.399436 -2.332511 0.590159
v -1.241949 -2.389280 0.873400
v -0.836097 -2.281235 1.103536
v -0.594925 -1.925237 1.090589
v -0.655177 -2.008449 1.053714
v -0.591238 -2.125796 1.105590
v -0.239601 -1.773798 1.359114
v -0.415638 -1.863914 1.240362
v -0.414156 -2.211833 1.196403
v -0.233835 -2.268495 1.296915
v -0.315267 -1.169468 1.429592
v -0.083543 -1.232031 1.679290
v -0.426466 -1.153525 1.403223
v -0.139386 -1.192094 1.640121
v -0.516719 -1.063081 1.193984
v -0.197771 -0.977041 1.365660
v -0.243895 -0.988171 1.318521
v -0.129803 -0.971762 1.442696
v -0.429276 -2.738776 1.287905
v -0.692738 -2.668104 1.131890
v -1.038580 -1.884534 0.985856
v -0.497034 -1.077534 1.307395
v -0.905911 -1.499342 1.030600
v -0.715777 -1.259265 1.091738
v -0.959601 -2.377283 1.033954
v -0.690683 -1.944759 0.919339
v -0.731494 -2.141572 0.919789
v -0.555820 -2.346311 0.946351
v -0.239142 -1.806100 1.114490
v -0.445740 -1.888135 1.029469
v -0.425845 -2.564201 0.938337
v -0.222288 -2.608463 0.981779
v -0.502770 -2.285033 0.112320
v -0.544639 -2.372723 0.113091
v -0.494920 -2.470456 0.106431
v -0.015716 -2.633789 0.099264
v -0.174204 -2.219625 0.112623
v -0.325870 -2.225941 0.108577
v -0.346298 -2.556910 0.099443
v -0.190134 -2.612789 0.103327
v -0.366098 -2.619153 0.566638
v -0.198298 -2.688831 0.563494
v -0.177495 -1.902720 0.676846
v -0.350539 -1.975525 0.661391
v -0.540632 -2.145059 0.636226
v -0.615577 -2.309879 0.627148
v -0.547212 -2.515248 0.600069
v -2.201195 -1.246029 -0.665185
v -2.321500 -1.229571 -0.928974
v -2.136781 -1.818689 -0.668092
v -2.253593 -1.845228 -0.960864
v -2.349469 -0.733747 -0.927279
v -2.267185 -0.749394 -0.606450
v -1.703344 -1.038676 0.309001
v -1.250478 -2.864262 0.104673
v -1.477370 -2.632462 0.257137
v -1.641094 -2.134764 0.248823
v -1.623056 -1.537637 0.225439
v -0.920244 2.335117 0.632432
v -1.474902 2.177166 0.399509
v -0.631682 2.352866 0.727493
v -0.300608 2.413438 0.766244
v -1.214379 2.293514 0.517224
v -0.439880 3.460131 -0.801422
v -0.380215 3.144137 0.054042
v -0.755450 3.058448 0.023843
v -0.834124 3.356150 -0.815464
v -1.097565 2.955833 -0.088787
v -1.191078 3.196401 -0.850276
v -0.166111 -0.230632 1.426628
v -0.546634 -0.461668 1.047202
v -0.254276 -0.347209 1.200875
v -1.965269 0.118245 0.120709
v -1.683591 2.024550 0.264468
v -1.911695 0.519851 0.130075
v -0.977184 -0.680669 0.986853
v -1.425437 -0.861661 0.720329
v -2.058401 -0.404727 0.150734
v -1.856441 -0.748930 0.350896
v -1.409109 2.816462 -0.218719
v -1.670651 2.622078 -0.326605
v -1.788627 2.810369 -0.987495
v -1.510136 3.019329 -0.916711
v -2.126577 0.978989 -0.585282
v -1.859699 0.888478 0.200552
v -2.257077 1.056548 -0.993324
v -2.150284 2.224806 -1.057049
v -1.825448 1.905280 0.131076
v -2.044777 2.101163 -0.521371
v -0.600574 -2.044845 1.197705
v -0.482581 -2.180162 1.301603
v -0.165455 -1.635498 1.584989
v -0.278940 -2.320881 1.406898
v -0.616991 -1.895043 1.214429
v -0.676728 -1.951085 1.128545
v -0.412351 -1.762358 1.437151
v -0.556017 -1.991283 1.182006
v -0.229391 -1.963492 1.451747
v -0.575152 -1.966697 1.190619
v -0.429950 -1.971891 1.337334
v -0.218054 -1.974000 1.481446
v -0.564967 -1.981177 1.181515
v -0.421017 -1.975909 1.377688
v -2.003509 2.353832 -2.855579
v -0.333233 2.912866 -3.511538
v -0.704520 2.895921 -3.439872
v -1.085201 2.838593 -3.328027
v -1.752325 2.552362 -3.024146
v -1.441840 2.725680 -3.185916
v -2.153571 2.198031 -2.697625
v -1.882928 -1.031143 -2.828870
v -0.418583 -0.589391 -4.279429
v -0.864746 -0.664357 -4.118772
v -1.268368 -0.726967 -3.899301
v -1.738737 -0.871761 -3.285740
v -1.559519 -0.770130 -3.636713
v -2.025426 -1.260653 -2.395161
v -1.622842 0.344023 -3.965484
v -1.923210 0.261729 -3.658699
v -1.277282 0.440293 -4.264496
v -0.436785 0.655368 -4.600235
v -0.877956 0.552180 -4.470170
v -2.141370 0.197720 -3.305423
v -2.331097 0.144735 -2.776047
v -1.593735 1.498087 -3.952858
v -1.225946 1.584502 -4.132485
v -0.382110 1.685258 -4.338616
v -2.165223 1.194149 -3.409003
v -1.904281 1.360539 -3.721555
v -0.808846 1.641786 -4.255610
v -2.347292 1.097516 -2.917598
v -1.759694 2.742598 -2.650139
v -1.818579 2.870813 -1.697277
v -2.052871 2.617517 -1.657518
v -2.011764 2.502290 -2.531484
v -2.208682 2.309568 -1.591549
v -2.196682 2.250833 -2.418682
v -0.330568 3.206936 -3.077514
v -0.405508 3.523555 -1.737545
v -0.822306 3.425911 -1.732091
v -0.705260 3.162720 -2.996570
v -1.089433 3.080847 -2.889278
v -1.188620 3.262555 -1.717426
v -1.527797 3.080413 -1.709270
v -1.446307 2.943524 -2.770155
v -2.387795 0.142283 -1.319218
v -2.348913 1.133588 -1.430486
v -2.342101 0.753783 -1.371562
v -2.427908 1.136875 -2.336380
v -2.455365 0.766702 -2.359610
v -1.937957 0.853515 -3.751490
v -0.846362 1.138814 -4.407667
v -2.354737 0.733259 -2.933086
v -1.626882 0.942825 -4.022378
v -1.259960 1.036303 -4.251824
v -0.399891 1.233908 -4.496614
v -2.193240 0.768916 -3.427934
v -2.350134 -0.796142 -1.204224
v -2.189734 -1.215292 -1.285630
v -2.114311 -1.724039 -1.234576
v -1.975497 -2.286683 -1.176105
v -0.873450 -5.894437 -1.377858
v -1.372086 -2.766411 -0.456537
v -0.423316 -3.290641 0.555427
v -1.036257 -3.005376 -0.095566
v -0.630617 -3.589499 -0.454396
v -0.411348 -3.300222 -0.102966
v -0.774209 -3.160343 -0.194649
v -0.385003 -3.288886 0.239102
v -0.613595 -3.209831 0.073862
v -0.294087 -5.917985 -1.168334
v -1.869739 -5.542194 -1.611125
v -1.126798 -3.100954 -0.499593
v -1.867296 -2.784926 -1.195778
v -1.235755 -5.810888 -1.559378
v -2.088022 -1.592481 -1.611766
v -1.897831 -0.197216 -3.559756
v -1.850781 -0.549126 -3.446978
v -0.873522 0.007437 -4.418917
v -0.871239 -0.379949 -4.296088
v -2.222976 -0.312304 -2.698336
v -2.108569 -0.792891 -2.460483
v -1.616712 -0.507023 -3.780236
v -1.625432 -0.142119 -3.883052
v -1.281144 -0.462633 -4.062745
v -1.276027 -0.073753 -4.192529
v -0.438223 -0.290046 -4.437095
v -0.456634 0.097664 -4.544985
v -1.998630 -0.632958 -3.024317
v -2.073205 -0.260100 -3.187948
v -0.757829 2.124271 -4.048281
v -1.845699 1.847048 -3.582987
v -2.116874 1.667201 -3.292662
v -0.352389 2.133348 -4.108661
v -2.076847 -2.111910 -1.613768
v -1.819791 -4.741000 -1.500831
v -2.118736 -4.604349 -2.471198
v -1.984814 -1.819093 -2.373018
v -1.800368 -1.587800 -2.762701
v -1.445868 -4.818409 -1.163440
v -1.539838 -1.318070 -3.184803
v -0.868388 -0.919600 -3.884139
v -1.162578 2.087321 -3.944312
v -1.530267 1.998740 -3.792173
v -1.851043 1.286643 0.173114
v -2.259150 1.444879 -1.016715
v -2.149784 1.360635 -0.585350
v -1.619909 1.272727 0.527304
v -0.431531 -0.860220 -4.034180
v -1.346292 1.316081 0.756992
v -1.137345 1.326817 0.885778
v -1.474514 -0.981478 -3.505055
v -1.240226 -0.961751 -3.691097
v -0.352686 1.322730 1.177864
v -0.589547 1.313938 1.099374
v -0.855704 1.330053 0.993762
v -2.349002 -0.315869 -0.516638
v -2.155616 -3.163021 -2.363334
v -2.298439 1.557103 -2.855198
v -2.335915 1.532911 -1.471751
v -2.377645 1.552562 -2.354424
v -0.556800 0.010943 0.631887
v -0.547451 0.042783 0.662653
v -0.622356 0.019786 0.697654
v -1.201334 -0.005185 0.729386
v -1.249978 0.219997 0.736783
v -0.531169 0.022282 0.615908
v -0.610592 0.078482 0.723288
v -0.963116 0.263842 0.834721
v -1.032441 -0.057518 0.782508
v -1.104575 0.249150 0.819257
v -1.371121 0.151406 0.666427
v -1.336860 0.063756 0.679728
v -0.796165 -0.063430 0.754011
v -0.759717 0.212293 0.792199
v -1.786153 2.847621 -2.216491
v -2.038172 2.588196 -2.129422
v -2.222149 2.298556 -2.035444
v -0.347368 3.430367 -2.507394
v -0.750610 3.348039 -2.451219
v -1.133953 3.228395 -2.372717
v -1.483888 3.065352 -2.295474
v -2.413072 0.446029 -1.842599
v -2.407244 1.177201 -1.863817
v -2.431286 0.876837 -1.904000
v -2.382020 1.565061 -1.901389
v -0.451877 -2.057865 1.342989
v -0.215561 -1.835893 1.569432
v -0.619592 -1.969077 1.153401
v -0.424265 -1.866180 1.408593
v -0.575103 -1.990695 1.201742
v -0.269223 -2.128056 1.488867
v -0.597754 -1.937987 1.206596
v -0.451886 0.055324 0.630097
v -0.633703 0.293894 0.696216
v -0.965210 0.413565 0.789284
v -1.142388 -0.167762 0.745337
v -1.163437 0.392344 0.740346
v -1.428403 0.155472 0.629110
v -1.405650 0.038313 0.637008
v -0.863083 -0.153896 0.763485
v -0.786024 0.388126 0.771466
v -0.497422 -0.030084 0.675427
v -0.512886 0.137263 0.657210
v -0.630605 -0.085763 0.724916
v -1.308687 -0.082620 0.692894
v -1.327486 0.296312 0.667627
v -1.375559 0.150685 0.638939
v -1.426890 0.150013 0.617426
v -1.396490 0.149172 0.630145
v -1.373270 0.146493 0.620623
v -0.523063 0.023226 0.641717
v -0.610034 0.117105 0.738953
v -0.967433 0.294943 0.821815
v -1.037524 -0.072906 0.789232
v -1.112165 0.282074 0.812295
v -1.383294 0.148305 0.663534
v -1.346397 0.051401 0.680607
v -0.802270 -0.071447 0.761563
v -0.760876 0.257978 0.794988
v -0.551590 0.006552 0.652508
v -0.541457 0.052470 0.675183
v -0.620392 0.002372 0.711244
v -1.211264 -0.022061 0.733107
v -1.260837 0.238717 0.731153
v -1.381535 0.146192 0.642748
v -0.420169 0.064455 0.629391
v -0.625994 0.374507 0.634120
v -0.983655 0.452185 0.715039
v -1.133688 -0.218090 0.716365
v -1.186339 0.420782 0.656975
v -1.477181 0.164702 0.604468
v -1.440823 0.022497 0.618289
v -0.832323 -0.199689 0.758561
v -0.814858 0.436090 0.694372
v -0.421949 -0.036063 0.731319
v -0.480706 0.158543 0.644588
v -0.597535 -0.136815 0.727104
v -1.331292 -0.107080 0.661464
v -1.367415 0.316060 0.598076
v -1.485478 0.166051 0.580470
v -2.451503 0.157818 -2.248029
v -2.192960 -0.431101 -2.127208
v -2.170298 -1.061898 -1.776354
v -2.691171 0.172933 -2.337882
v -1.753672 -3.522830 -1.218495
v -2.438180 -0.394192 -2.394660
v -2.239670 -0.945300 -1.820345
v -2.592111 0.545847 -2.021245
v -2.456818 0.512325 -1.413622
v -2.623636 0.284923 -2.530635
v -2.229666 -1.180849 -1.374999
v -2.425535 -0.392948 -2.468360
v -2.323353 -0.967692 -1.875602
v -2.688835 0.670154 -2.191967
v -2.598104 0.413615 -1.555834
v -2.777720 0.193790 -2.381354
v -2.224193 -0.309890 -1.465628
v -2.385565 -0.910795 -1.476179
v -2.686557 -0.252658 -2.258360
v -2.491970 -0.866666 -1.918633
v -2.850028 0.539329 -2.218871
v -2.770642 0.249430 -2.533787
v -2.846424 0.688500 -2.293093
v -2.550786 0.462286 -1.416634
v -2.318994 -1.052335 -1.397390
v -2.624879 -0.382757 -2.461470
v -2.422747 -0.940754 -1.924280
v -2.250255 -0.488485 -1.446477
v -2.774703 0.400323 -2.151783
v -2.792521 0.108934 -2.057148
v -2.726063 -0.208368 -1.972547
v -2.527982 -0.716817 -1.798130
v -2.375145 -0.731049 -1.523395
v -2.634217 0.482041 -1.987061
v -2.573437 0.295456 -2.034760
v -2.536380 0.286202 -1.912252
v -2.539668 0.370637 -1.809122
v -2.524328 0.217936 -1.705892
v -2.577133 0.072526 -1.885139
v -2.515627 -0.098243 -1.886095
v -2.469406 -0.376341 -1.783733
v -2.199953 -0.437660 -1.793624
v -2.784761 0.474707 -2.191701
v -2.513706 -0.282670 -2.341913
v -2.730242 0.186371 -2.359320
v -2.468803 -0.805452 -1.908633
v -2.390626 -0.873564 -1.515832
v -2.478512 0.478566 -1.591786
v -2.727007 0.795608 -1.806046
v -2.791781 0.680755 -1.871745
v -2.581703 0.739177 -1.709934
v -2.680386 0.616335 -1.918733
v -2.537893 0.413587 -1.700369
v -2.114599 -0.319514 -1.642280
v -2.477930 0.150592 -1.609879
v -2.398280 0.048941 -1.473218
v -2.117750 -0.335794 -1.786515
v -2.374672 -0.331091 -1.545309
v -2.356691 -0.577697 -1.465495
v -2.348217 -0.431533 -1.754839
v -2.271545 -0.220225 -1.522241
v -2.228647 -0.229792 -1.738581
v -2.062733 -0.438203 -1.676168
v -2.063080 -0.503619 -1.562296
v -2.067190 -0.474830 -1.730439
v -2.068374 -0.389786 -1.711617
v -2.071445 -0.391999 -1.781876
v -2.112452 -0.461341 -1.748633
v -2.122926 -0.511669 -1.490566
v -2.107322 -0.379680 -1.608508
v -2.294361 -0.278695 -1.833654
v -2.192194 -0.337451 -1.833798
v -2.064564 -0.435776 -1.769328
v -2.346620 -0.142559 -1.735498
v -2.110495 -0.400327 -1.801049
v -2.050511 -3.412030 -1.603765
v -2.420928 -0.272267 -0.949963
v -2.400278 -0.326313 -1.242880
v -2.072981 -2.707382 -1.613188
v -2.035478 -2.453218 -2.382838
v -1.850538 -1.400238 -0.077715
v -1.957875 -0.855906 -0.022791
v -1.603955 -2.626879 -0.310357
v -1.839593 -1.975641 -0.047712
v -1.801837 -2.407933 -0.130307
v -0.445126 -4.830316 -0.566875
v -0.319928 -3.998775 -0.355719
v -0.732050 -4.774292 -0.876550
v -0.178827 -5.652918 -1.158512
v -0.435440 -4.421559 -0.391726
v -1.656187 -4.195937 -1.216439
v -2.180541 -3.916478 -2.361873
v -2.009376 -4.141904 -1.591743
v -0.718247 -4.240263 -0.678903
v -0.903276 1.806918 0.824358
v -1.147008 1.813310 0.729599
v -1.384695 1.760288 0.599542
v -1.630776 1.697537 0.412722
v -2.226977 1.860732 -1.028143
v -1.842152 1.658934 0.165387
v -1.467302 2.417768 -3.537887
v -1.107244 2.513226 -3.686944
v -0.336622 2.552795 -3.847048
v -2.048316 2.080044 -3.094608
v -2.290077 1.948312 -1.519943
v -2.124954 1.751062 -0.561388
v -0.622773 1.803384 0.923288
v -2.224018 1.957951 -2.770775
v -1.784356 2.263962 -3.340178
v -0.285599 1.823648 1.022076
v -2.305676 1.944006 -2.369691
v -0.721218 2.552305 -3.791463
v -2.323417 1.961727 -1.954845
v -1.196543 -1.353619 -3.454898
v -0.834972 -1.316202 -3.637969
v -0.443856 -1.246086 -3.736993
v -1.766225 -4.197778 -3.163953
v -1.276291 -4.133144 -3.496739
v -0.797440 -4.116822 -3.724529
v -0.364423 -4.103637 -3.763843
v -1.166222 -5.340038 -1.242416
v -1.540517 -5.258189 -1.408647
v -2.059096 -5.056988 -2.097060
v -0.541218 -5.318150 -1.048589
v -0.333720 -5.316556 -0.814319
v -0.734803 -3.438821 -3.650451
v -0.720336 -2.713851 -3.588108
v -0.754449 -1.982560 -3.556056
v -1.140217 -2.031343 -3.401932
v -1.148780 -2.754943 -3.445290
v -1.209583 -3.476119 -3.465689
v -0.377098 -1.927535 -3.636351
v -0.335549 -2.680238 -3.646546
v -0.319044 -3.418922 -3.683490
v -1.517409 -2.094720 -3.130302
v -1.595606 -2.841188 -3.134877
v -1.737703 -3.563274 -3.059295
v -1.960364 -2.988354 -2.727665
v -2.031399 -4.320299 -2.780240
v -1.823845 -2.262403 -2.758549
v -2.097867 -3.710875 -2.671819
v -1.831613 -2.447532 -0.632016
v -2.089679 0.111340 -0.218082
v -1.784290 2.228128 -0.026889
v -2.033826 0.544818 -0.205935
v -2.149208 -0.773397 -0.305503
v -2.025906 -1.294282 -0.371147
v -1.971874 -1.861428 -0.351800
v -0.330371 2.901775 0.404589
v -0.686588 2.807432 0.375544
v -1.019844 2.735686 0.276949
v -1.343518 2.635484 0.157417
v -1.603953 2.468731 0.053914
v -2.009829 0.926422 -0.203226
v -1.925672 1.990587 -0.116289
v -1.669779 -2.566572 -0.818936
v -0.548392 -5.935818 -1.294622
v -2.018694 1.312320 -0.188048
v -2.205444 -0.366149 -0.179164
v -1.965770 -2.254370 -0.430553
v -1.527788 -2.950562 -0.833923
v -1.303759 -3.600678 -0.847925
v -1.021473 -4.806680 -0.966602
v -1.178607 -4.215561 -0.910250
v -1.996688 1.686742 -0.154266
v -0.820322 -5.337441 -1.118194
v -2.608478 -0.467343 -1.926959
v -2.490932 -0.218931 -1.814614
v -2.325568 -0.686852 -2.204321
v -2.474501 -0.667273 -2.226894
v -2.565217 -0.578070 -2.090218
v -2.466303 -0.565736 -2.115547
v -2.306905 -0.663779 -2.146831
v -2.191548 -0.732295 -2.079997
v -1.585928 -5.729259 -1.565612
v -2.087232 -1.469462 -2.010401
v -2.167534 -3.309880 -2.006684
v -2.066436 -4.599864 -1.955543
v -2.080525 -1.986792 -1.991253
v -2.114022 -1.068691 -2.079031
v -2.129214 -2.620347 -2.011731
v -2.164994 -4.038147 -1.993745
v -1.905285 -5.124128 -1.651323
v -0.108886 -1.130905 1.422134
v -0.203077 -1.148773 1.336369
v -0.237576 -0.911488 1.542146
v -0.147608 -0.924244 1.671279
v -0.249984 -1.135763 1.297614
v -0.290805 -0.993877 1.400729
v -0.119857 -1.046828 1.549716
v -0.272654 -1.069605 1.331601
v -2.050996 -0.447156 -1.718181
v -2.305808 -0.439537 -1.590692
v -2.109089 -0.508835 -1.597520
v -2.065215 -0.390556 -1.747703
v -2.229319 -0.436130 -1.604401
v -2.245026 -0.223102 -1.616748
v -2.117389 -0.316535 -1.724789
v -2.056213 -0.499327 -1.643948
v -2.374182 -0.063087 -1.629264
v -2.460060 0.161853 -1.667286
v -2.500693 0.075588 -1.744608
v -2.455551 -0.013476 -1.769308
vn 0.6523 -0.1104 -0.7499
vn 0.5404 0.1630 -0.8255
vn 0.9178 0.0544 -0.3933
vn 0.7945 -0.2595 -0.5490
vn 0.8891 -0.0245 0.4571
vn 0.5863 -0.6343 0.5038
vn 0.4784 -0.5487 0.6856
vn 0.7895 0.0677 0.6100
vn -0.5041 -0.7959 -0.3353
vn -0.2524 -0.8248 -0.5060
vn -0.4160 -0.6498 -0.6362
vn -0.7118 -0.5496 -0.4374
vn 0.6571 -0.3509 -0.6672
vn 0.5980 -0.4133 -0.6867
vn -0.5964 -0.7889 -0.1481
vn -0.9237 -0.1677 -0.3444
vn 0.4658 -0.6291 -0.6223
vn 0.3452 -0.5577 -0.7549
vn -0.2501 0.6222 -0.7418
vn -0.4991 0.5940 -0.6309
vn -0.5778 0.4484 -0.6820
vn -0.2315 0.5513 -0.8016
vn 0.8096 0.4438 0.3842
vn 0.7714 0.3403 0.5377
vn 0.0867 -0.8122 -0.5770
vn 0.0038 -0.6574 -0.7535
vn -0.6643 0.6062 -0.4373
vn -0.8070 0.3287 -0.4906
vn 0.6902 0.6203 0.3726
vn 0.8180 0.0441 0.5735
vn 0.5679 -0.3659 0.7373
vn 0.3170 -0.4147 0.8530
vn 0.4082 -0.7944 0.4498
vn -0.1066 -0.4308 0.8961
vn 0.0876 -0.2470 0.9651
vn 0.0770 -0.7987 0.5967
vn 0.1357 -0.8393 0.5265
vn 0.3675 0.8118 0.4538
vn 0.4329 0.7733 0.4633
vn -0.0344 0.5577 0.8293
vn 0.0207 0.6633 0.7481
vn 0.0429 0.6888 0.7237
vn 0.0586 0.6164 0.7853
vn 0.1488 0.7352 0.6613
vn 0.1917 0.7892 0.5834
vn 0.1584 -0.3409 0.9267
vn 0.0341 -0.7270 0.6857
vn 0.1679 -0.1529 0.9739
vn 0.2558 -0.1154 0.9598
vn 0.3567 -0.0186 0.9340
vn 0.1782 -0.4667 0.8663
vn 0.2373 0.2586 0.9364
vn 0.1428 0.3325 0.9322
vn 0.2752 0.4591 0.8447
vn -0.0622 -0.8057 -0.5891
vn -0.5017 -0.6876 -0.5248
vn -0.7892 -0.4670 -0.3989
vn -0.6978 0.5401 -0.4705
vn -0.2650 0.7759 -0.5724
vn -0.9401 -0.1342 -0.3134
vn 0.8490 -0.4193 -0.3214
vn 0.6170 -0.6308 -0.4705
vn 0.7961 0.3436 -0.4982
vn 0.5024 0.5209 -0.6901
vn 0.5393 0.7263 -0.4263
vn 0.8645 0.4074 -0.2945
vn 0.9731 0.0034 -0.2303
vn 0.1941 0.5925 -0.7818
vn 0.2081 0.8246 -0.5260
vn 0.5067 0.3725 -0.7775
vn 0.4736 0.5093 -0.7185
vn -0.9108 0.3825 -0.1555
vn 0.1690 0.6431 -0.7469
vn -0.9089 -0.4149 0.0421
vn -0.6251 -0.7664 0.1478
vn -0.6297 -0.4853 0.6066
vn -0.8877 -0.2770 0.3677
vn -0.3659 0.8815 0.2984
vn -0.7305 0.6628 0.1642
vn -0.6581 0.4566 0.5987
vn -0.3094 0.5483 0.7769
vn -0.9991 0.0207 0.0377
vn -0.9069 0.0625 0.4167
vn 0.5522 -0.8056 0.2148
vn 0.8578 -0.4396 0.2662
vn 0.7755 -0.3802 0.5040
vn 0.5254 -0.5356 0.6612
vn 0.8329 0.4554 0.3145
vn 0.4382 0.8433 0.3113
vn 0.4233 0.5273 0.7368
vn 0.6885 0.4204 0.5910
vn 0.9497 -0.0111 0.3130
vn 0.7873 0.0207 0.6162
vn 0.0014 0.9428 0.3333
vn 0.0855 0.5707 0.8167
vn -0.9263 0.3731 0.0527
vn -0.8828 0.3415 0.3224
vn -0.8986 0.2744 -0.3424
vn 0.3145 -0.7652 -0.5618
vn -0.2570 -0.0356 0.9658
vn -0.6140 -0.0111 0.7892
vn 0.1980 -0.0175 0.9801
vn 0.1894 -0.6180 0.7630
vn 0.4938 0.0218 0.8693
vn -0.2738 -0.6023 0.7499
vn -0.2739 -0.9350 0.2252
vn 0.1451 -0.9613 0.2341
vn 0.5927 -0.7933 -0.1395
vn 0.2130 -0.9505 -0.2261
vn 0.8974 0.4409 0.0152
vn 0.9996 -0.0242 0.0162
vn -0.9782 -0.0462 -0.2026
vn -0.9277 0.3268 -0.1803
vn -0.1850 -0.9485 -0.2570
vn -0.5931 -0.7601 -0.2655
vn -0.7497 0.6392 -0.1712
vn -0.3339 0.9333 -0.1326
vn 0.1177 0.9874 -0.1059
vn 0.8781 -0.4781 -0.0217
vn 0.5266 0.8484 -0.0539
vn -0.8686 -0.4280 -0.2495
vn 0.7703 0.3360 0.5420
vn 0.3663 0.5277 0.7664
vn 0.6638 -0.2403 0.7082
vn 0.5077 -0.3975 0.7644
vn 0.3468 0.1793 0.9207
vn 0.5303 0.1740 0.8298
vn 0.1980 0.4013 0.8943
vn 0.3321 -0.4840 0.8096
vn 0.2309 -0.5906 0.7732
vn 0.4780 -0.5968 0.6445
vn 0.2350 -0.3806 0.8944
vn 0.6428 0.1208 0.7564
vn 0.3732 -0.6454 0.6665
vn 0.5932 0.2888 0.7514
vn 0.7589 0.2943 0.5809
vn -0.4764 0.0492 0.8778
vn -0.3143 0.1888 0.9304
vn -0.3661 0.2536 0.8953
vn -0.5547 0.2342 0.7984
vn 0.0835 -0.0300 0.9961
vn -0.1019 0.0700 0.9923
vn -0.0904 -0.1421 0.9857
vn 0.1574 -0.1469 0.9766
vn 0.3036 0.1772 0.9362
vn 0.5155 0.1308 0.8468
vn 0.5602 0.2356 0.7941
vn 0.3622 0.3347 0.8699
vn 0.2852 0.2128 0.9346
vn 0.2638 0.1011 0.9592
vn 0.3402 -0.0793 0.9370
vn 0.5040 0.0254 0.8633
vn 0.6049 -0.0582 0.7942
vn 0.4010 0.2031 0.8933
vn 0.5987 0.1536 0.7861
vn 0.6230 0.0834 0.7778
vn -0.0806 0.2456 0.9660
vn -0.0201 0.3180 0.9479
vn 0.5210 -0.0164 0.8534
vn -0.3875 -0.3228 0.8635
vn -0.5595 0.1051 0.8221
vn -0.3419 0.1114 0.9331
vn -0.2364 0.3036 0.9230
vn -0.2557 0.1160 0.9598
vn -0.2785 0.6859 0.6723
vn -0.2570 0.3903 0.8841
vn -0.0000 -0.2385 0.9711
vn -0.0000 -0.4020 0.9157
vn -0.0000 0.3383 0.9410
vn -0.0000 0.5006 0.8657
vn -0.0000 0.4690 0.8832
vn 0.8060 0.0878 0.5854
vn 0.5665 0.1995 0.7995
vn 0.3499 0.1416 0.9260
vn 0.1039 0.1966 0.9750
vn 0.8558 0.1798 0.4851
vn 0.8593 -0.0182 0.5112
vn 0.7588 0.2798 0.5881
vn 0.7606 0.2599 0.5950
vn 0.8344 0.0626 0.5476
vn 0.3318 0.1513 0.9311
vn 0.7301 -0.1736 0.6610
vn 0.3391 0.1985 0.9196
vn 0.3111 0.2882 0.9056
vn -0.0000 0.4754 0.8798
vn 0.4966 -0.2568 0.8291
vn -0.0000 0.1998 0.9798
vn 0.1840 -0.0394 0.9821
vn 0.7456 0.4815 0.4607
vn -0.0000 0.7224 0.6915
vn -0.0000 0.5749 0.8182
vn 0.6912 0.4901 0.5311
vn 0.7697 0.3099 0.5581
vn -0.0000 0.5337 0.8457
vn -0.0000 0.6113 0.7914
vn 0.7678 0.3776 0.5176
vn 0.7527 0.3168 0.5771
vn 0.7458 0.3939 0.5372
vn 0.5031 0.4550 0.7347
vn 0.3978 0.3153 0.8616
vn 0.5701 0.1326 0.8108
vn 0.3057 -0.1558 0.9393
vn 0.4279 -0.0870 0.8996
vn 0.7223 0.0494 0.6898
vn 0.5176 -0.0065 0.8556
vn 0.7867 0.0196 0.6171
vn 0.7950 -0.1839 0.5780
vn 0.5574 -0.1037 0.8238
vn 0.6071 -0.1771 0.7746
vn 0.7379 -0.3771 0.5596
vn 0.5501 -0.3517 0.7574
vn 0.4653 -0.0750 0.8820
vn -0.0000 -0.0469 0.9989
vn -0.0000 -0.3926 0.9197
vn -0.0000 -0.0140 0.9999
vn 0.7357 0.0657 0.6741
vn 0.8017 0.4278 0.4175
vn 0.7750 0.3381 0.5339
vn 0.7580 -0.5459 0.3571
vn 0.5685 -0.6834 0.4580
vn -0.0000 -0.7732 0.6341
vn 0.8388 -0.1706 0.5171
vn 0.7591 -0.1051 0.6425
vn 0.8291 -0.0074 0.5590
vn 0.6115 0.1547 0.7760
vn 0.5457 0.0598 0.8358
vn 0.5087 0.2825 0.8133
vn 0.3188 -0.3416 0.8841
vn -0.0000 -0.7123 0.7019
vn -0.0000 0.0496 0.9988
vn 0.1382 0.1211 0.9830
vn 0.9034 0.1628 0.3968
vn 0.7629 0.4930 0.4183
vn 0.8016 0.4279 0.4175
vn 0.8340 0.1643 0.5268
vn 0.5447 -0.0856 0.8342
vn 0.1382 0.1210 0.9830
vn 0.5331 0.1028 0.8398
vn 0.7972 -0.4073 0.4457
vn 0.7901 -0.2959 0.5369
vn 0.8340 0.1642 0.5268
vn 0.6472 -0.5913 0.4812
vn 0.7972 -0.4073 0.4456
vn 0.6332 -0.0941 0.7682
vn 0.7469 -0.6514 0.1336
vn 0.5518 -0.7273 0.4081
vn 0.5885 -0.0969 0.8027
vn -0.5966 -0.4839 0.6402
vn -0.1840 0.0709 0.9804
vn 0.5518 -0.7273 0.4082
vn 0.7049 -0.5263 0.4754
vn -0.0000 -0.7292 0.6843
vn -0.9160 -0.0333 0.3999
vn -0.9558 -0.2891 -0.0536
vn -0.7101 -0.6032 0.3633
vn -0.3312 -0.5031 0.7983
vn 0.9342 0.2625 0.2415
vn 0.5209 0.5740 0.6318
vn 0.6316 -0.0946 0.7695
vn 0.8968 -0.1201 0.4259
vn 0.9805 -0.1933 -0.0366
vn 0.7000 -0.6122 -0.3677
vn 0.6472 -0.5913 0.4811
vn 0.5993 -0.7368 0.3129
vn -0.1841 0.0709 0.9804
vn 0.5519 0.4480 0.7034
vn 0.5363 -0.6291 0.5627
vn 0.5519 -0.7273 0.4081
vn 0.5520 0.4479 0.7033
vn 0.9526 0.0607 0.2982
vn 0.5506 -0.7620 0.3408
vn -0.6219 -0.7427 -0.2484
vn -0.7087 -0.6837 0.1742
vn 0.7971 -0.4074 0.4457
vn 0.7000 -0.6122 -0.3676
vn -0.6219 -0.7426 -0.2484
vn 0.7971 -0.4074 0.4456
vn 0.5057 -0.6535 0.5631
vn 0.8981 -0.3894 0.2044
vn 0.8968 -0.1200 0.4259
vn 0.5239 0.0776 0.8483
vn 0.5884 -0.0968 0.8027
vn 0.5447 -0.0857 0.8342
vn 0.5885 -0.0968 0.8027
vn -0.7975 -0.4791 -0.3668
vn 0.6153 -0.5568 -0.5580
vn 0.7264 -0.6811 0.0922
vn -0.0453 -0.9706 0.2365
vn 0.5057 -0.6535 0.5632
vn 0.0449 -0.1504 0.9876
vn -0.3313 -0.5030 0.7983
vn 0.5506 -0.7621 0.3407
vn -0.0000 -0.9562 0.2926
vn 0.3187 -0.3416 0.8841
vn 0.3187 -0.3416 0.8842
vn 0.5448 -0.0856 0.8342
vn 0.7901 -0.2958 0.5368
vn 0.9120 0.1468 0.3831
vn 0.7050 -0.5263 0.4754
vn 0.9288 -0.2691 0.2547
vn 0.7901 -0.2959 0.5368
vn 0.9938 -0.0416 -0.1032
vn 0.9344 0.2615 0.2419
vn -0.9558 -0.2892 -0.0536
vn -0.7975 -0.4791 -0.3667
vn -0.0453 -0.9706 0.2364
vn -0.7101 -0.6031 0.3633
vn 0.5456 0.0599 0.8359
vn 0.8017 0.4279 0.4175
vn 0.0001 0.5805 0.8143
vn 0.1389 0.4480 0.8832
vn 0.5331 0.1029 0.8398
vn 0.5773 0.2138 0.7881
vn 0.5192 0.1019 0.8486
vn -0.0000 0.4329 0.9015
vn 0.2435 0.2938 0.9243
vn 0.1375 0.0715 0.9879
vn -0.0000 0.0939 0.9956
vn 0.3719 0.0216 0.9280
vn 0.2471 0.0196 0.9688
vn 0.5734 -0.8180 0.0453
vn 0.6030 -0.7942 0.0755
vn 0.7757 -0.5206 0.3568
vn 0.9012 -0.3448 0.2625
vn 0.8487 -0.5254 -0.0611
vn 0.9693 -0.2366 -0.0668
vn 0.9053 -0.1496 0.3975
vn -0.0000 -0.9930 0.1182
vn 0.4344 -0.8990 0.0560
vn 0.9501 0.0968 0.2967
vn 0.9660 0.0800 0.2458
vn 0.9703 0.0131 0.2416
vn 0.9570 0.0023 0.2900
vn 0.1318 0.8990 0.4177
vn 0.1302 0.9711 0.1999
vn -0.0000 0.9797 0.2006
vn -0.0000 0.9117 0.4109
vn 0.8438 -0.1033 0.5267
vn 0.6436 -0.1264 0.7549
vn 0.5453 -0.2257 0.8073
vn 0.7590 -0.1829 0.6248
vn 0.9339 0.2033 0.2939
vn 0.9667 0.1582 0.2012
vn 0.9401 0.0936 0.3279
vn 0.9432 0.0161 0.3319
vn 0.9131 0.1899 0.3609
vn 0.3372 -0.1572 0.9282
vn 0.5595 -0.4173 0.7161
vn 0.6284 0.1592 0.7614
vn 0.4364 0.0877 0.8955
vn 0.4474 0.0651 0.8920
vn 0.3861 -0.2968 0.8734
vn 0.2297 -0.6592 0.7161
vn -0.0000 0.5805 0.8143
vn -0.0000 0.7510 0.6603
vn 0.2755 0.6490 0.7092
vn 0.4473 0.0652 0.8920
vn 0.4363 0.0878 0.8955
vn 0.3384 0.0273 0.9406
vn 0.3388 0.0506 0.9395
vn 0.5773 0.2139 0.7880
vn 0.2754 0.6490 0.7092
vn 0.6349 0.3576 0.6849
vn -0.0000 -0.7907 0.6122
vn 0.3388 0.0505 0.9395
vn 0.3383 0.0273 0.9406
vn 0.3860 -0.2968 0.8734
vn 0.5773 0.2138 0.7880
vn 0.6349 0.3575 0.6849
vn 0.6285 0.1592 0.7613
vn 0.3512 0.1244 0.9280
vn 0.4618 -0.0172 0.8868
vn -0.0000 0.1619 0.9868
vn 0.4965 -0.0516 0.8665
vn 0.4532 -0.0224 0.8911
vn 0.5907 -0.1951 0.7829
vn 0.9120 0.1468 0.3830
vn 0.9288 -0.2691 0.2546
vn 0.4968 0.0178 0.8677
vn 0.3736 -0.0113 0.9275
vn 0.4364 0.0653 0.8974
vn 0.4553 0.0405 0.8894
vn 0.5993 -0.7368 0.3130
vn 0.6472 -0.5914 0.4811
vn -0.0000 -0.7293 0.6842
vn -0.0000 -0.9081 0.4187
vn 0.3044 -0.1222 0.9447
vn 0.4894 0.0662 0.8695
vn 0.5191 0.1019 0.8486
vn 0.3389 0.0506 0.9395
vn 0.2471 0.0195 0.9688
vn 0.3719 0.0215 0.9280
vn -0.4576 0.6517 -0.6049
vn -0.6201 0.4760 -0.6236
vn -0.6665 0.4082 -0.6239
vn -0.5238 0.4879 -0.6983
vn 0.0577 -0.9882 -0.1416
vn -0.0000 -0.9908 -0.1356
vn -0.0000 -0.8965 -0.4430
vn -0.1507 -0.9016 -0.4056
vn -0.0000 0.8909 -0.4543
vn -0.1744 0.8304 -0.5292
vn -0.2402 0.5832 -0.7760
vn -0.0000 0.6160 -0.7878
vn -0.8516 0.0051 -0.5242
vn -0.2785 -0.9547 -0.1049
vn -0.6164 -0.7343 -0.2843
vn -0.8264 0.1482 -0.5432
vn -0.4576 0.6517 -0.6048
vn -0.1991 -0.9731 -0.1157
vn -0.4661 -0.8412 -0.2743
vn -0.2785 -0.9547 -0.1048
vn -0.6164 -0.7343 -0.2844
vn -0.8264 0.1483 -0.5432
vn -0.6665 0.4081 -0.6239
vn 0.5993 -0.7369 0.3129
vn -0.0000 -0.9082 0.4186
vn 0.7469 -0.6514 0.1337
vn 0.9288 -0.2692 0.2546
vn -0.0454 -0.9706 0.2364
vn -0.3313 -0.5031 0.7982
vn -0.4324 0.4295 0.7928
vn 0.0449 -0.1505 0.9876
vn 0.6315 -0.0946 0.7695
vn -0.0454 -0.9706 0.2365
vn 0.7264 -0.6810 0.0922
vn 0.8981 -0.3895 0.2045
vn 0.5058 -0.6535 0.5631
vn 0.9526 0.0606 0.2982
vn -0.5965 -0.4840 0.6402
vn 0.7049 -0.5263 0.4755
vn 0.6153 -0.5569 -0.5580
vn -0.0000 -0.8966 -0.4429
vn 0.0001 -0.9930 0.1180
vn -0.0771 -0.9831 0.1659
vn -0.1925 0.8434 -0.5016
vn -0.0000 0.8622 -0.5067
vn -0.5631 -0.7240 0.3984
vn -0.9799 0.1977 -0.0264
vn -0.5373 0.7217 -0.4365
vn -0.4660 -0.8412 -0.2742
vn -0.1507 -0.9015 -0.4056
vn -0.0772 -0.9831 0.1660
vn -0.3058 -0.9068 0.2900
vn -0.3058 -0.9069 0.2900
vn -0.5630 -0.7241 0.3984
vn -0.7598 0.5603 -0.3298
vn -0.5239 0.4879 -0.6982
vn -0.5373 0.7216 -0.4365
vn -0.1915 0.9814 -0.0134
vn -0.4813 0.8765 0.0084
vn -0.4400 0.8869 0.1405
vn -0.2273 0.9615 0.1544
vn -0.3296 -0.8631 0.3827
vn -0.0571 -0.9250 0.3757
vn -0.0307 -0.8877 0.4594
vn -0.3564 -0.8515 0.3846
vn -0.6062 -0.6887 0.3978
vn -0.6611 -0.6961 0.2800
vn -0.7689 0.6394 0.0057
vn -0.9804 0.0788 0.1806
vn -0.9884 -0.0128 0.1511
vn -0.7433 0.6566 0.1282
vn -0.7688 0.6395 0.0057
vn -0.7432 0.6566 0.1283
vn -0.4401 0.8869 0.1405
vn -0.0570 -0.9250 0.3758
vn -0.0000 -0.9286 0.3710
vn -0.0000 -0.8866 0.4625
vn -0.0306 -0.8877 0.4594
vn -0.0000 0.9993 -0.0382
vn -0.1043 0.9820 0.1575
vn -0.9810 0.0787 0.1775
vn -0.6062 -0.6887 0.3979
vn -0.6612 -0.6960 0.2800
vn -0.9884 -0.0128 0.1510
vn -0.9799 0.1977 -0.0265
vn -0.5631 -0.7241 0.3984
vn -0.9804 0.0787 0.1806
vn -0.0771 -0.9831 0.1660
vn -0.0000 -0.9930 0.1181
vn -0.0570 -0.9250 0.3757
vn -0.7598 0.5603 -0.3297
vn -0.7688 0.6394 0.0057
vn -0.4813 0.8765 0.0083
vn -0.7599 0.5603 -0.3297
vn -0.3058 -0.9068 0.2901
vn -0.3296 -0.8631 0.3828
vn -0.6061 -0.6887 0.3979
vn 0.6297 -0.7751 0.0521
vn 0.8285 -0.4609 0.3181
vn 0.8614 -0.0818 0.5012
vn 0.8204 -0.1228 0.5584
vn 0.8504 -0.1128 0.5139
vn 0.7980 -0.0656 0.5990
vn 0.7826 -0.1201 0.6108
vn 0.5575 -0.2872 0.7789
vn 0.4312 -0.3654 0.8250
vn 0.5432 -0.1616 0.8239
vn 0.9187 0.0089 0.3948
vn 0.9574 0.0518 0.2841
vn 0.8761 -0.2476 0.4136
vn 0.9307 -0.1869 0.3145
vn 0.7814 -0.2701 0.5625
vn 0.8804 -0.1389 0.4535
vn 0.8497 -0.2769 0.4488
vn 0.7695 -0.3613 0.5267
vn 0.9063 -0.0911 0.4126
vn 0.2848 0.3234 0.9024
vn 0.3356 0.3043 0.8915
vn 0.3524 0.4538 0.8184
vn 0.2648 0.4617 0.8466
vn 0.1259 0.3534 0.9269
vn 0.0964 0.4906 0.8660
vn 0.4273 0.2885 0.8568
vn 0.4588 0.4347 0.7750
vn 0.5735 0.2403 0.7832
vn 0.6027 0.3657 0.7092
vn -0.0000 0.3633 0.9317
vn -0.0000 0.5049 0.8632
vn 0.3112 0.8550 0.4148
vn 0.3202 0.9269 0.1960
vn -0.0000 0.6935 0.7205
vn 0.1071 0.6839 0.7217
vn 0.4371 0.8099 0.3911
vn 0.4465 0.8750 0.1872
vn 0.2788 0.6610 0.6966
vn 0.5593 0.7473 0.3588
vn 0.5526 0.8123 0.1862
vn 0.3900 0.6526 0.6496
vn 0.9153 0.1744 0.3630
vn 0.9191 0.0704 0.3877
vn 0.9078 0.0627 0.4146
vn 0.7091 0.1660 0.6853
vn 0.7239 0.2899 0.6261
vn 0.8245 0.4709 0.3136
vn 0.8257 0.5235 0.2100
vn 0.6931 0.6929 0.1987
vn 0.7102 0.6204 0.3328
vn 0.5133 0.6244 0.5888
vn 0.6781 0.5302 0.5090
vn 0.7989 0.4184 0.4322
vn 0.9272 0.0865 0.3644
vn 0.9537 0.1202 0.2757
vn 0.9083 0.2994 0.2922
vn 0.8865 0.2624 0.3812
vn 0.9679 0.1519 0.2003
vn 0.9214 0.3292 0.2064
vn 0.8488 0.0895 0.5211
vn 0.8282 0.2105 0.5194
vn 0.5135 0.0292 0.8576
vn 0.5830 -0.0057 0.8124
vn 0.6285 0.1593 0.7613
vn 0.6721 0.2007 0.7128
vn 0.7286 0.0099 0.6848
vn 0.4977 0.2148 0.8403
vn 0.6721 0.2006 0.7128
vn 0.6442 -0.3571 0.6764
vn 0.4184 -0.6798 0.6024
vn 0.7286 0.0098 0.6848
vn 0.5136 0.0291 0.8575
vn 0.0001 -0.8073 0.5902
vn -0.0000 0.1484 0.9889
vn 0.3384 0.0272 0.9406
vn 0.5830 -0.0058 0.8124
vn 0.6441 -0.3571 0.6764
vn 0.6524 0.2369 0.7199
vn 0.5412 -0.1210 0.8321
vn -0.6201 0.4761 -0.6236
vn 0.6694 -0.3148 0.6729
vn 0.5896 -0.2137 0.7789
vn -0.1991 -0.9731 -0.1158
vn -0.2786 -0.9547 -0.1049
vn 0.4424 -0.2825 0.8511
vn 0.0576 -0.9882 -0.1416
vn 0.3939 -0.0674 0.9167
vn 0.6211 0.0353 0.7829
vn 0.5414 -0.1209 0.8321
vn -0.0000 -0.1001 0.9950
vn -0.0000 -0.4047 0.9145
vn 0.6525 0.2369 0.7198
vn 0.6576 0.6985 -0.2822
vn 0.7755 0.5905 -0.2236
vn 0.7741 0.5291 -0.3476
vn 0.6615 0.6256 -0.4136
vn 0.8984 0.4117 -0.1532
vn 0.8746 0.4092 -0.2600
vn 0.1308 0.8881 -0.4407
vn 0.2482 0.8773 -0.4107
vn 0.2222 0.7736 -0.5935
vn 0.1109 0.7626 -0.6373
vn 0.3670 0.8528 -0.3715
vn 0.5148 0.7912 -0.3301
vn 0.5177 0.7093 -0.4784
vn 0.3581 0.7610 -0.5409
vn -0.0000 0.8907 -0.4547
vn -0.0000 0.7544 -0.6564
vn 0.6628 -0.3438 -0.6652
vn 0.7943 -0.3688 -0.4828
vn 0.7641 -0.4091 -0.4988
vn 0.6110 -0.5089 -0.6064
vn 0.4900 -0.3576 -0.7950
vn 0.4035 -0.5620 -0.7220
vn 0.1333 -0.3629 -0.9223
vn 0.3088 -0.3798 -0.8720
vn 0.2444 -0.5821 -0.7755
vn 0.1240 -0.5653 -0.8155
vn 0.8706 -0.3458 -0.3499
vn 0.9403 -0.2531 -0.2275
vn 0.9353 -0.1626 -0.3143
vn 0.8551 -0.2866 -0.4320
vn -0.0000 -0.3420 -0.9397
vn -0.0000 -0.5461 -0.8377
vn -0.0000 0.2405 -0.9706
vn 0.1672 0.2309 -0.9585
vn 0.1614 0.0425 -0.9860
vn -0.0000 0.0455 -0.9990
vn 0.3241 0.1915 -0.9264
vn 0.4765 0.1155 -0.8715
vn 0.5269 -0.0369 -0.8491
vn 0.3543 0.0151 -0.9350
vn 0.7310 -0.0286 -0.6818
vn 0.8885 -0.0610 -0.4549
vn 0.8868 -0.1836 -0.4241
vn 0.7552 -0.1491 -0.6384
vn 0.9667 -0.0419 -0.2526
vn 0.9518 -0.1936 -0.2378
vn 0.6094 0.0320 -0.7922
vn 0.6497 -0.0920 -0.7546
vn 0.5415 0.4048 -0.7368
vn 0.7145 0.3459 -0.6082
vn 0.7217 0.1857 -0.6668
vn 0.5638 0.2302 -0.7932
vn 0.3610 0.4374 -0.8237
vn 0.4038 0.2881 -0.8683
vn 0.1113 0.4857 -0.8670
vn 0.2184 0.4622 -0.8594
vn 0.2665 0.3451 -0.8999
vn 0.1459 0.3860 -0.9109
vn 0.8624 0.2597 -0.4346
vn 0.9518 0.1814 -0.2472
vn 0.9654 0.1018 -0.2401
vn 0.8816 0.1396 -0.4509
vn -0.0000 0.4986 -0.8668
vn -0.0000 0.4025 -0.9154
vn 0.6689 0.7429 0.0283
vn 0.5288 0.8486 0.0163
vn 0.5178 0.8415 -0.1539
vn 0.6610 0.7376 -0.1381
vn 0.4285 0.9035 0.0019
vn 0.3079 0.9513 -0.0138
vn 0.2766 0.9380 -0.2089
vn 0.3923 0.9024 -0.1786
vn 0.1259 0.9919 -0.0152
vn -0.0000 0.9999 -0.0106
vn -0.0000 0.9760 -0.2178
vn 0.1274 0.9674 -0.2190
vn 0.9285 0.3599 0.0913
vn 0.8165 0.5747 0.0544
vn 0.7958 0.5963 -0.1057
vn 0.9182 0.3940 -0.0418
vn 0.9945 0.0293 0.1008
vn 0.9843 0.0498 0.1694
vn 0.9742 0.1507 0.1681
vn 0.9581 0.2856 -0.0211
vn 0.9923 0.1138 0.0499
vn 0.9857 0.0844 0.1456
vn 0.9849 0.0339 0.1698
vn 0.9946 0.0655 0.0809
vn 0.9860 0.1398 -0.0906
vn 0.9928 0.0880 -0.0815
vn 0.9966 -0.0038 -0.0829
vn 0.9760 0.1803 0.1220
vn 0.9321 -0.0481 -0.3590
vn 0.9839 -0.1547 0.0896
vn 0.9871 -0.1576 -0.0286
vn 0.9998 -0.0217 -0.0050
vn 0.9909 0.0381 0.1291
vn 0.9903 -0.1382 0.0118
vn 0.9449 -0.2378 -0.2249
vn 0.9630 -0.1947 -0.1864
vn 0.9445 -0.2820 0.1685
vn 0.4099 -0.9096 -0.0677
vn 0.5421 -0.8372 0.0722
vn -0.0000 -0.9888 -0.1489
vn 0.3132 -0.9391 -0.1413
vn -0.0000 -0.9997 -0.0248
vn 0.3679 -0.9298 -0.0095
vn 0.3869 -0.9219 0.0214
vn 0.6054 -0.4795 0.6352
vn 0.6497 -0.7286 0.2168
vn 0.5351 -0.7531 0.3826
vn 0.4822 -0.7388 0.4708
vn 0.5248 -0.3116 0.7921
vn -0.0000 -0.8740 0.4859
vn -0.0000 -0.4570 0.8894
vn 0.9911 -0.0555 0.1209
vn 0.8240 -0.1519 0.5459
vn 0.9503 -0.0391 0.3088
vn 0.9960 0.0171 -0.0876
vn 0.9982 0.0594 0.0072
vn 0.7634 -0.5491 0.3401
vn 0.6819 -0.2880 0.6724
vn 0.6843 -0.7288 0.0238
vn 0.9360 -0.2885 -0.2019
vn 0.8062 -0.2814 -0.5204
vn 0.9884 -0.0824 -0.1274
vn 0.9745 -0.1665 -0.1504
vn 0.9584 -0.2338 -0.1635
vn 0.9923 -0.1173 -0.0388
vn 0.8902 -0.3172 -0.3270
vn 0.1469 -0.1622 -0.9758
vn -0.0000 -0.1533 -0.9882
vn 0.5357 -0.1730 -0.8265
vn 0.3508 -0.1753 -0.9199
vn 0.8883 -0.2718 -0.3701
vn 0.7976 -0.2179 -0.5624
vn 0.6775 -0.1761 -0.7141
vn 0.1320 0.3219 0.9375
vn -0.0000 0.3119 0.9501
vn 0.9755 0.0481 0.2146
vn 0.9603 0.0106 0.2786
vn 0.7671 0.1997 0.6097
vn 0.5902 0.3077 0.7463
vn 0.9355 0.0040 0.3534
vn 0.3909 0.3458 0.8530
vn 0.1350 -0.6108 -0.7802
vn -0.0000 -0.6166 -0.7873
vn 0.9781 0.2076 0.0165
vn -0.0000 0.6050 -0.7962
vn 0.0936 0.6072 -0.7890
vn 0.2035 0.6126 -0.7638
vn 0.3552 0.6087 -0.7094
vn 0.5723 -0.5233 -0.6313
vn 0.4106 -0.5602 -0.7194
vn 0.9412 -0.0076 -0.3377
vn 0.8564 -0.0909 -0.5082
vn -0.0000 -0.1937 0.9811
vn 0.5702 -0.1635 0.8051
vn 0.5034 -0.0806 0.8603
vn -0.0000 -0.0894 0.9960
vn 0.2345 -0.5930 -0.7703
vn 0.5305 0.5738 -0.6240
vn 0.6896 0.4970 -0.5266
vn 0.8206 0.3911 -0.4168
vn 0.7230 -0.2081 -0.6588
vn 0.9677 0.2264 -0.1108
vn 0.9248 0.2777 -0.2601
vn 0.8806 0.0741 0.4681
vn 0.9368 -0.0870 -0.3388
vn 0.9998 -0.0217 -0.0051
vn 0.9871 -0.1576 -0.0285
vn 0.9985 0.0078 -0.0541
vn 0.3160 0.3344 0.8879
vn 0.3037 0.3239 0.8960
vn 0.9870 0.1116 0.1153
vn 0.1544 0.9863 -0.0581
vn 0.6117 -0.7763 0.1520
vn 0.4817 -0.8503 0.2121
vn 0.0808 -0.9850 0.1527
vn 0.4508 -0.8814 0.1411
vn 0.2983 0.9527 -0.0585
vn -0.2357 0.9713 0.0323
vn -0.3208 0.9349 0.1519
vn 0.3634 0.9315 0.0160
vn -0.0914 -0.9879 0.1255
vn -0.4257 -0.8806 0.2082
vn -0.3691 -0.9124 0.1769
vn -0.7013 0.5294 0.4774
vn -0.5243 0.7457 0.4112
vn 0.5831 -0.0057 0.8124
vn 0.6525 0.2369 0.7199
vn 0.6212 0.0353 0.7829
vn -0.0000 -0.4046 0.9145
vn 0.5136 0.0292 0.8575
vn 0.5413 -0.1210 0.8321
vn 0.4425 -0.2825 0.8511
vn 0.5896 -0.2136 0.7789
vn 0.6694 -0.3147 0.6729
vn 0.5136 0.0292 0.8576
vn 0.5413 -0.1209 0.8321
vn -0.3923 0.5650 0.7259
vn -0.5512 0.3461 0.7592
vn -0.0378 -0.1302 0.9908
vn 0.2170 -0.2932 0.9311
vn 0.5862 0.4452 0.6769
vn 0.4118 0.6447 0.6441
vn 0.4714 -0.2709 0.8393
vn 0.5760 -0.0854 0.8130
vn 0.5719 0.0717 0.8172
vn 0.6424 0.1580 0.7499
vn 0.0460 0.6939 0.7186
vn -0.5376 0.1980 0.8196
vn -0.1017 0.3265 0.9397
vn -0.0850 0.2327 0.9688
vn 0.1037 0.5299 0.8417
vn 0.8062 -0.2815 -0.5204
vn 0.9321 -0.0480 -0.3589
vn -0.8383 0.3226 -0.4395
vn -0.8379 0.2066 -0.5053
vn 0.9581 0.2856 -0.0212
vn 0.9742 0.1508 0.1681
vn -0.9126 0.3979 -0.0938
vn -0.8783 0.3992 -0.2631
vn 0.8902 -0.3171 -0.3270
vn -0.5729 -0.4002 -0.7153
vn -0.0017 -0.8180 -0.5752
vn 0.8936 -0.0460 0.4465
vn 0.9910 0.0244 0.1313
vn 0.9321 -0.0480 -0.3590
vn -0.8784 0.3991 -0.2631
vn 0.9449 -0.2379 -0.2249
vn 0.9584 -0.2338 -0.1636
vn -0.0017 -0.8181 -0.5751
vn 0.9449 -0.2378 -0.2250
vn -0.0018 -0.8180 -0.5752
vn -0.0323 -0.8691 -0.4935
vn 0.5254 -0.8481 -0.0687
vn -0.8379 0.2066 -0.5052
vn -0.7903 0.2432 -0.5624
vn -0.6059 -0.1011 -0.7891
vn -0.7650 0.6388 -0.0819
vn -0.8164 0.4534 -0.3576
vn -0.0017 -0.8180 -0.5751
vn -0.3088 -0.6335 -0.7094
vn -0.0322 -0.8691 -0.4935
vn 0.4276 -0.3735 0.8232
vn 0.3851 -0.4186 0.8225
vn -0.8164 0.4535 -0.3576
vn -0.7903 0.2433 -0.5624
vn -0.0323 -0.8691 -0.4936
vn -0.3087 -0.6335 -0.7095
vn 0.5402 -0.6730 -0.5053
vn 0.6373 -0.7182 -0.2792
vn -0.8164 0.4534 -0.3575
vn 0.4409 0.7269 -0.5265
vn 0.5703 0.0094 -0.8214
vn 0.6373 -0.7182 -0.2793
vn 0.8873 -0.4474 0.1121
vn -0.6060 -0.1011 -0.7890
vn 0.6188 -0.4060 -0.6724
vn 0.6293 0.6986 0.3406
vn 0.4410 0.7269 -0.5265
vn 0.9568 -0.2903 -0.0144
vn 0.9678 -0.1322 0.2143
vn 0.9421 -0.3351 -0.0150
vn 0.9504 -0.3048 -0.0621
vn 0.9639 -0.1901 0.1864
vn 0.9621 -0.1778 0.2065
vn 0.5703 0.0093 -0.8214
vn 0.9772 -0.0794 0.1967
vn 0.9459 -0.1270 0.2987
vn 0.9729 -0.1755 0.1508
vn 0.8873 -0.4473 0.1121
vn 0.9622 -0.1778 0.2065
vn 0.9115 -0.1360 0.3881
vn 0.6188 -0.4061 -0.6725
vn 0.9115 -0.1361 0.3881
vn 0.9393 -0.1886 0.2865
vn 0.5401 -0.6730 -0.5053
vn 0.6188 -0.4060 -0.6725
vn 0.9484 -0.3049 0.0867
vn 0.9127 -0.3827 0.1436
vn 0.9309 -0.2761 0.2390
vn 0.8095 0.0246 0.5866
vn 0.9803 -0.1697 0.1011
vn 0.9619 -0.0987 0.2551
vn 0.8944 0.1302 0.4278
vn 0.5617 0.4832 0.6716
vn 0.7114 0.6796 0.1791
vn 0.9504 -0.3049 -0.0621
vn 0.9420 -0.3352 -0.0150
vn 0.9521 -0.3008 0.0551
vn 0.9748 -0.2180 -0.0466
vn 0.9621 -0.1778 0.2066
vn 0.9639 -0.1901 0.1865
vn 0.8644 -0.3929 0.3137
vn 0.9279 -0.0567 0.3684
vn 0.9619 -0.0989 0.2551
vn 0.9729 -0.1754 0.1507
vn 0.8993 -0.3999 -0.1772
vn 0.8737 -0.3545 -0.3332
vn 0.9981 -0.0596 0.0174
vn 0.8814 -0.4688 0.0575
vn 0.5881 -0.1135 0.8008
vn 0.9421 -0.3351 -0.0149
vn 0.9678 -0.1322 0.2142
vn 0.7548 0.0717 0.6520
vn 0.5254 -0.8481 -0.0688
vn 0.8873 -0.4474 0.1122
vn 0.6944 0.1078 0.7114
vn 0.9678 -0.1321 0.2142
vn 0.8812 -0.0679 0.4679
vn 0.7810 -0.2269 0.5819
vn 0.9050 0.1410 0.4014
vn 0.9548 -0.2063 0.2138
vn 0.9568 -0.0377 0.2883
vn 0.7548 0.0718 0.6520
vn 0.6945 0.1078 0.7114
vn 0.7810 -0.2269 0.5818
vn 0.9548 -0.2064 0.2138
vn 0.9127 -0.3826 0.1435
vn 0.8385 -0.5350 -0.1034
vn 0.7362 -0.6532 0.1771
vn 0.9116 -0.1360 0.3880
vn 0.9621 -0.1778 0.2067
vn 0.9568 -0.2904 -0.0144
vn 0.6293 0.6985 0.3405
vn 0.9310 -0.2761 0.2390
vn 0.9639 -0.1900 0.1865
vn 0.8644 -0.3930 0.3136
vn 0.6293 0.6985 0.3406
vn -0.7650 0.6388 -0.0820
vn -0.2579 0.5886 0.7662
vn -0.2579 0.5886 0.7661
vn 0.8812 -0.0678 0.4679
vn 0.9587 -0.2644 0.1045
vn 0.7362 -0.6531 0.1770
vn 0.8385 -0.5349 -0.1033
vn 0.9620 -0.2487 0.1127
vn 0.9056 -0.3954 0.1531
vn 0.9568 -0.0377 0.2884
vn 0.8160 -0.3035 0.4921
vn 0.7549 0.0717 0.6520
vn 0.8233 -0.4191 0.3828
vn 0.8177 -0.5282 0.2291
vn 0.6122 -0.5330 0.5841
vn 0.3288 0.0499 0.9431
vn 0.1828 -0.1187 0.9760
vn 0.5962 -0.7200 0.3552
vn 0.6168 -0.6879 0.3826
vn 0.1124 0.3811 -0.9177
vn 0.1513 -0.2384 -0.9593
vn 0.9368 -0.0871 -0.3388
vn 0.9985 0.0079 -0.0541
vn -0.1975 0.8581 0.4739
vn -0.1154 0.9705 0.2119
vn 0.5616 0.4832 0.6716
vn 0.9043 -0.1291 0.4068
vn 0.7528 -0.6042 -0.2612
vn 0.6662 -0.7458 0.0063
vn 0.7425 -0.6676 0.0547
vn 0.6571 -0.5266 -0.5393
vn 0.8737 -0.3546 -0.3332
vn 0.7414 -0.3733 -0.5577
vn 0.9742 0.1507 0.1680
vn 0.9620 -0.2486 0.1126
vn 0.6792 0.2893 -0.6746
vn -0.3070 0.9324 0.1905
vn 0.4674 0.8704 0.1549
vn 0.9222 -0.0967 -0.3745
vn -0.2122 0.8874 0.4093
vn 0.3289 0.0498 0.9431
vn 0.6515 0.3288 0.6837
vn 0.1467 0.8767 0.4581
vn 0.6791 0.2893 -0.6746
vn 0.9221 -0.0967 -0.3746
vn 0.8736 -0.3546 -0.3332
vn 0.1513 -0.2404 -0.9588
vn 0.7413 -0.3732 -0.5578
vn 0.6168 -0.6880 0.3825
vn 0.8130 -0.3745 0.4458
vn -0.1975 0.8582 0.4739
vn -0.2122 0.8874 0.4092
vn -0.1154 0.9704 0.2120
vn -0.3071 0.9324 0.1905
vn 0.6168 -0.6879 0.3825
vn 0.6662 -0.7457 0.0064
vn 0.8814 -0.4689 0.0576
vn 0.5909 0.2523 0.7662
vn 0.9279 -0.0566 0.3685
vn 0.9521 -0.3009 0.0551
vn 0.5082 0.0703 0.8584
vn 0.5617 0.4831 0.6716
vn 0.8944 0.1302 0.4279
vn 0.9279 -0.0566 0.3684
vn 0.5909 0.2524 0.7662
vn 0.8177 -0.5282 0.2290
vn 0.8176 -0.5282 0.2290
vn 0.7426 -0.6675 0.0548
vn 0.5962 -0.7200 0.3551
vn 0.6122 -0.5329 0.5841
vn 0.1207 0.0068 0.9927
vn 0.5080 0.0704 0.8585
vn 0.1207 0.0069 0.9927
vn 0.1828 -0.1187 0.9759
vn -0.1974 0.8582 0.4739
vn 0.4675 0.8703 0.1548
vn 0.6571 -0.5267 -0.5393
vn 0.9620 -0.2486 0.1127
vn 0.1827 -0.1187 0.9760
vn 0.6121 -0.5330 0.5842
vn 0.8945 -0.0850 0.4390
vn 0.7307 -0.1242 0.6713
vn 0.8833 -0.3790 0.2758
vn 0.5743 -0.3925 0.7184
vn 0.5409 -0.3242 0.7761
vn 0.5393 -0.1962 0.8190
vn 0.4241 -0.5603 0.7114
vn -0.0000 -0.6572 0.7537
vn -0.0000 -0.5923 0.8057
vn 0.1581 -0.5624 0.8116
vn 0.4956 -0.1829 0.8491
vn 0.5807 -0.2183 0.7843
vn 0.4054 -0.4192 0.8124
vn 0.2127 -0.3536 0.9109
vn 0.3001 -0.3602 0.8833
vn 0.3845 -0.2604 0.8856
vn -0.0000 -0.0638 0.9980
vn -0.0000 -0.4774 0.8787
vn 0.1685 -0.3435 -0.9239
vn -0.0000 -0.3655 -0.9308
vn 0.2855 -0.3097 -0.9069
vn 0.4950 -0.2522 -0.8315
vn 0.2546 0.0928 -0.9626
vn 0.5027 0.0905 -0.8597
vn 0.5106 0.1205 -0.8513
vn 0.2645 0.1158 -0.9574
vn -0.0000 0.0676 -0.9977
vn 0.0625 0.0819 -0.9947
vn 0.0425 0.1150 -0.9925
vn -0.0000 0.1094 -0.9940
vn 0.6758 0.0872 -0.7319
vn 0.6843 0.1081 -0.7211
vn 0.2970 -0.3668 0.8816
vn 0.7005 0.0179 -0.7134
vn 0.4977 -0.0219 -0.8671
vn 0.6775 0.0749 -0.7317
vn 0.4893 0.0579 -0.8702
vn 0.2865 -0.0499 -0.9568
vn 0.1653 -0.0790 -0.9831
vn 0.2582 0.0515 -0.9647
vn 0.1180 0.0271 -0.9926
vn -0.0000 -0.0960 -0.9954
vn -0.0000 0.0077 -1.0000
vn 0.9467 0.0999 -0.3062
vn 0.8416 0.0676 -0.5359
vn 0.9704 0.0933 -0.2227
vn 0.8355 0.1059 -0.5391
vn 0.9911 -0.0203 -0.1315
vn 0.8539 0.0620 -0.5167
vn 0.9959 -0.0898 -0.0092
vn 0.8719 0.0291 -0.4889
vn 0.7528 -0.6042 -0.2613
vn 0.1512 -0.2404 -0.9588
vn 0.9239 -0.0525 0.3791
vn 0.5082 0.0704 0.8584
vn 0.9420 -0.3352 -0.0149
vn 0.5881 -0.1134 0.8008
vn 0.1206 0.0069 0.9927
vn 0.6188 -0.4061 -0.6724
vn 0.9394 -0.1885 0.2865
vn 0.6374 -0.7182 -0.2793
vn 0.7466 0.0005 0.6653
vn -0.1840 0.0708 0.9804
vn -0.5965 -0.4840 0.6403
vn -0.9160 -0.0332 0.3999
vn 0.7000 -0.6123 -0.3676
vn 0.9938 -0.0416 -0.1033
vn 0.5519 0.4479 0.7034
vn -0.1841 0.0708 0.9803
vn 0.5208 0.5741 0.6318
vn -0.7087 -0.6836 0.1742
vn -0.6219 -0.7427 -0.2485
vn -0.9558 -0.2892 -0.0537
vn 0.9526 0.0606 0.2981
vn -0.7974 -0.4791 -0.3668
vn 0.9526 0.0605 0.2982
vn 0.5209 0.5741 0.6318
vn -0.5965 -0.4839 0.6403
vn -0.9160 -0.0333 0.3998
vn -0.9159 -0.0333 0.3999
vn 0.0450 -0.1505 0.9876
vn 0.8160 -0.3034 0.4920
vn 0.9057 -0.3954 0.1531
vn 0.8234 -0.4190 0.3828
vn 0.1125 0.3811 -0.9177
vn 0.4674 0.8704 0.1548
vn 0.1467 0.8767 0.4580
vn 0.8814 -0.4688 0.0576
vn 0.9981 -0.0596 0.0175
vn 0.6515 0.3289 0.6837
vn 0.6662 -0.7457 0.0063
vn 0.8993 -0.3999 -0.1771
vn -0.1155 0.9704 0.2120
vn -0.2123 0.8874 0.4092
vn 0.9587 -0.2644 0.1044
vn 0.8386 -0.5349 -0.1034
vn 0.9127 -0.3827 0.1435
vn 0.8159 -0.3035 0.4921
vn 0.5882 -0.1135 0.8007
vn -0.6523 -0.1103 -0.7499
vn -0.7945 -0.2595 -0.5490
vn -0.9178 0.0544 -0.3933
vn -0.5404 0.1630 -0.8255
vn -0.8891 -0.0245 0.4571
vn -0.7895 0.0677 0.6100
vn -0.4784 -0.5487 0.6856
vn -0.5861 -0.6343 0.5041
vn 0.5035 -0.7960 -0.3358
vn 0.7116 -0.5496 -0.4377
vn 0.4139 -0.6511 -0.6362
vn 0.2533 -0.8246 -0.5058
vn -0.6571 -0.3509 -0.6672
vn -0.5980 -0.4133 -0.6867
vn 0.6210 -0.7737 -0.1251
vn 0.9249 -0.1642 -0.3429
vn -0.4659 -0.6291 -0.6223
vn -0.3452 -0.5577 -0.7549
vn 0.2479 0.6223 -0.7425
vn 0.2315 0.5513 -0.8016
vn 0.5778 0.4485 -0.6819
vn 0.4996 0.5938 -0.6307
vn -0.8096 0.4438 0.3842
vn -0.7714 0.3401 0.5378
vn -0.0038 -0.6574 -0.7535
vn -0.0867 -0.8122 -0.5770
vn 0.8058 0.3269 -0.4938
vn 0.6531 0.6198 -0.4351
vn -0.6902 0.6203 0.3726
vn -0.8180 0.0440 0.5735
vn -0.5533 -0.3921 0.7349
vn -0.4306 -0.7778 0.4578
vn -0.2715 -0.4638 0.8433
vn 0.0529 -0.4113 0.9100
vn -0.1358 -0.8384 0.5278
vn -0.0773 -0.7985 0.5970
vn -0.0413 -0.2389 0.9702
vn -0.3674 0.8118 0.4538
vn -0.4329 0.7733 0.4633
vn 0.0370 0.5557 0.8305
vn -0.0586 0.6164 0.7853
vn -0.0429 0.6888 0.7237
vn -0.0207 0.6633 0.7481
vn -0.1487 0.7353 0.6613
vn -0.1917 0.7892 0.5834
vn -0.0340 -0.7271 0.6857
vn -0.1851 -0.3536 0.9169
vn -0.1683 -0.1533 0.9737
vn -0.1777 -0.4663 0.8666
vn -0.3572 -0.0189 0.9338
vn -0.1646 -0.1386 0.9766
vn -0.1840 0.2538 0.9496
vn -0.1400 0.3284 0.9341
vn -0.2758 0.4554 0.8465
vn 0.5017 -0.6876 -0.5248
vn 0.0622 -0.8057 -0.5891
vn 0.7892 -0.4671 -0.3988
vn 0.2650 0.7759 -0.5724
vn 0.6978 0.5401 -0.4705
vn 0.9405 -0.1343 -0.3122
vn -0.6170 -0.6308 -0.4705
vn -0.8490 -0.4193 -0.3214
vn -0.7961 0.3436 -0.4982
vn -0.8644 0.4073 -0.2947
vn -0.5393 0.7263 -0.4263
vn -0.5024 0.5209 -0.6901
vn -0.9731 0.0034 -0.2303
vn -0.1941 0.5925 -0.7818
vn -0.2081 0.8246 -0.5260
vn -0.5066 0.3725 -0.7775
vn -0.4726 0.5095 -0.7191
vn 0.7089 0.2635 0.6542
vn -0.1736 0.6420 -0.7468
vn 0.9089 -0.4149 0.0421
vn 0.8877 -0.2770 0.3677
vn 0.6297 -0.4853 0.6066
vn 0.6251 -0.7664 0.1478
vn 0.3659 0.8815 0.2984
vn 0.3094 0.5483 0.7769
vn 0.6581 0.4566 0.5987
vn 0.7305 0.6628 0.1642
vn 0.9991 0.0207 0.0377
vn 0.9069 0.0625 0.4167
vn -0.5522 -0.8056 0.2148
vn -0.5254 -0.5356 0.6612
vn -0.7755 -0.3802 0.5040
vn -0.8578 -0.4396 0.2665
vn -0.8329 0.4554 0.3145
vn -0.6885 0.4204 0.5910
vn -0.4233 0.5273 0.7368
vn -0.4382 0.8433 0.3113
vn -0.7873 0.0207 0.6162
vn -0.9497 -0.0110 0.3130
vn -0.0014 0.9428 0.3333
vn -0.0855 0.5707 0.8167
vn 0.8828 0.3415 0.3224
vn 0.9263 0.3731 0.0527
vn 0.8984 0.2743 -0.3429
vn -0.3145 -0.7652 -0.5618
vn 0.2570 -0.0356 0.9658
vn 0.6140 -0.0111 0.7892
vn -0.1980 -0.0175 0.9801
vn -0.4938 0.0218 0.8693
vn -0.1894 -0.6180 0.7630
vn 0.2738 -0.6023 0.7499
vn 0.2739 -0.9350 0.2252
vn -0.1451 -0.9613 0.2341
vn -0.2130 -0.9505 -0.2261
vn -0.5927 -0.7933 -0.1395
vn -0.9996 -0.0242 0.0162
vn -0.8974 0.4409 0.0152
vn 0.9277 0.3268 -0.1803
vn 0.9782 -0.0462 -0.2026
vn 0.5931 -0.7601 -0.2655
vn 0.1850 -0.9485 -0.2570
vn 0.7497 0.6392 -0.1712
vn -0.1177 0.9874 -0.1059
vn 0.3339 0.9333 -0.1326
vn -0.8781 -0.4781 -0.0217
vn -0.5266 0.8484 -0.0539
vn 0.8686 -0.4280 -0.2495
vn -0.3663 0.5277 0.7664
vn -0.7703 0.3360 0.5420
vn -0.5077 -0.3975 0.7644
vn -0.6638 -0.2405 0.7082
vn -0.5303 0.1740 0.8298
vn -0.3468 0.1793 0.9206
vn -0.1980 0.4013 0.8943
vn -0.2309 -0.5906 0.7732
vn -0.3321 -0.4840 0.8096
vn -0.2350 -0.3806 0.8944
vn -0.4779 -0.5968 0.6445
vn -0.6428 0.1208 0.7564
vn -0.3732 -0.6454 0.6665
vn -0.5933 0.2889 0.7514
vn -0.7589 0.2943 0.5809
vn 0.4764 0.0492 0.8779
vn 0.5547 0.2342 0.7984
vn 0.3661 0.2536 0.8954
vn 0.3143 0.1888 0.9304
vn -0.0811 -0.0306 0.9962
vn -0.1574 -0.1469 0.9765
vn 0.0882 -0.1320 0.9873
vn 0.1491 0.0623 0.9869
vn -0.3036 0.1771 0.9362
vn -0.3623 0.3346 0.8699
vn -0.5603 0.2355 0.7941
vn -0.5173 0.1307 0.8458
vn -0.2858 0.2130 0.9343
vn -0.5040 0.0258 0.8633
vn -0.3401 -0.0792 0.9371
vn -0.2634 0.1010 0.9594
vn -0.5819 -0.0514 0.8116
vn -0.6270 0.0836 0.7745
vn -0.5701 0.1515 0.8075
vn -0.4069 0.2017 0.8909
vn 0.0806 0.2456 0.9660
vn 0.0201 0.3180 0.9479
vn -0.5210 -0.0164 0.8534
vn 0.3419 0.1113 0.9331
vn 0.5595 0.1051 0.8221
vn 0.3875 -0.3229 0.8635
vn 0.2556 0.1161 0.9598
vn 0.2607 0.2987 0.9181
vn 0.2570 0.3903 0.8841
vn 0.2785 0.6859 0.6723
vn -0.5665 0.1995 0.7995
vn -0.8060 0.0878 0.5854
vn -0.1039 0.1966 0.9750
vn -0.3499 0.1416 0.9260
vn -0.8593 -0.0182 0.5112
vn -0.8558 0.1798 0.4851
vn -0.7606 0.2599 0.5950
vn -0.7588 0.2797 0.5882
vn -0.8344 0.0626 0.5476
vn -0.3318 0.1513 0.9311
vn -0.7301 -0.1736 0.6610
vn -0.3391 0.1985 0.9196
vn -0.3111 0.2882 0.9056
vn -0.4966 -0.2568 0.8291
vn -0.1840 -0.0394 0.9821
vn -0.7456 0.4815 0.4607
vn -0.6912 0.4901 0.5311
vn -0.7697 0.3099 0.5581
vn -0.7678 0.3776 0.5176
vn -0.7527 0.3168 0.5771
vn -0.3978 0.3153 0.8616
vn -0.5031 0.4550 0.7347
vn -0.7458 0.3939 0.5372
vn -0.5701 0.1326 0.8108
vn -0.7223 0.0494 0.6898
vn -0.4279 -0.0870 0.8996
vn -0.3057 -0.1558 0.9393
vn -0.7867 0.0196 0.6171
vn -0.5176 -0.0065 0.8556
vn -0.7950 -0.1839 0.5780
vn -0.7379 -0.3771 0.5597
vn -0.6071 -0.1771 0.7746
vn -0.5574 -0.1037 0.8238
vn -0.5501 -0.3517 0.7574
vn -0.4653 -0.0750 0.8820
vn -0.7357 0.0657 0.6742
vn -0.7750 0.3381 0.5339
vn -0.8017 0.4278 0.4175
vn -0.7580 -0.5459 0.3571
vn -0.5685 -0.6834 0.4580
vn -0.8388 -0.1706 0.5171
vn -0.7591 -0.1051 0.6425
vn -0.8291 -0.0074 0.5590
vn -0.6115 0.1547 0.7760
vn -0.5087 0.2825 0.8133
vn -0.5457 0.0598 0.8358
vn -0.3188 -0.3416 0.8841
vn -0.1382 0.1210 0.9830
vn -0.0000 0.0497 0.9988
vn -0.9034 0.1628 0.3968
vn -0.7629 0.4930 0.4183
vn -0.8340 0.1643 0.5268
vn -0.8016 0.4279 0.4175
vn -0.5447 -0.0856 0.8342
vn -0.5331 0.1029 0.8398
vn -0.8340 0.1642 0.5268
vn -0.7901 -0.2959 0.5369
vn -0.7971 -0.4073 0.4457
vn -0.6472 -0.5913 0.4812
vn -0.7972 -0.4073 0.4456
vn -0.6332 -0.0941 0.7683
vn -0.5885 -0.0968 0.8027
vn -0.5519 -0.7273 0.4081
vn -0.7468 -0.6514 0.1336
vn 0.5966 -0.4839 0.6402
vn -0.7049 -0.5263 0.4754
vn -0.5518 -0.7273 0.4082
vn 0.1840 0.0709 0.9804
vn 0.9159 -0.0333 0.3999
vn 0.3312 -0.5031 0.7982
vn 0.7101 -0.6032 0.3632
vn 0.9558 -0.2891 -0.0536
vn -0.9344 0.2615 0.2419
vn -0.8968 -0.1201 0.4259
vn -0.6315 -0.0946 0.7695
vn -0.5209 0.5740 0.6318
vn -0.9805 -0.1933 -0.0366
vn -0.5993 -0.7368 0.3129
vn -0.6472 -0.5913 0.4811
vn -0.7000 -0.6123 -0.3676
vn 0.1841 0.0708 0.9804
vn -0.5518 -0.7273 0.4081
vn -0.5363 -0.6291 0.5627
vn -0.5519 0.4480 0.7034
vn -0.5519 0.4479 0.7034
vn -0.5506 -0.7620 0.3408
vn -0.9526 0.0606 0.2982
vn 0.6219 -0.7426 -0.2484
vn -0.7972 -0.4074 0.4456
vn -0.7901 -0.2959 0.5368
vn 0.7087 -0.6836 0.1742
vn -0.7000 -0.6122 -0.3676
vn -0.7971 -0.4074 0.4457
vn 0.6219 -0.7426 -0.2483
vn -0.5057 -0.6535 0.5631
vn -0.8968 -0.1200 0.4259
vn -0.8981 -0.3894 0.2044
vn -0.5239 0.0776 0.8483
vn -0.5331 0.1028 0.8398
vn -0.5884 -0.0968 0.8027
vn -0.5884 -0.0969 0.8028
vn -0.5448 -0.0856 0.8342
vn 0.7975 -0.4791 -0.3668
vn 0.0453 -0.9706 0.2364
vn -0.7264 -0.6811 0.0922
vn -0.6153 -0.5568 -0.5580
vn -0.5057 -0.6535 0.5632
vn 0.3313 -0.5030 0.7983
vn -0.0449 -0.1504 0.9876
vn -0.5506 -0.7621 0.3408
vn -0.3187 -0.3416 0.8841
vn -0.5447 -0.0856 0.8343
vn -0.3188 -0.3416 0.8842
vn -0.9120 0.1468 0.3831
vn -0.7901 -0.2958 0.5369
vn -0.7050 -0.5263 0.4755
vn -0.9288 -0.2691 0.2547
vn -0.9938 -0.0416 -0.1032
vn -0.9344 0.2614 0.2419
vn 0.9558 -0.2892 -0.0536
vn 0.7101 -0.6031 0.3632
vn 0.7975 -0.4791 -0.3667
vn -0.5456 0.0599 0.8359
vn -0.1389 0.4480 0.8832
vn -0.0000 0.5805 0.8142
vn -0.0001 0.0497 0.9988
vn -0.5773 0.2138 0.7881
vn -0.1388 0.4480 0.8832
vn -0.5192 0.1019 0.8486
vn -0.5773 0.2138 0.7880
vn -0.1375 0.0715 0.9879
vn -0.2435 0.2938 0.9243
vn -0.2475 0.0198 0.9687
vn -0.3719 0.0216 0.9280
vn -0.5734 -0.8180 0.0453
vn -0.7757 -0.5206 0.3568
vn -0.6030 -0.7942 0.0755
vn -0.9012 -0.3448 0.2625
vn -0.9053 -0.1496 0.3975
vn -0.9693 -0.2366 -0.0668
vn -0.8487 -0.5254 -0.0611
vn -0.4344 -0.8990 0.0560
vn -0.9501 0.0968 0.2967
vn -0.9570 0.0023 0.2901
vn -0.9703 0.0131 0.2416
vn -0.9660 0.0800 0.2458
vn -0.1318 0.8990 0.4177
vn -0.1302 0.9711 0.1999
vn -0.8438 -0.1033 0.5267
vn -0.7591 -0.1829 0.6248
vn -0.5453 -0.2257 0.8073
vn -0.6436 -0.1264 0.7549
vn -0.9339 0.2033 0.2939
vn -0.9667 0.1582 0.2012
vn -0.9401 0.0937 0.3279
vn -0.9432 0.0161 0.3319
vn -0.9131 0.1899 0.3609
vn -0.3372 -0.1572 0.9282
vn -0.5595 -0.4173 0.7161
vn -0.4474 0.0651 0.8920
vn -0.4364 0.0877 0.8955
vn -0.6285 0.1592 0.7614
vn -0.2297 -0.6592 0.7161
vn -0.3861 -0.2968 0.8734
vn -0.2755 0.6490 0.7092
vn -0.4473 0.0652 0.8920
vn -0.3388 0.0506 0.9395
vn -0.3384 0.0273 0.9406
vn -0.4363 0.0878 0.8955
vn -0.5773 0.2139 0.7880
vn -0.6349 0.3576 0.6849
vn -0.2754 0.6490 0.7092
vn -0.3388 0.0505 0.9395
vn -0.2471 0.0196 0.9688
vn -0.3860 -0.2968 0.8734
vn -0.3383 0.0273 0.9406
vn -0.3512 0.1244 0.9280
vn -0.4618 -0.0172 0.8868
vn -0.4965 -0.0515 0.8665
vn -0.4532 -0.0224 0.8911
vn -0.5907 -0.1951 0.7829
vn -0.9288 -0.2691 0.2546
vn -0.4968 0.0178 0.8677
vn -0.4553 0.0405 0.8894
vn -0.4364 0.0653 0.8974
vn -0.3736 -0.0113 0.9275
vn -0.5993 -0.7368 0.3130
vn -0.6471 -0.5914 0.4811
vn -0.3044 -0.1222 0.9447
vn -0.4894 0.0662 0.8695
vn -0.6332 -0.0941 0.7682
vn -0.5191 0.1019 0.8486
vn -0.3389 0.0506 0.9395
vn -0.3389 0.0505 0.9395
vn -0.3719 0.0215 0.9280
vn -0.2471 0.0195 0.9688
vn 0.4576 0.6517 -0.6049
vn 0.5238 0.4879 -0.6983
vn 0.6665 0.4082 -0.6239
vn 0.6201 0.4760 -0.6236
vn -0.0576 -0.9882 -0.1416
vn 0.1507 -0.9016 -0.4056
vn -0.0000 -0.8965 -0.4429
vn 0.2402 0.5832 -0.7760
vn 0.1743 0.8304 -0.5292
vn 0.8516 0.0051 -0.5242
vn 0.8264 0.1482 -0.5432
vn 0.6164 -0.7343 -0.2843
vn 0.2786 -0.9547 -0.1049
vn 0.1992 -0.9731 -0.1156
vn 0.4661 -0.8412 -0.2743
vn 0.1507 -0.9015 -0.4056
vn 0.2785 -0.9547 -0.1048
vn 0.6164 -0.7343 -0.2844
vn 0.1991 -0.9731 -0.1157
vn 0.6665 0.4081 -0.6239
vn 0.8264 0.1483 -0.5432
vn -0.5993 -0.7369 0.3130
vn -0.7469 -0.6514 0.1336
vn -0.5519 -0.7272 0.4081
vn -0.9288 -0.2692 0.2546
vn -0.7469 -0.6514 0.1337
vn 0.3312 -0.5030 0.7983
vn -0.5231 0.5737 0.6303
vn -0.6316 -0.0946 0.7695
vn 0.4324 0.4295 0.7928
vn 0.0454 -0.9706 0.2365
vn -0.5058 -0.6535 0.5631
vn -0.8981 -0.3894 0.2045
vn -0.7264 -0.6810 0.0922
vn -0.9526 0.0606 0.2981
vn 0.7087 -0.6836 0.1743
vn 0.5965 -0.4839 0.6403
vn 0.0771 -0.9831 0.1660
vn -0.0000 -0.9930 0.1180
vn 0.1925 0.8434 -0.5016
vn 0.9799 0.1977 -0.0264
vn 0.5630 -0.7241 0.3984
vn 0.5373 0.7217 -0.4365
vn 0.4660 -0.8412 -0.2742
vn 0.3058 -0.9068 0.2900
vn 0.0772 -0.9831 0.1660
vn 0.5631 -0.7241 0.3984
vn 0.3058 -0.9069 0.2900
vn 0.6665 0.4082 -0.6238
vn 0.7598 0.5603 -0.3298
vn 0.9799 0.1976 -0.0264
vn 0.5239 0.4879 -0.6982
vn 0.5373 0.7216 -0.4366
vn 0.1915 0.9814 -0.0134
vn 0.2273 0.9615 0.1544
vn 0.4400 0.8869 0.1405
vn 0.4813 0.8765 0.0084
vn 0.3296 -0.8631 0.3827
vn 0.3564 -0.8515 0.3846
vn 0.0307 -0.8877 0.4594
vn 0.0571 -0.9250 0.3758
vn 0.6061 -0.6887 0.3979
vn 0.6611 -0.6961 0.2800
vn 0.7689 0.6394 0.0057
vn 0.7434 0.6568 0.1260
vn 0.9884 -0.0128 0.1511
vn 0.9804 0.0788 0.1806
vn 0.4401 0.8869 0.1405
vn 0.7432 0.6566 0.1283
vn 0.7688 0.6394 0.0057
vn 0.0570 -0.9250 0.3758
vn 0.0306 -0.8877 0.4594
vn -0.0000 -0.8866 0.4624
vn 0.1043 0.9820 0.1575
vn 0.9804 0.0787 0.1805
vn 0.9876 -0.0124 0.1563
vn 0.6612 -0.6960 0.2800
vn 0.6062 -0.6887 0.3979
vn 0.9799 0.1977 -0.0265
vn 0.0570 -0.9250 0.3757
vn 0.4813 0.8765 0.0083
vn 0.7598 0.5603 -0.3297
vn 0.9804 0.0787 0.1806
vn 0.3296 -0.8631 0.3828
vn 0.3058 -0.9068 0.2901
vn 0.0571 -0.9250 0.3757
vn -0.8285 -0.4609 0.3181
vn -0.6297 -0.7751 0.0521
vn -0.8204 -0.1228 0.5584
vn -0.8614 -0.0818 0.5012
vn -0.7980 -0.0656 0.5990
vn -0.8504 -0.1128 0.5139
vn -0.7826 -0.1201 0.6108
vn -0.5432 -0.1616 0.8239
vn -0.4312 -0.3654 0.8250
vn -0.5575 -0.2872 0.7789
vn -0.9187 0.0089 0.3948
vn -0.9574 0.0518 0.2841
vn -0.9307 -0.1869 0.3145
vn -0.8761 -0.2476 0.4136
vn -0.7814 -0.2701 0.5625
vn -0.8804 -0.1389 0.4535
vn -0.8497 -0.2769 0.4488
vn -0.7695 -0.3613 0.5267
vn -0.9063 -0.0911 0.4126
vn -0.2848 0.3234 0.9024
vn -0.2648 0.4617 0.8466
vn -0.3524 0.4538 0.8184
vn -0.3356 0.3043 0.8915
vn -0.1259 0.3534 0.9269
vn -0.0964 0.4906 0.8660
vn -0.4588 0.4347 0.7750
vn -0.4273 0.2885 0.8568
vn -0.6027 0.3657 0.7092
vn -0.5735 0.2403 0.7832
vn -0.3112 0.8550 0.4148
vn -0.3202 0.9269 0.1960
vn -0.1071 0.6839 0.7217
vn -0.4371 0.8099 0.3911
vn -0.4465 0.8750 0.1872
vn -0.2787 0.6610 0.6966
vn -0.5593 0.7473 0.3588
vn -0.5526 0.8123 0.1862
vn -0.3900 0.6526 0.6496
vn -0.9153 0.1744 0.3630
vn -0.9191 0.0704 0.3877
vn -0.9078 0.0627 0.4146
vn -0.7091 0.1660 0.6853
vn -0.7239 0.2899 0.6261
vn -0.8245 0.4709 0.3136
vn -0.7102 0.6204 0.3329
vn -0.6931 0.6929 0.1987
vn -0.8257 0.5235 0.2100
vn -0.5133 0.6244 0.5888
vn -0.6781 0.5302 0.5090
vn -0.7989 0.4184 0.4322
vn -0.9272 0.0865 0.3644
vn -0.8865 0.2625 0.3812
vn -0.9083 0.2994 0.2922
vn -0.9537 0.1202 0.2757
vn -0.9214 0.3292 0.2064
vn -0.9679 0.1519 0.2003
vn -0.8282 0.2104 0.5194
vn -0.8488 0.0895 0.5211
vn -0.5830 -0.0057 0.8124
vn -0.5136 0.0292 0.8576
vn -0.6285 0.1593 0.7613
vn -0.7286 0.0099 0.6848
vn -0.6721 0.2007 0.7128
vn -0.6388 0.3562 0.6820
vn -0.6721 0.2006 0.7128
vn -0.4977 0.2149 0.8403
vn -0.4184 -0.6798 0.6024
vn -0.6442 -0.3571 0.6764
vn -0.5136 0.0291 0.8575
vn -0.7286 0.0098 0.6849
vn -0.4977 0.2148 0.8403
vn -0.6441 -0.3571 0.6764
vn -0.5830 -0.0058 0.8124
vn -0.3384 0.0272 0.9406
vn -0.6524 0.2369 0.7199
vn 0.6201 0.4761 -0.6236
vn -0.5413 -0.1209 0.8321
vn -0.6694 -0.3148 0.6729
vn 0.2785 -0.9547 -0.1049
vn 0.1991 -0.9731 -0.1158
vn -0.5896 -0.2137 0.7789
vn -0.0577 -0.9882 -0.1416
vn -0.4424 -0.2825 0.8511
vn -0.3939 -0.0674 0.9167
vn -0.6211 0.0353 0.7829
vn -0.0576 -0.9882 -0.1417
vn -0.0001 -0.4046 0.9145
vn 0.4577 0.6518 -0.6048
vn 0.6201 0.4760 -0.6237
vn -0.6525 0.2369 0.7198
vn -0.6576 0.6985 -0.2822
vn -0.6614 0.6256 -0.4137
vn -0.7741 0.5291 -0.3476
vn -0.7755 0.5905 -0.2236
vn -0.8746 0.4092 -0.2600
vn -0.8984 0.4117 -0.1532
vn -0.1308 0.8881 -0.4407
vn -0.1109 0.7626 -0.6373
vn -0.2222 0.7736 -0.5935
vn -0.2482 0.8773 -0.4107
vn -0.3670 0.8529 -0.3714
vn -0.3581 0.7610 -0.5409
vn -0.5177 0.7093 -0.4784
vn -0.5147 0.7912 -0.3301
vn -0.6628 -0.3438 -0.6652
vn -0.6110 -0.5089 -0.6064
vn -0.7641 -0.4091 -0.4988
vn -0.7943 -0.3688 -0.4828
vn -0.4899 -0.3576 -0.7950
vn -0.4035 -0.5620 -0.7220
vn -0.1333 -0.3629 -0.9223
vn -0.1240 -0.5653 -0.8155
vn -0.2444 -0.5821 -0.7755
vn -0.3088 -0.3798 -0.8720
vn -0.8706 -0.3458 -0.3499
vn -0.8551 -0.2866 -0.4320
vn -0.9353 -0.1626 -0.3143
vn -0.9403 -0.2531 -0.2275
vn -0.1614 0.0425 -0.9860
vn -0.1672 0.2309 -0.9585
vn -0.3242 0.1914 -0.9264
vn -0.3543 0.0151 -0.9350
vn -0.5269 -0.0369 -0.8491
vn -0.4765 0.1155 -0.8715
vn -0.7310 -0.0285 -0.6818
vn -0.7552 -0.1491 -0.6384
vn -0.8868 -0.1836 -0.4241
vn -0.8884 -0.0610 -0.4549
vn -0.9518 -0.1936 -0.2378
vn -0.9667 -0.0419 -0.2526
vn -0.6497 -0.0920 -0.7546
vn -0.6094 0.0319 -0.7923
vn -0.5415 0.4049 -0.7368
vn -0.5638 0.2302 -0.7932
vn -0.7217 0.1857 -0.6668
vn -0.7144 0.3459 -0.6082
vn -0.3610 0.4374 -0.8237
vn -0.4038 0.2881 -0.8683
vn -0.1113 0.4857 -0.8670
vn -0.1459 0.3860 -0.9109
vn -0.2665 0.3451 -0.8999
vn -0.2184 0.4622 -0.8594
vn -0.8624 0.2597 -0.4346
vn -0.8816 0.1396 -0.4509
vn -0.9654 0.1018 -0.2401
vn -0.9518 0.1814 -0.2472
vn -0.5288 0.8486 0.0163
vn -0.6689 0.7428 0.0283
vn -0.5178 0.8415 -0.1539
vn -0.6610 0.7376 -0.1381
vn -0.3079 0.9513 -0.0137
vn -0.4285 0.9035 0.0019
vn -0.2766 0.9380 -0.2089
vn -0.3923 0.9024 -0.1786
vn -0.1259 0.9919 -0.0152
vn -0.1274 0.9674 -0.2190
vn -0.8165 0.5747 0.0544
vn -0.9285 0.3599 0.0913
vn -0.7958 0.5963 -0.1057
vn -0.9182 0.3940 -0.0417
vn -0.9945 0.0293 0.1008
vn -0.9581 0.2856 -0.0211
vn -0.9742 0.1507 0.1681
vn -0.9843 0.0498 0.1694
vn -0.9923 0.1138 0.0499
vn -0.9946 0.0655 0.0809
vn -0.9849 0.0339 0.1698
vn -0.9857 0.0844 0.1456
vn -0.9860 0.1398 -0.0906
vn -0.9928 0.0880 -0.0815
vn -0.9966 -0.0038 -0.0829
vn -0.9760 0.1803 0.1220
vn -0.9321 -0.0481 -0.3590
vn -0.9839 -0.1547 0.0896
vn -0.9909 0.0381 0.1291
vn -0.9998 -0.0217 -0.0050
vn -0.9871 -0.1576 -0.0286
vn -0.9903 -0.1382 0.0118
vn -0.9449 -0.2378 -0.2249
vn -0.9630 -0.1947 -0.1864
vn -0.9445 -0.2820 0.1686
vn -0.5421 -0.8372 0.0722
vn -0.4099 -0.9096 -0.0677
vn -0.3132 -0.9391 -0.1413
vn -0.3679 -0.9298 -0.0095
vn -0.3869 -0.9219 0.0214
vn -0.6054 -0.4795 0.6352
vn -0.5351 -0.7531 0.3827
vn -0.6497 -0.7286 0.2168
vn -0.5248 -0.3117 0.7921
vn -0.4822 -0.7388 0.4708
vn -0.9911 -0.0555 0.1209
vn -0.9503 -0.0392 0.3088
vn -0.8240 -0.1519 0.5459
vn -0.9960 0.0171 -0.0876
vn -0.9982 0.0594 0.0072
vn -0.7634 -0.5491 0.3401
vn -0.6819 -0.2880 0.6724
vn -0.6843 -0.7288 0.0238
vn -0.9360 -0.2885 -0.2019
vn -0.8062 -0.2814 -0.5204
vn -0.9884 -0.0824 -0.1274
vn -0.9923 -0.1173 -0.0388
vn -0.9584 -0.2338 -0.1635
vn -0.9745 -0.1665 -0.1504
vn -0.8902 -0.3172 -0.3270
vn -0.1469 -0.1622 -0.9758
vn -0.3508 -0.1753 -0.9199
vn -0.5357 -0.1730 -0.8265
vn -0.7976 -0.2179 -0.5624
vn -0.8883 -0.2718 -0.3701
vn -0.6775 -0.1761 -0.7141
vn -0.1320 0.3219 0.9375
vn -0.9603 0.0106 0.2786
vn -0.9755 0.0481 0.2146
vn -0.5903 0.3077 0.7463
vn -0.7671 0.1997 0.6097
vn -0.9355 0.0040 0.3533
vn -0.3909 0.3458 0.8530
vn -0.1350 -0.6108 -0.7802
vn -0.9781 0.2076 0.0165
vn -0.0936 0.6072 -0.7890
vn -0.2035 0.6126 -0.7638
vn -0.3552 0.6087 -0.7094
vn -0.4106 -0.5602 -0.7194
vn -0.5723 -0.5233 -0.6313
vn -0.8564 -0.0909 -0.5082
vn -0.9412 -0.0076 -0.3377
vn -0.5034 -0.0806 0.8603
vn -0.5702 -0.1635 0.8051
vn -0.2345 -0.5930 -0.7703
vn -0.5305 0.5738 -0.6240
vn -0.6896 0.4970 -0.5266
vn -0.8206 0.3911 -0.4168
vn -0.7230 -0.2081 -0.6588
vn -0.9677 0.2264 -0.1108
vn -0.9248 0.2777 -0.2601
vn -0.8806 0.0741 0.4681
vn -0.9368 -0.0870 -0.3388
vn -0.9985 0.0078 -0.0541
vn -0.9871 -0.1576 -0.0285
vn -0.9998 -0.0217 -0.0051
vn -0.3160 0.3344 0.8879
vn -0.3037 0.3239 0.8960
vn -0.1544 0.9863 -0.0581
vn -0.9870 0.1116 0.1153
vn -0.4817 -0.8503 0.2121
vn -0.6118 -0.7763 0.1520
vn -0.4509 -0.8814 0.1411
vn -0.0807 -0.9850 0.1527
vn -0.2917 0.9544 -0.0641
vn 0.3863 0.9054 0.1760
vn 0.1189 0.9928 0.0170
vn -0.2374 0.9711 -0.0255
vn 0.0945 -0.9875 0.1264
vn 0.2624 -0.9585 0.1113
vn 0.4864 -0.8334 0.2623
vn 0.6870 0.5343 0.4924
vn 0.4687 0.7925 0.3902
vn -0.6212 0.0353 0.7829
vn -0.6525 0.2369 0.7199
vn -0.5831 -0.0057 0.8124
vn -0.4977 0.2148 0.8404
vn -0.4424 -0.2825 0.8512
vn 0.0001 -0.4046 0.9145
vn -0.0000 0.1483 0.9889
vn -0.5135 0.0291 0.8576
vn -0.5414 -0.1210 0.8320
vn -0.7286 0.0098 0.6848
vn -0.5896 -0.2136 0.7789
vn -0.4425 -0.2825 0.8511
vn -0.6694 -0.3147 0.6729
vn 0.5496 0.3473 0.7598
vn 0.3914 0.5680 0.7240
vn -0.2170 -0.2932 0.9311
vn 0.0378 -0.1302 0.9908
vn -0.4118 0.6446 0.6441
vn -0.5862 0.4452 0.6769
vn -0.5800 -0.0855 0.8101
vn -0.4721 -0.2686 0.8396
vn -0.6364 0.1576 0.7551
vn -0.5490 0.0685 0.8330
vn -0.0464 0.6946 0.7179
vn 0.1017 0.3265 0.9397
vn 0.5376 0.1980 0.8196
vn 0.0850 0.2327 0.9688
vn -0.1037 0.5299 0.8417
vn -0.8063 -0.2814 -0.5204
vn 0.8379 0.2066 -0.5053
vn 0.8383 0.3226 -0.4395
vn -0.9321 -0.0480 -0.3589
vn 0.8784 0.3991 -0.2630
vn 0.9126 0.3979 -0.0938
vn -0.9742 0.1509 0.1681
vn 0.0017 -0.8180 -0.5752
vn 0.5729 -0.4003 -0.7152
vn -0.9910 0.0244 0.1313
vn -0.8936 -0.0460 0.4465
vn -0.9321 -0.0480 -0.3590
vn 0.8784 0.3991 -0.2631
vn -0.9449 -0.2379 -0.2250
vn -0.9449 -0.2378 -0.2250
vn -0.5254 -0.8481 -0.0688
vn 0.0323 -0.8691 -0.4935
vn 0.0018 -0.8180 -0.5752
vn 0.8379 0.2067 -0.5052
vn 0.6060 -0.1012 -0.7890
vn 0.7903 0.2433 -0.5624
vn 0.8164 0.4534 -0.3576
vn 0.7650 0.6388 -0.0819
vn 0.0017 -0.8181 -0.5751
vn 0.0322 -0.8691 -0.4935
vn 0.3088 -0.6335 -0.7095
vn 0.5729 -0.4002 -0.7153
vn -0.3851 -0.4186 0.8225
vn -0.4276 -0.3735 0.8232
vn 0.7903 0.2432 -0.5624
vn 0.8164 0.4535 -0.3576
vn 0.0323 -0.8691 -0.4936
vn -0.6373 -0.7182 -0.2793
vn -0.5401 -0.6730 -0.5053
vn 0.3087 -0.6335 -0.7095
vn 0.7903 0.2433 -0.5623
vn -0.5703 0.0093 -0.8214
vn -0.4409 0.7269 -0.5265
vn 0.8164 0.4534 -0.3575
vn -0.8873 -0.4474 0.1121
vn 0.6060 -0.1011 -0.7890
vn -0.6188 -0.4061 -0.6724
vn -0.5704 0.0093 -0.8213
vn -0.4410 0.7269 -0.5265
vn -0.6293 0.6986 0.3405
vn -0.9568 -0.2903 -0.0144
vn -0.9504 -0.3049 -0.0621
vn -0.9421 -0.3351 -0.0150
vn -0.9678 -0.1322 0.2143
vn -0.9639 -0.1900 0.1865
vn -0.5703 0.0094 -0.8214
vn -0.9622 -0.1778 0.2066
vn -0.9772 -0.0794 0.1967
vn -0.9459 -0.1270 0.2987
vn -0.9729 -0.1755 0.1508
vn -0.8873 -0.4473 0.1121
vn -0.9621 -0.1778 0.2066
vn -0.6188 -0.4060 -0.6725
vn -0.9115 -0.1360 0.3881
vn -0.9115 -0.1361 0.3881
vn -0.9393 -0.1886 0.2865
vn -0.9484 -0.3049 0.0867
vn -0.9127 -0.3827 0.1436
vn -0.8095 0.0246 0.5866
vn -0.6293 0.6986 0.3406
vn -0.9309 -0.2761 0.2390
vn -0.9619 -0.0987 0.2551
vn -0.9803 -0.1697 0.1011
vn -0.7114 0.6796 0.1792
vn -0.5616 0.4832 0.6716
vn -0.8944 0.1302 0.4278
vn -0.9748 -0.2180 -0.0466
vn -0.9521 -0.3008 0.0552
vn -0.9420 -0.3352 -0.0150
vn -0.9568 -0.2904 -0.0144
vn -0.8644 -0.3930 0.3136
vn -0.9639 -0.1901 0.1864
vn -0.9618 -0.0989 0.2551
vn -0.9279 -0.0567 0.3684
vn -0.9729 -0.1754 0.1507
vn -0.8993 -0.3999 -0.1772
vn -0.8814 -0.4688 0.0575
vn -0.9981 -0.0596 0.0174
vn -0.8737 -0.3545 -0.3332
vn -0.5881 -0.1134 0.8008
vn -0.7548 0.0717 0.6520
vn -0.9678 -0.1322 0.2142
vn -0.9421 -0.3351 -0.0149
vn -0.5254 -0.8481 -0.0687
vn -0.8873 -0.4474 0.1122
vn -0.6944 0.1078 0.7114
vn -0.7810 -0.2269 0.5819
vn -0.8812 -0.0678 0.4679
vn -0.9568 -0.0377 0.2882
vn -0.9548 -0.2063 0.2138
vn -0.9050 0.1410 0.4014
vn -0.7548 0.0718 0.6520
vn -0.9050 0.1410 0.4015
vn -0.6945 0.1078 0.7114
vn -0.7810 -0.2269 0.5818
vn -0.9548 -0.2064 0.2138
vn -0.9126 -0.3827 0.1436
vn -0.9310 -0.2760 0.2390
vn -0.7362 -0.6532 0.1771
vn -0.8385 -0.5350 -0.1034
vn -0.8812 -0.0679 0.4679
vn -0.8644 -0.3929 0.3137
vn -0.9116 -0.1360 0.3880
vn -0.9394 -0.1886 0.2864
vn -0.9504 -0.3048 -0.0621
vn -0.9621 -0.1777 0.2067
vn -0.6293 0.6985 0.3406
vn 0.2579 0.5886 0.7661
vn 0.2579 0.5887 0.7661
vn 0.9126 0.3978 -0.0938
vn -0.8644 -0.3930 0.3137
vn -0.7810 -0.2270 0.5819
vn -0.7362 -0.6532 0.1770
vn -0.8385 -0.5350 -0.1035
vn -0.9568 -0.0377 0.2883
vn -0.9587 -0.2644 0.1045
vn -0.7362 -0.6531 0.1770
vn -0.8386 -0.5349 -0.1033
vn -0.8095 0.0247 0.5866
vn -0.9056 -0.3954 0.1531
vn -0.9620 -0.2487 0.1127
vn -0.8160 -0.3035 0.4921
vn -0.5881 -0.1135 0.8008
vn -0.6122 -0.5330 0.5841
vn -0.8176 -0.5282 0.2291
vn -0.8233 -0.4191 0.3828
vn -0.3288 0.0499 0.9431
vn -0.6168 -0.6879 0.3826
vn -0.5962 -0.7200 0.3552
vn -0.1828 -0.1187 0.9760
vn -0.1124 0.3811 -0.9177
vn -0.9985 0.0079 -0.0541
vn -0.9368 -0.0871 -0.3389
vn -0.1513 -0.2404 -0.9588
vn 0.1974 0.8581 0.4739
vn -0.5617 0.4832 0.6716
vn -0.7114 0.6796 0.1791
vn 0.1154 0.9705 0.2119
vn -0.9043 -0.1291 0.4068
vn -0.7528 -0.6042 -0.2612
vn -0.6571 -0.5266 -0.5393
vn -0.7425 -0.6676 0.0547
vn -0.6662 -0.7458 0.0063
vn -0.8737 -0.3546 -0.3332
vn -0.7414 -0.3733 -0.5577
vn -0.9742 0.1508 0.1680
vn 0.2579 0.5886 0.7662
vn -0.9620 -0.2486 0.1126
vn -0.6792 0.2893 -0.6746
vn -0.9221 -0.0967 -0.3746
vn -0.4674 0.8704 0.1549
vn 0.3070 0.9324 0.1905
vn 0.2122 0.8874 0.4093
vn -0.1467 0.8767 0.4581
vn -0.6515 0.3289 0.6836
vn -0.3288 0.0498 0.9431
vn -0.8736 -0.3546 -0.3332
vn -0.6791 0.2893 -0.6746
vn -0.7413 -0.3732 -0.5578
vn -0.1123 0.3812 -0.9177
vn -0.6515 0.3288 0.6837
vn -0.8130 -0.3745 0.4459
vn -0.6168 -0.6879 0.3825
vn -0.3289 0.0499 0.9431
vn 0.1974 0.8582 0.4739
vn 0.2122 0.8874 0.4092
vn -0.1125 0.3811 -0.9177
vn 0.3071 0.9324 0.1905
vn 0.1154 0.9704 0.2120
vn -0.8130 -0.3745 0.4458
vn -0.8814 -0.4689 0.0576
vn -0.6662 -0.7457 0.0064
vn -0.5909 0.2523 0.7662
vn -0.5082 0.0704 0.8584
vn -0.9521 -0.3008 0.0551
vn -0.9279 -0.0566 0.3685
vn -0.5617 0.4831 0.6716
vn -0.5909 0.2524 0.7662
vn -0.9279 -0.0567 0.3685
vn -0.8944 0.1303 0.4279
vn -0.8177 -0.5282 0.2290
vn -0.6121 -0.5330 0.5841
vn -0.5962 -0.7200 0.3551
vn -0.7426 -0.6675 0.0547
vn -0.8176 -0.5282 0.2290
vn -0.5081 0.0703 0.8584
vn -0.1207 0.0069 0.9927
vn 0.1975 0.8582 0.4739
vn -0.4675 0.8703 0.1549
vn -0.9222 -0.0966 -0.3745
vn -0.1512 -0.2404 -0.9588
vn -0.6121 -0.5330 0.5842
vn -0.1206 0.0069 0.9927
vn -0.1828 -0.1186 0.9760
vn -0.9742 0.1507 0.1680
vn -0.9620 -0.2486 0.1127
vn -0.8944 -0.0849 0.4390
vn -0.7307 -0.1242 0.6713
vn -0.8833 -0.3790 0.2758
vn -0.5393 -0.1962 0.8190
vn -0.5409 -0.3242 0.7761
vn -0.5743 -0.3925 0.7184
vn -0.4241 -0.5603 0.7114
vn -0.1581 -0.5624 0.8116
vn -0.4956 -0.1829 0.8491
vn -0.5807 -0.2183 0.7843
vn -0.4054 -0.4192 0.8124
vn -0.2127 -0.3536 0.9109
vn -0.3001 -0.3602 0.8833
vn -0.3845 -0.2604 0.8856
vn -0.1685 -0.3435 -0.9239
vn -0.2855 -0.3097 -0.9069
vn -0.4950 -0.2522 -0.8315
vn -0.2546 0.0928 -0.9626
vn -0.2645 0.1158 -0.9574
vn -0.5106 0.1205 -0.8513
vn -0.5027 0.0905 -0.8597
vn -0.0425 0.1150 -0.9925
vn -0.0625 0.0819 -0.9947
vn -0.6843 0.1081 -0.7211
vn -0.6758 0.0872 -0.7319
vn -0.2970 -0.3668 0.8816
vn -0.4977 -0.0219 -0.8671
vn -0.7005 0.0179 -0.7134
vn -0.4893 0.0579 -0.8702
vn -0.6775 0.0749 -0.7317
vn -0.1653 -0.0790 -0.9831
vn -0.2865 -0.0499 -0.9568
vn -0.1180 0.0271 -0.9926
vn -0.2582 0.0515 -0.9647
vn -0.9467 0.0999 -0.3062
vn -0.8416 0.0676 -0.5359
vn -0.9704 0.0933 -0.2227
vn -0.8355 0.1059 -0.5391
vn -0.9911 -0.0203 -0.1315
vn -0.8539 0.0620 -0.5167
vn -0.9959 -0.0898 -0.0092
vn -0.8719 0.0291 -0.4889
vn -0.7528 -0.6042 -0.2613
vn -0.9239 -0.0524 0.3791
vn -0.5618 0.4831 0.6716
vn -0.9393 -0.1885 0.2865
vn -0.9485 -0.3048 0.0866
vn 0.6059 -0.1010 -0.7891
vn -0.5402 -0.6730 -0.5053
vn -0.9484 -0.3048 0.0867
vn 0.6059 -0.1011 -0.7891
vn 0.8379 0.2066 -0.5052
vn -0.8902 -0.3172 -0.3269
vn -0.7466 0.0005 0.6653
vn 0.9160 -0.0333 0.3999
vn 0.5965 -0.4840 0.6403
vn -0.9938 -0.0416 -0.1033
vn -0.5208 0.5741 0.6318
vn 0.4324 0.4294 0.7928
vn 0.1840 0.0708 0.9804
vn 0.9558 -0.2892 -0.0537
vn 0.6219 -0.7427 -0.2485
vn 0.6219 -0.7427 -0.2484
vn 0.7974 -0.4791 -0.3668
vn -0.6153 -0.5568 -0.5579
vn -0.9526 0.0605 0.2982
vn -0.5209 0.5741 0.6318
vn 0.9160 -0.0333 0.3998
vn 0.7087 -0.6837 0.1742
vn -0.0450 -0.1504 0.9876
vn -0.8160 -0.3035 0.4920
vn -0.8234 -0.4190 0.3828
vn -0.9057 -0.3954 0.1531
vn -0.7114 0.6795 0.1792
vn -0.9985 0.0078 -0.0540
vn -0.1124 0.3812 -0.9176
vn -0.6515 0.3289 0.6837
vn -0.4674 0.8704 0.1548
vn -0.7425 -0.6676 0.0548
vn -0.6191 -0.6861 0.3820
vn -0.8814 -0.4688 0.0576
vn -0.9981 -0.0596 0.0175
vn -0.8992 -0.4000 -0.1772
vn -0.6662 -0.7457 0.0063
vn -0.4675 0.8703 0.1548
vn -0.1467 0.8767 0.4580
vn 0.2123 0.8874 0.4092
vn 0.1975 0.8581 0.4739
vn 0.1155 0.9704 0.2119
vn -0.9620 -0.2487 0.1126
vn -0.9587 -0.2644 0.1044
vn -0.9056 -0.3955 0.1531
vn -0.9127 -0.3826 0.1435
vn -0.8386 -0.5349 -0.1034
vn -0.7549 0.0717 0.6520
vn -0.8159 -0.3035 0.4921
vt 0.580181 0.849982
vt 0.500000 0.849982
vt 0.500000 0.875000
vt 0.625000 0.875000
vt 0.625000 0.937500
vt 0.500000 0.937500
vt 0.580181 0.750000
vt 0.580181 0.812500
vt 0.500000 0.750000
vt 0.580181 0.781250
vt 0.419819 0.750000
vt 0.375000 0.875000
vt 0.375000 0.937500
vt 0.419819 0.750000
vt 0.384911 0.869468
vt 0.500000 0.869468
vt 0.615089 0.869468
vt 0.615089 0.812500
vt 0.625000 0.812500
vt 0.615089 0.781250
vt 0.615089 0.750000
vt 0.625000 0.750000
vt 0.625000 0.781250
vt 0.384911 0.812500
vt 0.375000 0.812500
vt 0.384911 0.750000
vt 0.384911 0.750000
vt 0.375000 0.750000
vt 0.384911 0.781250
vt 0.375000 0.781250
vt 0.615089 0.750000
vt 0.500000 0.750000
vt 0.497439 0.750000
vt 0.419819 0.849982
vt 0.419819 0.812500
vt 0.419819 0.781250
vt 0.419819 0.781250
vt 0.482933 0.750000
vt 0.580181 0.750000
vt 0.580181 0.849982
vt 0.419819 0.849982
vt 0.419819 0.812500
vt 0.500000 0.849982
vt 0.419819 0.781250
vt 0.419819 0.781250
vt 0.500000 0.781250
vt 0.580181 0.781250
vt 0.500000 0.812500
vt 0.580181 0.781250
vt 0.580181 0.812500
vt 0.580181 0.781250
vt 0.419819 0.849982
vt 0.419819 0.750000
vt 0.419819 0.781250
vt 0.419819 0.812500
vt 0.583634 0.812500
vt 0.583634 0.781250
vt 0.585357 0.781250
vt 0.585357 0.812500
vt 0.416366 0.750000
vt 0.416366 0.781250
vt 0.414643 0.781250
vt 0.414643 0.750000
vt 0.583634 0.750000
vt 0.583634 0.750000
vt 0.585357 0.750000
vt 0.416366 0.750000
vt 0.414643 0.750000
vt 0.499613 0.750000
vt 0.491001 0.750000
vt 0.494572 0.750000
vt 0.500000 0.851910
vt 0.583634 0.851909
vt 0.585357 0.852871
vt 0.500000 0.852871
vt 0.416366 0.812500
vt 0.414643 0.812500
vt 0.416366 0.851909
vt 0.414643 0.852871
vt 0.000000 0.000000
vt 0.375000 0.937500
vt 0.375000 0.906250
vt 0.375000 0.875000
vt 0.375000 0.937500
vt 0.375000 0.937500
vt 0.375000 0.937500
vt 0.375000 0.937500
vt 0.187500 0.468750
vt 0.187500 0.468750
vt 0.375000 0.937500
vt 0.437500 0.890625
vt 0.437500 0.890625
vt 0.406250 0.890625
vt 0.375000 0.859375
vt 0.375000 0.843750
vt 0.281250 0.703125
vt 0.281250 0.703125
vt 0.234375 0.585938
vt 0.093750 0.234375
vt 0.231358 0.578395
vt 0.187500 0.468750
vt 0.187500 0.468750
vt 0.087716 0.219290
vt 0.375000 0.937500
vt 0.187500 0.468750
vt 0.375000 0.890625
vt 0.187500 0.468750
vt 0.187500 0.375000
vt 0.375000 0.843750
vt 0.625000 0.875000
vt 0.500000 0.937500
vt 0.500000 0.906250
vt 0.437500 0.843750
vt 0.500000 0.843750
vt 0.500000 0.843750
vt 0.531250 0.820312
vt 0.500000 0.859375
vt 0.437500 0.890625
vt 0.500000 0.843750
vt 0.375000 0.937500
vt 0.375000 0.937500
vt 0.375000 0.937500
vt 0.375000 0.937500
vt 0.375000 0.937500
vt 0.375000 0.937500
vt 0.375000 0.937500
vt 0.375000 0.937500
vt 0.375000 0.937500
vt 0.375000 0.937500
vt 0.375000 0.937500
vt 0.125000 0.312500
vt 0.125000 0.312500
vt 0.312500 0.781250
vt 0.312500 0.781250
vt 0.250000 0.625000
vt 0.250000 0.625000
vt 0.312500 0.781250
vt 0.250000 0.625000
vt 0.343750 0.859375
vt 0.352399 0.880996
vt 0.329797 0.824493
vt 0.164899 0.412247
vt 0.176199 0.440498
vt 0.375000 0.937500
vt 0.562500 0.796875
vt 0.437500 0.890625
vt 0.343750 0.859375
vt 0.187462 0.468654
vt 0.187457 0.468643
vt 0.364230 0.910575
vt 0.364202 0.910506
vt 0.343750 0.859375
vt 0.500000 0.843750
vt 0.625000 0.812500
vt 0.625000 0.875000
vt 0.500000 0.851426
vt 0.417231 0.851426
vt 0.582769 0.812500
vt 0.582769 0.851426
vt 0.582769 0.750000
vt 0.582769 0.781250
vt 0.417231 0.812500
vt 0.417231 0.750000
vt 0.417231 0.750000
vt 0.417231 0.781250
vt 0.582769 0.750000
vt 0.488858 0.750000
vt 0.417231 0.750000
vt 0.605178 0.781250
vt 0.605178 0.812500
vt 0.394822 0.781250
vt 0.394822 0.750000
vt 0.605178 0.750000
vt 0.605178 0.750000
vt 0.394822 0.750000
vt 0.394822 0.750000
vt 0.494878 0.750000
vt 0.500000 0.750000
vt 0.605178 0.863935
vt 0.500000 0.863935
vt 0.394822 0.812500
vt 0.394822 0.863935
vt 0.187500 0.468750
vt 0.010685 0.026711
vt 0.281250 0.703125
vt 0.008013 0.020034
vt 0.008041 0.020103
vt 0.005361 0.013402
vt 0.005342 0.013356
vt 0.140625 0.351563
vt 0.093750 0.234375
vt 0.046875 0.117187
vt 0.010721 0.026803
s 1
f 22/1/1 11/2/2 42/2/3 34/1/4
f 19/3/5 9/4/6 10/5/7 15/6/8
f 28/7/9 27/7/10 41/7/11 43/7/12
f 20/8/13 22/1/1 34/1/4 33/8/14
f 29/9/15 28/7/9 43/7/12 44/9/16
f 91/10/17 20/8/13 33/8/14 95/10/18
f 25/11/19 26/11/20 40/11/21 39/11/22
f 7/12/23 19/3/5 15/6/8 8/13/24
f 27/7/10 23/7/25 37/7/26 41/7/11
f 26/11/20 30/14/27 45/14/28 40/11/21
f 592/15/29 583/16/30 19/3/5 7/12/23
f 593/17/31 584/18/32 3/19/33 9/4/6
f 591/20/34 585/21/35 6/22/36 93/23/37
f 594/24/38 592/15/29 7/12/23 4/25/39
f 595/26/40 586/27/41 5/28/42 12/28/43
f 590/29/44 594/24/38 4/25/39 94/30/45
f 583/16/30 593/17/31 9/4/6 19/3/5
f 585/21/35 587/21/46 2/22/47 6/22/36
f 596/31/48 588/32/49 16/9/50 17/22/51
f 588/32/49 597/33/52 16/9/50
f 589/26/53 595/26/40 12/28/43 18/28/54
f 587/21/46 596/31/48 17/22/51 2/22/47
f 41/7/11 37/7/26 49/7/55 53/7/56
f 43/7/12 41/7/11 53/7/56 55/7/57
f 39/11/22 40/11/21 52/11/58 51/11/59
f 44/9/16 43/7/12 55/7/57 56/9/60
f 33/8/14 34/1/4 46/1/61 1/8/62
f 38/34/63 36/35/64 48/35/65 50/34/66
f 34/1/4 42/2/3 54/2/67 46/1/61
f 96/36/68 39/11/22 51/11/59 98/37/69
f 21/34/70 24/35/71 36/35/64 38/34/63
f 30/14/27 567/38/72 44/9/16 45/14/28
f 11/2/2 21/34/70 38/34/63 42/2/3
f 92/37/73 25/11/19 39/11/22 96/36/68
f 70/39/74 88/39/75 65/7/76 67/7/77
f 82/14/78 83/14/79 64/11/80 63/11/81
f 47/9/82 70/39/74 67/7/77 68/9/83
f 71/8/84 75/40/85 58/1/86 31/8/87
f 73/41/88 79/42/89 60/35/90 62/34/91
f 75/40/85 78/43/92 66/2/93 58/1/86
f 105/44/94 82/14/78 63/11/81 100/45/95
f 83/14/79 86/14/96 69/14/97 64/11/80
f 45/14/28 44/9/16 56/9/60 57/14/98
f 42/2/3 38/34/63 50/34/66 54/2/67
f 95/10/18 33/8/14 1/8/62 97/10/99
f 40/11/21 45/14/28 57/14/98 52/11/58
f 35/9/100 63/11/81 64/11/80 32/9/101
f 101/46/102 99/47/103 31/8/87 59/48/104
f 61/7/105 35/9/100 32/9/101 65/7/76
f 60/35/90 59/48/104 66/2/93 62/34/91
f 59/48/104 31/8/87 58/1/86 66/2/93
f 100/45/95 101/46/102 59/48/104 60/35/90
f 32/9/101 64/11/80 69/14/97 68/9/83
f 65/7/76 32/9/101 68/9/83 67/7/77
f 88/39/75 90/39/106 61/7/105 65/7/76
f 86/14/96 47/9/82 68/9/83 69/14/97
f 78/43/92 73/41/88 62/34/91 66/2/93
f 103/49/107 71/8/84 31/8/87 99/47/103
f 97/10/99 1/8/62 72/50/108 102/51/109
f 102/51/109 72/50/108 71/8/84 103/49/107
f 54/2/67 50/34/66 74/52/110 77/43/111
f 77/43/111 74/52/110 73/41/88 78/43/92
f 57/14/98 56/9/60 14/9/112 85/53/113
f 85/53/113 14/9/112 47/9/82 86/14/96
f 53/7/56 49/7/55 89/39/114 87/39/115
f 87/39/115 89/39/114 90/39/106 88/39/75
f 52/11/58 57/14/98 85/53/113 84/14/116
f 84/14/116 85/53/113 86/14/96 83/14/79
f 98/37/69 51/11/59 81/14/117 104/54/118
f 104/54/118 81/14/117 82/14/78 105/44/94
f 46/1/61 54/2/67 77/43/111 76/40/119
f 76/40/119 77/43/111 78/43/92 75/40/85
f 50/34/66 48/35/65 80/55/120 74/52/110
f 74/52/110 80/55/120 79/42/89 73/41/88
f 1/8/62 46/1/61 76/40/119 72/50/108
f 72/50/108 76/40/119 75/40/85 71/8/84
f 56/9/60 55/7/57 13/39/121 14/9/112
f 14/9/112 13/39/121 70/39/74 47/9/82
f 51/11/59 52/11/58 84/14/116 81/14/117
f 81/14/117 84/14/116 83/14/79 82/14/78
f 55/7/57 53/7/56 87/39/115 13/39/121
f 13/39/121 87/39/115 88/39/75 70/39/74
f 80/55/120 104/54/118 105/44/94 79/42/89
f 48/35/65 98/37/69 104/54/118 80/55/120
f 89/39/114 102/51/109 103/49/107 90/39/106
f 49/7/55 97/10/99 102/51/109 89/39/114
f 90/39/106 103/49/107 99/47/103 61/7/105
f 63/11/81 35/9/100 101/46/102 100/45/95
f 35/9/100 61/7/105 99/47/103 101/46/102
f 37/7/26 95/10/18 97/10/99 49/7/55
f 79/42/89 105/44/94 100/45/95 60/35/90
f 24/35/71 92/37/73 96/36/68 36/35/64
f 36/35/64 96/36/68 98/37/69 48/35/65
f 586/27/41 590/29/44 94/30/45 5/28/42
f 584/18/32 591/20/34 93/23/37 3/19/33
f 23/7/25 91/10/17 95/10/18 37/7/26
f 4/25/39 7/12/23 111/12/122 108/25/123
f 2/22/47 17/22/51 117/22/124 106/22/125
f 12/28/43 5/28/42 109/28/126 115/28/127
f 5/28/42 94/30/45 120/30/128 109/28/126
f 93/23/37 6/22/36 110/22/129 119/23/130
f 94/30/45 4/25/39 108/25/123 120/30/128
f 10/5/7 9/4/6 113/4/131 114/5/132
f 6/22/36 2/22/47 106/22/125 110/22/129
f 17/22/51 16/9/50 116/9/133 117/22/124
f 9/4/6 3/19/33 107/19/134 113/4/131
f 16/9/50 18/28/54 118/28/135 116/9/133
f 3/19/33 93/23/37 119/23/130 107/19/134
f 7/12/23 8/13/24 112/13/136 111/12/122
f 18/28/54 12/28/43 115/28/127 118/28/135
f 569/56/137 576/57/138 134/58/139 124/59/140
f 571/60/141 575/61/142 133/62/143 128/63/144
f 572/64/145 581/65/146 130/66/147 129/66/148
f 574/67/149 580/60/150 127/63/151 132/68/152
f 573/69/153 582/70/154 566/71/155 131/9/156
f 581/65/146 573/69/153 131/9/156 130/66/147
f 570/64/157 572/64/145 129/66/148 125/66/158
f 568/72/159 578/73/160 123/74/161 122/75/162
f 575/61/142 579/76/163 126/77/164 133/62/143
f 580/60/150 571/60/141 128/63/144 127/63/151
f 579/76/163 577/78/165 121/79/166 126/77/164
f 576/57/138 570/64/157 125/66/158 134/58/139
f 578/73/160 569/56/137 124/59/140 123/74/161
f 577/78/165 568/72/159 122/75/162 121/79/166
f 10/5/7 114/5/132 135/80/167 136/80/168
f 8/13/24 15/6/8 138/6/169 137/13/170
f 15/6/8 10/5/7 136/80/168 138/6/169
f 112/13/136 8/13/24 137/13/170 139/80/171
f 110/22/129 106/22/125 140/22/172 144/22/173
f 114/5/132 113/4/131 147/4/174 148/5/175
f 117/22/124 116/9/133 150/9/176 151/22/177
f 111/12/122 112/13/136 146/13/178 145/12/179
f 116/9/133 118/28/135 152/28/180 150/9/176
f 113/4/131 107/19/134 141/19/181 147/4/174
f 118/28/135 115/28/127 149/28/182 152/28/180
f 107/19/134 119/23/130 153/23/183 141/19/181
f 106/22/125 117/22/124 151/22/177 140/22/172
f 108/25/123 111/12/122 145/12/179 142/25/184
f 119/23/130 110/22/129 144/22/173 153/23/183
f 112/13/136 139/80/171 156/80/185 146/13/178
f 115/28/127 109/28/126 143/28/186 149/28/182
f 135/80/167 114/5/132 148/5/175 155/80/187
f 120/30/128 108/25/123 142/25/184 154/30/188
f 109/28/126 120/30/128 154/30/188 143/28/186
f 178/13/189 177/80/190 158/80/191 157/13/192
f 341/81/193 342/80/194 159/80/195 160/13/196
f 344/82/197 174/13/198 162/13/199 343/83/200
f 221/13/201 201/84/202 163/13/203 180/85/204
f 180/85/204 163/13/203 165/13/205 181/86/206
f 263/85/207 261/85/208 167/13/209 182/13/210
f 185/85/211 175/87/212 169/13/213 183/13/214
f 157/13/192 158/80/191 172/80/215 171/13/216
f 178/13/189 157/13/192 173/13/217 184/13/218
f 182/13/210 167/13/209 175/87/212 185/85/211
f 168/13/219 182/13/210 185/85/211 176/13/220
f 160/13/196 178/13/189 184/13/218 174/13/198
f 176/13/220 185/85/211 183/13/214 170/13/221
f 262/13/222 263/85/207 182/13/210 168/13/219
f 164/13/223 180/85/204 181/86/206 166/13/224
f 220/13/225 221/13/201 180/85/204 164/13/223
f 184/13/218 173/13/217 161/13/226 179/13/227
f 160/13/196 159/80/195 177/80/190 178/13/189
s 0
f 202/80/228 204/80/229 190/80/230 196/80/231
s 1
f 171/13/216 186/80/232 173/13/217 157/13/192
s 0
f 193/80/233 173/13/234 186/80/232 191/80/235
f 203/80/236 202/80/228 196/80/237 189/80/238
f 186/80/232 207/80/239 198/80/240 191/80/241
s 1
f 209/80/242 207/80/243 186/80/232 171/13/216
s 0
f 213/80/244 259/80/245 192/80/246 211/80/247
f 274/80/248 205/80/249 192/80/250 276/80/251
s 1
f 172/80/215 200/80/252 209/80/242 171/13/216
s 0
f 801/80/253 799/80/254 216/80/255 280/80/256
f 794/80/257 795/80/258 212/80/259 218/80/260
f 277/80/261 199/80/262 209/80/263 275/80/264
f 205/80/265 206/80/266 187/80/267 192/80/268
f 206/80/269 195/80/270 208/80/271 187/80/267
f 197/80/272 210/80/273 198/80/240 207/80/274
f 199/80/275 197/80/276 207/80/277 209/80/263
f 279/80/278 281/80/279 218/80/280 212/80/259
f 194/80/281 211/80/282 203/80/236 189/80/238
f 187/80/267 203/80/283 211/80/284 192/80/246
f 796/80/285 797/80/286 219/80/287 215/80/288
f 279/80/289 212/80/259 214/80/290 280/80/291
f 208/80/292 188/80/293 204/80/229 202/80/294
f 187/80/267 208/80/271 202/80/295 203/80/296
f 193/80/233 191/80/241 198/80/297 222/80/298
f 276/80/299 287/80/300 222/80/298 198/80/301
f 800/80/302 794/80/303 218/80/260 281/80/279
f 799/80/304 796/80/305 215/80/306 216/80/307
s 1
f 162/13/199 179/13/227 221/13/201 220/13/225
f 179/13/227 161/13/226 201/84/202 221/13/201
f 341/81/193 160/13/196 174/13/198 344/82/197
s 0
f 161/13/308 173/13/309 193/80/233 222/80/298
f 196/80/237 190/80/230 223/80/310 228/80/311
f 189/80/312 196/80/237 228/80/311 229/80/313
f 194/80/281 189/80/238 229/80/313 224/80/314
s 1
f 256/88/315 255/89/316 231/80/317 227/80/318
f 255/89/316 257/89/319 230/80/320 231/80/317
f 232/13/321 325/13/322 326/13/323 168/13/219
f 235/13/324 236/13/325 321/90/326 320/13/327
f 233/13/328 234/13/329 176/13/220 170/13/221
f 244/13/330 243/13/331 358/13/332 356/13/333
f 336/13/334 335/87/335 240/13/336 239/13/337
f 694/80/338 692/80/339 491/80/340 487/80/341
f 242/13/342 241/13/343 243/13/331 244/13/330
f 755/91/344 244/13/330 356/13/333 764/92/345
f 752/93/346 242/13/342 244/13/330 755/91/344
f 343/83/200 162/13/199 220/13/225 348/94/347
f 348/94/347 220/13/225 164/13/223 349/95/348
s 0
f 224/80/314 246/80/349 247/80/350 225/80/351
s 1
f 231/80/317 230/80/320 252/80/352 253/80/353
s 0
f 228/80/311 223/80/354 245/80/355 250/80/356
f 225/80/357 247/80/358 248/80/359 226/80/360
f 229/80/361 228/80/311 250/80/362 251/80/363
s 1
f 227/80/318 231/80/317 253/80/353 249/80/364
s 0
f 226/80/365 248/80/366 252/80/367 230/80/320
f 224/80/314 229/80/368 251/80/369 246/80/370
s 1
f 283/96/371 285/97/372 257/89/319 255/89/316
f 284/97/373 283/96/371 255/89/316 256/88/315
f 290/98/374 264/99/375 257/89/319 285/97/372
f 278/100/376 161/13/226 222/80/377 287/80/378
f 286/89/379 288/101/380 260/80/381 258/80/382
s 0
f 275/80/383 209/80/384 200/80/385 282/80/386
s 1
f 289/102/387 201/84/202 161/13/226 278/100/376
f 288/101/380 289/102/387 217/80/388 260/80/381
f 213/80/244 211/80/282 194/80/281 217/80/388
f 260/80/381 217/80/388 194/80/281 224/80/314
s 0
f 225/80/351 258/80/382 260/80/381 224/80/389
s 1
f 286/89/379 258/80/382 264/99/375 290/98/374
f 166/13/224 181/86/206 263/85/207 262/13/222
f 181/86/206 165/13/205 261/85/208 263/85/207
s 0
f 225/80/351 226/80/390 264/99/375 258/80/382
f 226/80/365 230/80/391 257/89/392 264/99/375
f 375/80/393 371/80/394 268/80/395 272/80/396
f 376/80/397 372/80/398 265/80/399 270/80/400
s 1
f 377/80/401 373/80/402 273/80/403 269/80/404
s 0
f 378/80/405 374/80/406 266/80/407 267/80/408
s 1
f 373/80/402 375/80/409 272/80/396 273/80/403
s 0
f 379/80/410 376/80/397 270/80/400 271/80/411
f 374/80/412 379/80/410 271/80/411 266/80/413
f 371/80/394 378/80/405 267/80/414 268/80/415
s 1
f 165/13/205 286/89/379 290/98/374 261/85/208
f 163/13/203 201/84/202 289/102/387 288/101/380
f 217/80/388 289/102/387 278/100/376 213/103/244
s 0
f 208/80/271 275/80/416 282/80/417 188/80/293
s 1
f 165/13/205 163/13/203 288/101/380 286/89/379
f 213/103/244 278/100/376 287/80/378 259/80/245
f 261/85/208 290/98/374 285/97/372 167/13/209
f 169/13/213 175/87/212 283/96/371 284/97/373
f 175/87/212 167/13/209 285/97/372 283/96/371
s 0
f 192/80/268 259/80/418 287/80/419 276/80/251
f 215/80/420 279/80/289 280/80/421 216/80/307
f 795/80/258 798/80/422 214/80/423 212/80/424
f 215/80/425 219/80/426 281/80/427 279/80/428
f 195/80/429 277/80/261 275/80/264 208/80/271
f 210/80/273 274/80/430 276/80/431 198/80/240
f 797/80/432 800/80/302 281/80/279 219/80/426
f 270/80/400 265/80/433 291/80/434 296/80/435
s 1
f 269/80/404 273/80/403 299/80/436 295/80/437
s 0
f 267/80/414 266/80/407 292/80/438 293/80/439
s 1
f 273/80/403 272/80/396 298/80/440 299/80/436
s 0
f 271/80/441 270/80/442 296/80/443 297/80/444
f 266/80/407 271/80/441 297/80/445 292/80/446
f 268/80/395 267/80/414 293/80/439 294/80/447
f 272/80/448 268/80/395 294/80/447 298/80/449
s 1
f 310/80/450 309/80/451 307/80/452 308/80/453
s 0
f 312/80/454 311/80/455 305/80/456 306/80/457
f 313/80/458 312/80/454 306/80/457 301/80/459
f 315/80/460 314/80/461 302/80/462 303/80/463
f 309/80/451 315/80/464 303/80/465 307/80/466
f 311/80/467 316/80/468 300/80/469 305/80/470
s 1
f 317/80/471 310/80/450 308/80/453 304/80/472
s 0
f 314/80/473 313/80/474 301/80/475 302/80/476
f 293/80/477 292/80/478 313/80/474 314/80/479
s 1
f 295/80/437 299/80/436 310/80/450 317/80/471
s 0
f 296/80/480 291/80/481 316/80/468 311/80/482
f 298/80/440 294/80/483 315/80/484 309/80/485
f 294/80/486 293/80/477 314/80/479 315/80/484
f 292/80/446 297/80/487 312/80/488 313/80/489
f 297/80/444 296/80/443 311/80/455 312/80/454
s 1
f 299/80/436 298/80/440 309/80/451 310/80/450
f 176/13/220 234/13/329 232/13/321 168/13/219
f 326/13/323 325/13/322 680/13/490 682/13/491
f 326/13/323 682/13/491 681/84/492 327/104/493
f 327/104/493 681/84/492 678/13/494 328/13/495
f 793/105/496 727/80/497 463/80/498 785/88/499
f 769/106/500 509/13/501 242/13/342 752/93/346
f 262/13/222 327/104/493 328/13/495 166/13/224
f 168/13/219 326/13/323 327/104/493 262/13/222
f 769/106/500 756/97/502 323/13/503 509/13/501
f 166/13/224 328/13/495 324/80/504 164/13/223
f 757/13/505 756/97/502 679/107/506 678/13/494
f 351/108/507 324/80/504 679/107/506 350/109/508
f 349/95/348 164/13/223 324/80/504 351/108/507
f 710/110/509 696/19/510 329/19/511 331/4/512
f 713/5/513 710/110/509 331/4/512 332/5/514
f 696/19/510 697/23/515 333/23/516 329/19/511
f 697/23/515 698/22/517 330/22/518 333/23/516
f 143/28/186 349/95/348 351/108/507 149/28/182
f 699/80/519 713/5/513 332/5/514 334/80/520
f 337/13/521 338/87/522 335/87/335 336/13/334
f 753/89/523 334/80/520 332/5/514 759/111/524
f 339/13/525 340/81/526 338/87/522 337/13/521
f 760/112/527 337/13/521 336/13/334 759/111/524
f 352/85/528 355/81/529 340/81/526 339/13/525
f 761/3/530 339/13/525 337/13/521 760/112/527
f 149/28/182 351/108/507 350/109/508 152/28/180
f 152/28/180 350/109/508 345/113/531 150/9/176
f 154/30/188 348/94/347 349/95/348 143/28/186
f 142/25/184 343/83/200 348/94/347 154/30/188
f 150/9/176 345/113/531 347/114/532 151/22/177
f 151/22/177 347/114/532 357/115/533 140/22/172
f 146/13/178 341/81/193 344/82/197 145/12/179
f 145/12/179 344/82/197 343/83/200 142/25/184
f 146/13/178 156/80/185 342/80/194 341/81/193
f 700/116/534 346/115/535 330/22/518 698/22/517
f 237/13/536 238/13/537 354/81/538 353/13/539
f 353/13/539 354/81/538 355/81/529 352/85/528
f 762/117/540 352/85/528 339/13/525 761/3/530
f 763/115/541 353/13/539 352/85/528 762/117/540
f 754/92/542 763/115/541 330/22/518 346/115/535
f 775/118/543 709/13/544 361/13/545 765/92/546
f 709/13/544 701/81/547 359/13/548 361/13/545
f 700/116/534 702/119/549 360/115/550 346/115/535
f 765/92/546 361/13/545 237/13/536 754/92/542
f 361/13/545 359/13/548 238/13/537 237/13/536
s 0
f 248/80/359 247/80/350 369/80/551 362/80/552
f 246/80/553 251/80/363 370/80/554 368/80/555
f 251/80/363 250/80/362 365/80/556 370/80/557
s 1
f 253/80/353 252/80/352 363/80/558 366/80/559
s 0
f 247/80/350 246/80/370 368/80/560 369/80/561
s 1
f 249/80/364 253/80/353 366/80/559 367/80/562
s 0
f 250/80/362 245/80/355 364/80/563 365/80/556
f 252/80/352 248/80/564 362/80/565 363/80/566
f 546/80/567 544/80/568 378/80/405 371/80/569
f 549/80/570 545/80/571 379/80/572 374/80/573
f 545/80/571 542/80/574 376/80/575 379/80/410
s 1
f 548/80/576 541/80/577 375/80/409 373/80/402
s 0
f 544/80/578 549/80/570 374/80/412 378/80/405
s 1
f 543/80/579 548/80/576 373/80/402 377/80/401
s 0
f 542/80/574 547/80/580 372/80/398 376/80/575
f 541/80/577 546/80/581 371/80/394 375/80/393
s 1
f 412/104/582 415/104/583 380/13/584 385/81/585
f 415/104/583 417/13/586 387/13/587 380/13/584
f 418/87/588 421/104/589 383/87/590 382/87/591
f 422/120/592 425/121/593 386/81/594 384/81/595
f 426/84/596 418/87/588 382/87/591 381/13/597
f 421/104/589 422/120/592 384/81/595 383/87/590
f 425/121/593 412/104/582 385/81/585 386/81/594
f 471/104/598 466/121/599 393/81/600 394/81/601
f 473/104/602 471/104/598 394/81/601 392/81/603
f 475/104/604 468/104/605 391/87/606 390/87/607
f 477/84/608 470/13/609 395/13/610 388/13/611
f 466/121/599 477/84/608 388/13/611 393/81/600
f 468/104/605 473/104/602 392/81/603 391/87/606
f 479/122/612 475/104/604 390/87/607 389/13/613
f 440/123/614 438/122/615 399/87/616 403/122/617
f 434/121/618 437/124/619 398/104/620 400/81/621
f 433/13/622 439/13/623 401/125/624 397/13/625
f 439/13/623 435/13/626 402/125/627 401/125/624
f 438/122/615 434/121/618 400/81/621 399/87/616
f 437/124/619 436/13/628 396/13/629 398/104/620
f 436/13/628 433/13/622 397/13/625 396/13/629
f 495/126/630 482/13/631 409/13/632 404/13/633
f 494/120/634 495/126/630 404/13/633 405/127/635
f 485/128/636 481/120/637 410/121/638 406/122/639
f 484/13/640 512/13/641 411/13/642 407/13/643
f 482/13/631 484/13/640 407/13/643 409/13/632
f 481/120/637 494/120/634 405/127/635 410/121/638
f 483/13/644 485/128/636 406/122/639 408/84/645
f 355/81/529 354/81/538 413/87/646 424/125/647
f 535/129/648 529/104/649 412/104/582 425/121/593
f 338/87/522 340/81/526 423/81/650 420/120/651
f 533/130/652 534/121/653 422/120/592 421/104/589
f 240/13/336 335/87/335 419/104/654 427/13/655
f 536/13/656 532/130/657 418/87/588 426/84/596
f 340/81/526 355/81/529 424/125/647 423/81/650
f 534/121/653 535/129/648 425/121/593 422/120/592
f 335/87/335 338/87/522 420/120/651 419/104/654
f 532/130/657 533/130/652 421/104/589 418/87/588
f 238/13/537 359/13/548 416/84/658 414/84/659
f 530/104/660 531/13/661 417/13/586 415/104/583
f 354/81/538 238/13/537 414/84/659 413/87/646
f 529/104/649 530/104/660 415/104/583 412/104/582
f 539/131/662 430/132/663 428/80/664 537/80/665
f 540/133/666 513/134/667 429/135/668 538/136/669
f 538/136/669 429/135/668 430/132/663 539/131/662
f 514/137/670 431/138/671 411/13/642 512/13/641
f 404/13/633 409/13/632 433/13/622 436/13/628
f 405/127/635 404/13/633 436/13/628 437/124/619
f 406/122/639 410/121/638 434/121/618 438/122/615
f 407/13/643 411/13/642 435/13/626 439/13/623
f 409/13/632 407/13/643 439/13/623 433/13/622
f 410/121/638 405/127/635 437/124/619 434/121/618
f 408/84/645 406/122/639 438/122/615 440/123/614
f 432/132/672 435/13/626 411/13/642 431/138/671
f 701/81/547 708/139/673 416/84/658 359/13/548
f 243/13/331 430/132/663 429/135/668 358/13/332
f 241/13/343 428/80/664 430/132/663 243/13/331
f 402/125/627 435/13/626 432/132/672 598/80/674
f 322/13/675 441/80/676 675/80/677 674/13/678
f 319/13/679 442/80/680 441/80/676 322/13/675
f 321/90/326 443/80/681 442/80/680 319/13/679
f 236/13/325 444/80/682 443/80/681 321/90/326
f 325/13/322 232/13/321 254/13/683 449/13/684
f 234/13/329 233/13/328 447/13/685 448/13/686
f 232/13/321 234/13/329 448/13/686 254/13/683
f 448/13/686 447/13/685 454/13/687 456/13/688
f 448/13/686 456/13/688 457/13/689 254/13/683
f 461/140/690 446/141/691 449/13/684 455/13/692
f 455/13/692 452/13/693 451/13/694 461/140/690
f 456/13/688 454/13/687 453/13/695 452/13/693
f 455/13/692 457/13/689 456/13/688 452/13/693
f 254/13/683 457/13/689 455/13/692 449/13/684
f 450/13/696 451/13/694 452/13/693 453/13/695
f 486/80/697 444/80/682 462/80/698 676/80/699
f 789/88/700 486/80/697 676/80/699 791/89/701
f 766/142/702 771/143/703 462/80/698 444/80/682
f 751/13/704 680/13/490 446/141/691 766/142/702
f 469/13/705 402/125/627 598/80/674 599/80/706
f 786/88/707 790/89/708 600/80/709 464/80/710
f 470/13/609 784/80/711 600/80/709 790/89/708
f 403/122/617 399/87/616 476/122/712 480/122/713
f 480/122/713 476/122/712 475/104/604 479/122/612
f 400/81/621 398/104/620 474/144/714 467/13/715
f 467/13/715 474/144/714 473/104/602 468/104/605
f 397/13/625 401/125/624 478/13/716 465/13/717
f 465/13/717 478/13/716 477/84/608 466/121/599
f 401/125/624 402/125/627 469/13/705 478/13/716
f 478/13/716 469/13/705 470/13/609 477/84/608
f 399/87/616 400/81/621 467/13/715 476/122/712
f 476/122/712 467/13/715 468/104/605 475/104/604
f 398/104/620 396/13/629 472/104/718 474/144/714
f 474/144/714 472/104/718 471/104/598 473/104/602
f 396/13/629 397/13/625 465/13/717 472/104/718
f 472/104/718 465/13/717 466/121/599 471/104/598
f 443/80/681 464/80/710 600/80/709 442/80/680
f 155/80/187 148/5/175 506/5/719 501/80/720
f 356/13/333 358/13/332 497/13/721 498/87/722
f 140/22/172 499/145/723 502/22/724 144/22/173
f 764/92/345 356/13/333 498/87/722 768/146/725
f 153/23/183 144/22/173 502/22/724 503/23/726
f 389/13/613 390/87/607 500/87/727 511/13/728
f 716/147/729 708/139/673 513/134/667 540/133/666
f 707/13/730 705/104/731 485/128/636 483/13/644
f 715/144/732 704/121/733 494/120/634 481/120/637
f 392/81/603 394/81/601 504/81/734 505/121/735
f 358/13/332 429/135/668 513/134/667 497/13/721
f 464/80/710 443/80/681 444/80/682 486/80/697
f 388/13/611 395/13/610 489/13/736 490/13/737
f 691/148/738 690/149/739 685/150/740 684/151/741
f 391/87/606 392/81/603 505/121/735 493/81/742
f 703/87/743 712/13/744 482/13/631 495/126/630
f 705/104/731 715/144/732 481/120/637 485/128/636
f 712/13/744 706/13/745 484/13/640 482/13/631
f 394/81/601 393/81/600 492/104/746 504/81/734
f 714/152/747 514/137/670 512/13/641 711/104/748
f 390/87/607 391/87/606 493/81/742 500/87/727
f 140/22/172 357/115/533 496/153/749 499/145/723
f 704/121/733 703/87/743 495/126/630 494/120/634
f 706/13/745 711/104/748 512/13/641 484/13/640
f 393/81/600 388/13/611 490/13/737 492/104/746
f 786/88/707 464/80/710 486/80/697 789/88/700
s 0
f 655/80/750 675/80/751 441/80/752 656/80/753
s 1
f 141/19/181 153/23/183 503/23/726 508/154/754
f 148/5/175 147/4/174 507/155/755 506/5/719
f 147/4/174 141/19/181 508/154/754 507/155/755
f 21/34/70 11/2/2 520/156/756 515/157/757
f 22/1/1 20/8/13 521/158/758 516/159/759
f 91/10/17 23/7/25 522/160/760 528/161/761
f 24/35/71 21/34/70 515/157/757 517/162/762
f 26/11/20 25/11/19 523/163/763 518/164/764
f 92/37/73 24/35/71 517/162/762 527/165/765
f 11/2/2 22/1/1 516/159/759 520/156/756
f 23/7/25 27/7/10 524/166/766 522/160/760
f 28/7/9 29/9/15 525/9/767 519/160/768
f 29/9/15 567/38/72 564/167/769 525/9/767
f 30/14/27 26/11/20 518/164/764 526/168/770
f 27/7/10 28/7/9 519/160/768 524/166/766
f 25/11/19 92/37/73 527/165/765 523/163/763
f 20/8/13 91/10/17 528/161/761 521/158/758
f 714/152/747 716/147/729 540/133/666 514/137/670
f 431/138/671 538/136/669 539/131/662 432/132/672
f 514/137/670 540/133/666 538/136/669 431/138/671
f 432/132/672 539/131/662 537/80/665 598/80/674
f 413/87/646 414/84/659 530/104/660 529/104/649
f 414/84/659 416/84/658 531/13/661 530/104/660
f 419/104/654 420/120/651 533/130/652 532/130/657
f 423/81/650 424/125/647 535/129/648 534/121/653
f 427/13/655 419/104/654 532/130/657 536/13/656
f 420/120/651 423/81/650 534/121/653 533/130/652
f 424/125/647 413/87/646 529/104/649 535/129/648
s 0
f 363/80/558 362/80/771 546/80/772 541/80/773
f 365/80/556 364/80/563 547/80/774 542/80/574
s 1
f 367/80/562 366/80/559 548/80/576 543/80/579
s 0
f 369/80/775 368/80/560 549/80/570 544/80/776
s 1
f 366/80/559 363/80/558 541/80/577 548/80/576
s 0
f 370/80/557 365/80/556 542/80/777 545/80/778
f 368/80/560 370/80/557 545/80/571 549/80/779
f 362/80/552 369/80/780 544/80/781 546/80/567
s 1
f 124/59/140 134/58/139 558/169/782 551/170/783
f 128/63/144 133/62/143 557/171/784 553/172/785
f 129/66/148 130/66/147 563/173/786 554/174/787
f 132/68/152 127/63/151 562/175/788 556/176/789
f 131/9/156 566/71/155 565/177/790 555/178/791
f 130/66/147 131/9/156 555/178/791 563/173/786
f 125/66/158 129/66/148 554/174/787 552/173/792
f 122/75/162 123/74/161 560/179/793 550/180/794
f 133/62/143 126/77/164 561/181/795 557/171/784
f 127/63/151 128/63/144 553/172/785 562/175/788
f 126/77/164 121/79/166 559/182/796 561/181/795
f 134/58/139 125/66/158 552/173/792 558/169/782
f 123/74/161 124/59/140 551/170/783 560/179/793
f 121/79/166 122/75/162 550/180/794 559/182/796
f 582/70/154 564/167/769 526/168/770 574/67/149
f 564/167/769 567/38/72 30/14/27 526/168/770
f 597/33/52 565/177/790 556/176/789 589/26/53
f 565/177/790 566/71/155 132/68/152 556/176/789
f 566/71/155 582/70/154 574/67/149 132/68/152
f 515/157/757 520/156/756 568/72/159 577/78/165
f 516/159/759 521/158/758 569/56/137 578/73/160
f 528/161/761 522/160/760 570/64/157 576/57/138
f 517/162/762 515/157/757 577/78/165 579/76/163
f 518/164/764 523/163/763 571/60/141 580/60/150
f 527/165/765 517/162/762 579/76/163 575/61/142
f 520/156/756 516/159/759 578/73/160 568/72/159
f 522/160/760 524/166/766 572/64/145 570/64/157
f 519/160/768 525/9/767 573/69/153 581/65/146
f 525/9/767 564/167/769 582/70/154 573/69/153
f 526/168/770 518/164/764 580/60/150 574/67/149
f 524/166/766 519/160/768 581/65/146 572/64/145
f 523/163/763 527/165/765 575/61/142 571/60/141
f 521/158/758 528/161/761 576/57/138 569/56/137
f 16/9/50 597/33/52 589/26/53 18/28/54
f 551/170/783 558/169/782 591/20/34 584/18/32
f 553/172/785 557/171/784 590/29/44 586/27/41
f 554/174/787 563/173/786 596/31/48 587/21/46
f 556/176/789 562/175/788 595/26/40 589/26/53
f 555/178/791 565/177/790 597/33/52 588/32/49
f 563/173/786 555/178/791 588/32/49 596/31/48
f 552/173/792 554/174/787 587/21/46 585/21/35
f 550/180/794 560/179/793 593/17/31 583/16/30
f 557/171/784 561/181/795 594/24/38 590/29/44
f 562/175/788 553/172/785 586/27/41 595/26/40
f 561/181/795 559/182/796 592/15/29 594/24/38
f 558/169/782 552/173/792 585/21/35 591/20/34
f 560/179/793 551/170/783 584/18/32 593/17/31
f 559/182/796 550/180/794 583/16/30 592/15/29
s 0
f 599/80/797 598/80/798 601/80/799 603/80/800
f 537/80/801 428/80/802 645/80/803 605/80/804
f 600/80/709 784/80/805 783/80/806 604/80/807
s 1
f 791/89/701 676/80/699 673/80/808 787/183/809
s 0
f 598/80/810 537/80/665 605/80/811 601/80/799
f 442/80/812 600/80/813 604/80/814
f 442/80/815 604/80/816 610/80/817 608/80/818
f 603/80/819 601/80/799 607/80/820 609/80/821
f 605/80/811 645/80/803 648/80/822 611/80/823
f 604/80/824 783/80/806 779/80/825 610/80/826
s 1
f 727/80/497 726/80/827 445/80/828 463/80/498
s 0
f 601/80/799 605/80/811 611/80/829 607/80/830
f 610/80/831 779/80/832 780/80/833 624/80/834
s 1
f 323/13/503 322/13/675 674/13/678 509/13/501
s 0
f 607/80/820 611/80/835 620/80/836 619/80/837
f 608/80/818 610/80/831 624/80/838 622/80/839
f 609/80/840 607/80/820 619/80/837 623/80/841
f 611/80/835 648/80/822 646/80/842 620/80/843
f 642/80/844 627/80/845 628/80/846 641/80/847
f 618/80/848 613/80/849 619/80/850 620/80/843
s 1
f 792/102/851 694/80/338 487/80/341 788/89/852
s 0
f 615/80/853 656/80/753 441/80/752 622/80/854
f 613/80/855 616/80/856 623/80/857 619/80/850
f 616/80/858 781/80/859 780/80/860 623/80/861
f 617/80/862 615/80/853 622/80/839 624/80/838
f 612/80/863 647/80/864 646/80/842 621/80/865
f 617/80/862 643/80/866 644/80/867 615/80/853
f 656/80/753 630/80/868 657/80/869 803/80/870
f 641/80/871 628/80/872 777/80/873 782/80/874
f 642/80/844 613/80/875 618/80/876 640/80/877
f 643/80/866 629/80/878 630/80/868 644/80/879
f 615/80/880 644/80/867 630/80/868 656/80/753
f 663/80/881 660/80/882 802/80/883 805/80/884
f 637/80/885 628/80/886 627/80/887 636/80/888
f 608/80/889 622/80/890 441/80/752 442/80/815
f 632/80/891 627/80/892 626/80/893 631/80/894
f 636/80/888 633/80/895 634/80/896 635/80/897
f 636/80/898 627/80/887 632/80/899 633/80/895
f 631/80/900 634/80/901 633/80/895 632/80/899
f 612/80/902 650/80/903 649/80/904 647/80/864
f 627/80/887 642/80/844 640/80/877 626/80/893
f 616/80/905 641/80/847 782/80/874 781/80/859
f 613/80/906 642/80/907 641/80/871 616/80/905
f 646/80/908 647/80/909 618/80/910 620/80/836
f 647/80/909 649/80/904 640/80/911 618/80/910
f 646/80/912 648/80/913 606/80/914 621/80/865
f 648/80/822 645/80/803 428/80/664 606/80/915
f 640/80/877 649/80/904 631/80/894 626/80/916
f 650/80/903 811/80/917 635/80/897 634/80/896
f 649/80/918 650/80/919 634/80/901 631/80/894
f 621/80/865 653/80/920 652/80/921 612/80/863
f 635/80/922 811/80/917 812/80/923 636/80/924
f 637/80/885 813/80/925 810/80/926 671/80/927
f 672/80/928 669/80/929 659/80/930 654/80/931
f 625/80/932 614/80/933 655/80/934 656/80/935
f 639/80/936 806/80/937 803/80/870 657/80/938
s 1
f 318/13/939 319/13/679 322/13/675 323/13/503
s 0
f 651/80/940 808/80/941 807/80/942 658/80/943
f 660/80/944 663/80/881 651/80/940 667/80/945
f 428/80/946 653/80/947 621/80/865 606/80/915
f 666/80/948 804/80/949 809/80/950 661/80/951
f 665/80/952 672/80/953 670/80/954 662/80/955
f 667/80/945 666/80/956 661/80/957 660/80/958
f 614/80/959 625/80/932 666/80/956 667/80/960
f 670/80/954 672/80/928 654/80/961 664/80/962
f 639/80/963 669/80/929 672/80/928 665/80/964
f 625/80/932 806/80/965 804/80/966 666/80/956
f 654/80/967 808/80/968 805/80/969 664/80/962
f 638/80/970 629/80/971 777/80/972 778/80/973
f 657/80/974 630/80/975 629/80/976 638/80/977
f 810/80/978 813/80/925 652/80/921 653/80/920
f 671/80/927 810/80/979 807/80/980 659/80/981
f 671/80/982 668/80/983 778/80/984 637/80/885
f 668/80/985 669/80/986 639/80/987 657/80/869
f 660/80/882 661/80/951 809/80/988 802/80/883
s 1
f 509/13/501 674/13/678 241/13/343 242/13/342
s 0
f 614/80/959 658/80/989 653/80/990 655/80/750
f 659/80/930 669/80/991 668/80/985 671/80/992
f 675/80/751 655/80/750 653/80/947 428/80/946
s 1
f 674/13/678 675/80/677 428/80/664 241/13/343
f 320/13/327 321/90/326 319/13/679 318/13/939
f 757/13/505 758/122/993 320/13/327 318/13/939
f 676/80/699 462/80/698 602/80/994 673/80/808
f 770/104/995 751/13/704 236/13/325 235/13/324
f 678/13/494 679/107/506 324/80/504 328/13/495
f 758/122/993 770/104/995 235/13/324 320/13/327
f 446/141/691 680/13/490 325/13/322 449/13/684
f 684/151/741 685/150/740 451/13/694 450/13/696
f 690/149/739 683/184/996 687/107/997 695/185/998
f 731/186/999 730/187/1000 688/188/1001 689/189/1002
f 774/190/1003 772/101/1004 451/13/694 695/185/998
f 729/191/1005 731/186/999 689/189/1002 459/80/1006
f 772/101/1004 602/80/994 462/80/698 771/143/703
f 776/192/1007 773/191/1008 687/107/997 729/191/1005
f 773/191/1008 774/190/1003 695/185/998 687/107/997
f 689/189/1002 688/188/1001 458/80/1009 459/80/1006
f 685/150/740 690/149/739 695/185/998 451/13/694
f 787/183/809 673/80/808 694/80/338 792/102/851
f 686/193/1010 683/184/996 690/149/739 691/148/738
f 673/80/808 602/80/994 692/80/339 694/80/338
f 417/13/586 531/13/661 716/147/729 714/152/747
f 380/13/584 387/13/587 711/104/748 706/13/745
f 384/81/595 386/81/594 703/87/743 704/121/733
f 417/13/586 714/152/747 711/104/748 387/13/587
f 385/81/585 380/13/584 706/13/745 712/13/744
f 382/87/591 383/87/590 715/144/732 705/104/731
f 386/81/594 385/81/585 712/13/744 703/87/743
f 383/87/590 384/81/595 704/121/733 715/144/732
f 381/13/597 382/87/591 705/104/731 707/13/730
f 531/13/661 416/84/658 708/139/673 716/147/729
f 497/13/721 513/134/667 708/139/673 701/81/547
f 499/145/723 496/153/749 702/119/549 700/116/534
f 498/87/722 497/13/721 701/81/547 709/13/544
f 768/146/725 498/87/722 709/13/544 775/118/543
f 499/145/723 700/116/534 698/22/517 502/22/724
f 501/80/720 506/5/719 713/5/513 699/80/519
f 503/23/726 502/22/724 698/22/517 697/23/515
f 508/154/754 503/23/726 697/23/515 696/19/510
f 506/5/719 507/155/755 710/110/509 713/5/513
f 507/155/755 508/154/754 696/19/510 710/110/509
f 511/13/728 500/87/727 720/80/1011 717/80/1012
f 500/87/727 493/81/742 719/80/1013 720/80/1011
f 493/81/742 505/121/735 718/80/1014 719/80/1013
f 505/121/735 504/81/734 492/104/746 718/80/1014
f 732/80/1015 737/80/1016 723/80/1017 724/80/1018
f 738/80/1019 743/80/1020 725/80/1021 722/80/1022
f 743/80/1020 732/80/1015 724/80/1018 725/80/1021
f 737/80/1016 746/104/1023 721/104/1024 723/80/1017
f 767/80/1025 776/192/1007 729/191/1005 459/80/1006
f 687/107/997 683/184/996 731/186/999 729/191/1005
f 683/184/996 686/193/1010 730/187/1000 731/186/999
f 487/80/341 491/80/340 726/80/827 727/80/497
f 788/89/852 487/80/341 727/80/497 793/105/496
f 718/80/1014 492/104/746 744/104/1026 735/80/1027
f 735/80/1027 744/104/1026 745/87/1028 736/80/1029
f 736/80/1029 745/87/1028 746/104/1023 737/80/1016
f 720/80/1011 719/80/1013 734/80/1030 741/80/1031
f 741/80/1031 734/80/1030 733/80/1032 742/80/1033
f 742/80/1033 733/80/1032 732/80/1015 743/80/1020
f 717/80/1012 720/80/1011 741/80/1031 740/80/1034
f 740/80/1034 741/80/1031 742/80/1033 739/80/1035
f 739/80/1035 742/80/1033 743/80/1020 738/80/1019
f 719/80/1013 718/80/1014 735/80/1027 734/80/1030
f 734/80/1030 735/80/1027 736/80/1029 733/80/1032
f 733/80/1032 736/80/1029 737/80/1016 732/80/1015
f 677/13/1036 749/120/1037 490/13/737 489/13/736
f 510/13/1038 747/13/1039 749/120/1037 677/13/1036
f 693/13/1040 750/120/1041 747/13/1039 510/13/1038
f 488/13/1042 748/87/1043 750/120/1041 693/13/1040
f 747/13/1039 750/120/1041 746/104/1023 745/87/1028
f 490/13/737 749/120/1037 744/104/1026 492/104/746
f 750/120/1041 748/87/1043 721/104/1024 746/104/1023
f 749/120/1037 747/13/1039 745/87/1028 744/104/1026
f 445/80/828 726/80/827 776/192/1007 767/80/1025
f 496/153/749 768/146/725 775/118/543 702/119/549
f 491/80/340 692/80/339 774/190/1003 773/191/1008
f 726/80/827 491/80/340 773/191/1008 776/192/1007
f 451/13/694 772/101/1004 771/143/703 461/140/690
f 692/80/339 602/80/994 772/101/1004 774/190/1003
f 681/84/492 682/13/491 770/104/995 758/122/993
f 682/13/491 680/13/490 751/13/704 770/104/995
f 678/13/494 681/84/492 758/122/993 757/13/505
f 357/115/533 764/92/345 768/146/725 496/153/749
f 236/13/325 751/13/704 766/142/702 444/80/682
f 446/141/691 461/140/690 771/143/703 766/142/702
f 360/115/550 765/92/546 754/92/542 346/115/535
f 702/119/549 775/118/543 765/92/546 360/115/550
f 237/13/536 353/13/539 763/115/541 754/92/542
f 330/22/518 763/115/541 762/117/540 333/23/516
f 333/23/516 762/117/540 761/3/530 329/19/511
f 329/19/511 761/3/530 760/112/527 331/4/512
f 331/4/512 760/112/527 759/111/524 332/5/514
f 239/13/337 753/89/523 759/111/524 336/13/334
f 318/13/939 323/13/503 756/97/502 757/13/505
f 350/109/508 679/107/506 756/97/502 769/106/500
f 350/109/508 769/106/500 752/93/346 345/113/531
f 345/113/531 752/93/346 755/91/344 347/114/532
f 347/114/532 755/91/344 764/92/345 357/115/533
s 0
f 667/80/945 651/80/1044 658/80/989 614/80/1045
s 1
f 488/13/1042 788/89/852 793/105/496 728/125/1046
s 0
f 782/80/874 777/80/873 629/80/971 643/80/866
f 778/80/1047 777/80/873 628/80/1048 637/80/1049
f 778/80/973 668/80/1050 657/80/974 638/80/970
f 781/80/859 782/80/874 643/80/866 617/80/862
f 780/80/833 779/80/832 609/80/840 623/80/1051
f 780/80/833 781/80/1052 617/80/862 624/80/1053
f 779/80/832 783/80/806 603/80/819 609/80/821
s 1
f 784/80/711 470/13/609 469/13/705 599/80/706
s 0
f 783/80/806 784/80/711 599/80/706 603/80/819
s 1
f 510/13/1038 787/183/809 792/102/851 693/13/1040
f 693/13/1040 792/102/851 788/89/852 488/13/1042
f 677/13/1036 791/89/701 787/183/809 510/13/1038
f 395/13/610 786/88/707 789/88/700 489/13/736
f 395/13/610 470/13/609 790/89/708 786/88/707
f 489/13/736 789/88/700 791/89/701 677/13/1036
f 728/125/1046 793/105/496 785/88/499 460/13/1054
f 179/13/227 162/13/199 174/13/198 184/13/218
s 0
f 205/80/1055 274/80/1056 801/80/1057 798/80/422
f 199/80/1058 277/80/261 800/80/1059 797/80/432
f 206/80/1060 205/80/1061 798/80/422 795/80/1062
f 210/80/1063 197/80/1064 796/80/285 799/80/1065
f 277/80/261 195/80/1066 794/80/303 800/80/302
f 197/80/272 199/80/275 797/80/286 796/80/1067
f 195/80/1068 206/80/266 795/80/1069 794/80/303
f 274/80/1070 210/80/273 799/80/254 801/80/1071
f 798/80/422 801/80/1072 280/80/256 214/80/1073
f 812/80/1074 811/80/917 652/80/1075 813/80/1076
f 803/80/870 806/80/965 625/80/1077 656/80/935
f 802/80/883 809/80/1078 662/80/1079 670/80/954
f 807/80/942 808/80/941 654/80/967 659/80/981
f 805/80/1080 802/80/1081 670/80/1082 664/80/962
f 805/80/969 808/80/1083 651/80/940 663/80/1084
f 809/80/988 804/80/949 665/80/964 662/80/955
f 804/80/966 806/80/1085 639/80/963 665/80/1086
f 807/80/980 810/80/978 653/80/920 658/80/943
f 811/80/1087 650/80/1088 612/80/1089 652/80/1075
f 636/80/924 812/80/1090 813/80/925 637/80/1091
s 1
f 44/9/16 567/38/72 29/9/15
f 835/1/1092 847/1/1093 855/2/1094 824/2/1095
f 832/3/1096 828/6/1097 823/5/1098 822/4/1099
f 841/7/1100 856/7/1101 854/7/1102 840/7/1103
f 833/8/1104 846/8/1105 847/1/1093 835/1/1092
f 842/9/1106 857/9/1107 856/7/1101 841/7/1100
f 904/10/1108 908/10/1109 846/8/1105 833/8/1104
f 838/11/1110 852/11/1111 853/11/1112 839/11/1113
f 820/12/1114 821/13/1115 828/6/1097 832/3/1096
f 840/7/1103 854/7/1102 850/7/1116 836/7/1117
f 839/11/1113 853/11/1112 858/14/1118 843/14/1119
f 1344/15/1120 820/12/1114 832/3/1096 1335/16/1121
f 1345/17/1122 822/4/1099 816/19/1123 1336/18/1124
f 1343/20/1125 906/23/1126 819/22/1127 1337/21/1128
f 1346/24/1129 817/25/1130 820/12/1114 1344/15/1120
f 1347/26/1131 825/28/1132 818/28/1133 1338/27/1134
f 1342/29/1135 907/30/1136 817/25/1130 1346/24/1129
f 1335/16/1121 832/3/1096 822/4/1099 1345/17/1122
f 1337/21/1128 819/22/1127 815/22/1137 1339/21/1138
f 1348/31/1139 830/22/1140 829/9/1141 1340/32/1142
f 1340/32/1142 829/9/1141 1349/33/1143
f 1341/26/1144 831/28/1145 825/28/1132 1347/26/1131
f 1339/21/1138 815/22/1137 830/22/1140 1348/31/1139
f 854/7/1102 866/7/1146 862/7/1147 850/7/1116
f 856/7/1101 868/7/1148 866/7/1146 854/7/1102
f 852/11/1111 864/11/1149 865/11/1150 853/11/1112
f 857/9/1107 869/9/1151 868/7/1148 856/7/1101
f 846/8/1105 814/8/1152 859/1/1153 847/1/1093
f 851/34/1154 863/34/1155 861/35/1156 849/35/1157
f 847/1/1093 859/1/1153 867/2/1158 855/2/1094
f 909/36/1159 911/37/1160 864/11/1149 852/11/1111
f 834/34/1161 851/34/1154 849/35/1157 837/35/1162
f 843/14/1119 858/14/1118 857/9/1107 1319/38/1163
f 824/2/1095 855/2/1094 851/34/1154 834/34/1161
f 905/37/1164 909/36/1159 852/11/1111 838/11/1110
f 883/39/1165 880/7/1166 878/7/1167 901/39/1168
f 895/14/1169 876/11/1170 877/11/1171 896/14/1172
f 860/9/1173 881/9/1174 880/7/1166 883/39/1165
f 884/8/1175 844/8/1176 871/1/1177 888/40/1178
f 886/41/1179 875/34/1180 873/35/1181 892/42/1182
f 888/40/1178 871/1/1177 879/2/1183 891/43/1184
f 918/44/1185 913/45/1186 876/11/1170 895/14/1169
f 896/14/1172 877/11/1171 882/14/1187 899/14/1188
f 858/14/1118 870/14/1189 869/9/1151 857/9/1107
f 855/2/1094 867/2/1158 863/34/1155 851/34/1154
f 908/10/1109 910/10/1190 814/8/1152 846/8/1105
f 853/11/1112 865/11/1150 870/14/1189 858/14/1118
f 848/9/1191 845/9/1192 877/11/1171 876/11/1170
f 914/46/1193 872/48/1194 844/8/1176 912/47/1195
f 874/7/1196 878/7/1167 845/9/1192 848/9/1191
f 873/35/1181 875/34/1180 879/2/1183 872/48/1194
f 872/48/1194 879/2/1183 871/1/1177 844/8/1176
f 913/45/1186 873/35/1181 872/48/1194 914/46/1193
f 845/9/1192 881/9/1174 882/14/1187 877/11/1171
f 878/7/1167 880/7/1166 881/9/1174 845/9/1192
f 901/39/1168 878/7/1167 874/7/1196 903/39/1197
f 899/14/1188 882/14/1187 881/9/1174 860/9/1173
f 891/43/1184 879/2/1183 875/34/1180 886/41/1179
f 916/49/1198 912/47/1195 844/8/1176 884/8/1175
f 910/10/1190 915/51/1199 885/50/1200 814/8/1152
f 915/51/1199 916/49/1198 884/8/1175 885/50/1200
f 867/2/1158 890/43/1201 887/52/1202 863/34/1155
f 890/43/1201 891/43/1184 886/41/1179 887/52/1202
f 870/14/1189 898/53/1203 827/9/1204 869/9/1151
f 898/53/1203 899/14/1188 860/9/1173 827/9/1204
f 866/7/1146 900/39/1205 902/39/1206 862/7/1147
f 900/39/1205 901/39/1168 903/39/1197 902/39/1206
f 865/11/1150 897/14/1207 898/53/1203 870/14/1189
f 897/14/1207 896/14/1172 899/14/1188 898/53/1203
f 911/37/1160 917/54/1208 894/14/1209 864/11/1149
f 917/54/1208 918/44/1185 895/14/1169 894/14/1209
f 859/1/1153 889/40/1210 890/43/1201 867/2/1158
f 889/40/1210 888/40/1178 891/43/1184 890/43/1201
f 863/34/1155 887/52/1202 893/55/1211 861/35/1156
f 887/52/1202 886/41/1179 892/42/1182 893/55/1211
f 814/8/1152 885/50/1200 889/40/1210 859/1/1153
f 885/50/1200 884/8/1175 888/40/1178 889/40/1210
f 869/9/1151 827/9/1204 826/39/1212 868/7/1148
f 827/9/1204 860/9/1173 883/39/1165 826/39/1212
f 864/11/1149 894/14/1209 897/14/1207 865/11/1150
f 894/14/1209 895/14/1169 896/14/1172 897/14/1207
f 868/7/1148 826/39/1212 900/39/1205 866/7/1146
f 826/39/1212 883/39/1165 901/39/1168 900/39/1205
f 893/55/1211 892/42/1182 918/44/1185 917/54/1208
f 861/35/1156 893/55/1211 917/54/1208 911/37/1160
f 902/39/1206 903/39/1197 916/49/1198 915/51/1199
f 862/7/1147 902/39/1206 915/51/1199 910/10/1190
f 903/39/1197 874/7/1196 912/47/1195 916/49/1198
f 876/11/1170 913/45/1186 914/46/1193 848/9/1191
f 848/9/1191 914/46/1193 912/47/1195 874/7/1196
f 850/7/1116 862/7/1147 910/10/1190 908/10/1109
f 892/42/1182 873/35/1181 913/45/1186 918/44/1185
f 837/35/1162 849/35/1157 909/36/1159 905/37/1164
f 849/35/1157 861/35/1156 911/37/1160 909/36/1159
f 1338/27/1134 818/28/1133 907/30/1136 1342/29/1135
f 1336/18/1124 816/19/1123 906/23/1126 1343/20/1125
f 836/7/1117 850/7/1116 908/10/1109 904/10/1108
f 817/25/1130 921/25/1213 924/12/1214 820/12/1114
f 815/22/1137 919/22/1215 930/22/1216 830/22/1140
f 825/28/1132 928/28/1217 922/28/1218 818/28/1133
f 818/28/1133 922/28/1218 933/30/1219 907/30/1136
f 906/23/1126 932/23/1220 923/22/1221 819/22/1127
f 907/30/1136 933/30/1219 921/25/1213 817/25/1130
f 823/5/1098 927/5/1222 926/4/1223 822/4/1099
f 819/22/1127 923/22/1221 919/22/1215 815/22/1137
f 830/22/1140 930/22/1216 929/9/1224 829/9/1141
f 822/4/1099 926/4/1223 920/19/1225 816/19/1123
f 829/9/1141 929/9/1224 931/28/1226 831/28/1145
f 816/19/1123 920/19/1225 932/23/1220 906/23/1126
f 820/12/1114 924/12/1214 925/13/1227 821/13/1115
f 831/28/1145 931/28/1226 928/28/1217 825/28/1132
f 1321/56/1228 937/59/1229 947/58/1230 1328/57/1231
f 1323/60/1232 941/63/1233 946/62/1234 1327/61/1235
f 1324/64/1236 942/66/1237 943/66/1238 1333/65/1239
f 1326/67/1240 945/68/1241 940/63/1242 1332/60/1243
f 1325/69/1244 944/9/1245 1318/71/1246 1334/70/1247
f 1333/65/1239 943/66/1238 944/9/1245 1325/69/1244
f 1322/64/1248 938/66/1249 942/66/1237 1324/64/1236
f 1320/72/1250 935/75/1251 936/74/1252 1330/73/1253
f 1327/61/1235 946/62/1234 939/77/1254 1331/76/1255
f 1332/60/1243 940/63/1242 941/63/1233 1323/60/1232
f 1331/76/1255 939/77/1254 934/79/1256 1329/78/1257
f 1328/57/1231 947/58/1230 938/66/1249 1322/64/1248
f 1330/73/1253 936/74/1252 937/59/1229 1321/56/1228
f 1329/78/1257 934/79/1256 935/75/1251 1320/72/1250
f 823/5/1098 136/80/168 135/80/167 927/5/1222
f 821/13/1115 137/13/170 138/6/169 828/6/1097
f 828/6/1097 138/6/169 136/80/168 823/5/1098
f 925/13/1227 139/80/171 137/13/170 821/13/1115
f 923/22/1221 952/22/1258 948/22/1259 919/22/1215
f 927/5/1222 956/5/1260 955/4/1261 926/4/1223
f 930/22/1216 959/22/1262 958/9/1263 929/9/1224
f 924/12/1214 953/12/1264 954/13/1265 925/13/1227
f 929/9/1224 958/9/1263 960/28/1266 931/28/1226
f 926/4/1223 955/4/1261 949/19/1267 920/19/1225
f 931/28/1226 960/28/1266 957/28/1268 928/28/1217
f 920/19/1225 949/19/1267 961/23/1269 932/23/1220
f 919/22/1215 948/22/1259 959/22/1262 930/22/1216
f 921/25/1213 950/25/1270 953/12/1264 924/12/1214
f 932/23/1220 961/23/1269 952/22/1258 923/22/1221
f 925/13/1227 954/13/1265 156/80/185 139/80/171
f 928/28/1217 957/28/1268 951/28/1271 922/28/1218
f 135/80/167 155/80/187 956/5/1260 927/5/1222
f 933/30/1219 962/30/1272 950/25/1270 921/25/1213
f 922/28/1218 951/28/1271 962/30/1272 933/30/1219
f 978/13/1273 963/13/1274 158/80/191 177/80/190
f 1118/81/1275 964/13/1276 159/80/195 342/80/194
f 1120/82/1277 1119/83/1278 966/13/1279 975/13/1280
f 1016/13/1281 980/85/1282 967/13/1283 997/84/1284
f 980/85/1282 981/86/1285 969/13/1286 967/13/1283
f 1050/85/1287 982/13/1288 971/13/1289 1048/85/1290
f 984/85/1291 183/13/214 169/13/213 976/87/1292
f 963/13/1274 973/13/1293 172/80/215 158/80/191
f 978/13/1273 983/13/1294 974/13/1295 963/13/1274
f 982/13/1288 984/85/1291 976/87/1292 971/13/1289
f 972/13/1296 977/13/1297 984/85/1291 982/13/1288
f 964/13/1276 975/13/1280 983/13/1294 978/13/1273
f 977/13/1297 170/13/221 183/13/214 984/85/1291
f 1049/13/1298 972/13/1296 982/13/1288 1050/85/1287
f 968/13/1299 970/13/1300 981/86/1285 980/85/1282
f 1015/13/1301 968/13/1299 980/85/1282 1016/13/1281
f 983/13/1294 979/13/1302 965/13/1303 974/13/1295
f 964/13/1276 978/13/1273 177/80/190 159/80/195
s 0
f 998/80/1304 993/80/1305 190/80/1306 204/80/229
s 1
f 973/13/1293 963/13/1274 974/13/1295 985/80/1307
s 0
f 990/80/1308 988/80/1309 985/80/1307 974/13/1310
f 999/80/1311 987/80/1312 993/80/1305 998/80/1304
f 985/80/1307 988/80/1313 995/80/1314 1002/80/1315
s 1
f 1004/80/1316 973/13/1293 985/80/1307 1002/80/1317
s 0
f 1008/80/1318 1006/80/1319 989/80/1320 1046/80/1321
f 1059/80/1322 1061/80/1323 989/80/1324 1000/80/1325
s 1
f 172/80/215 973/13/1293 1004/80/1316 200/80/252
s 0
f 1540/80/1326 1065/80/1327 1011/80/1328 1538/80/1329
f 1533/80/1330 1013/80/1331 1007/80/1332 1534/80/1333
f 1062/80/1334 1060/80/1335 1004/80/1336 996/80/1337
f 1000/80/1338 989/80/1339 986/80/1340 1001/80/1341
f 1001/80/1342 986/80/1340 1003/80/1343 992/80/1344
f 994/80/1345 1002/80/1346 995/80/1347 1005/80/1348
f 996/80/1349 1004/80/1336 1002/80/1350 994/80/1351
f 1064/80/1352 1007/80/1332 1013/80/1353 1066/80/1354
f 991/80/1355 987/80/1356 999/80/1311 1006/80/1357
f 986/80/1340 989/80/1339 1006/80/1358 999/80/1359
f 1535/80/1360 1010/80/1361 1014/80/1362 1536/80/1363
f 1064/80/1364 1065/80/1365 1009/80/1366 1007/80/1332
f 1003/80/1367 998/80/1368 204/80/229 188/80/293
f 986/80/1340 999/80/1369 998/80/1370 1003/80/1343
f 990/80/1308 1017/80/1371 995/80/1372 988/80/1313
f 1061/80/1373 995/80/1347 1017/80/1371 1070/80/1374
f 1539/80/1375 1066/80/1354 1013/80/1353 1533/80/1376
f 1538/80/1377 1011/80/1378 1010/80/1361 1535/80/1379
s 1
f 966/13/1279 1015/13/1301 1016/13/1281 979/13/1302
f 979/13/1302 1016/13/1281 997/84/1284 965/13/1303
f 1118/81/1275 1120/82/1277 975/13/1280 964/13/1276
s 0
f 965/13/1380 1017/80/1371 990/80/1308 974/13/1310
f 993/80/1305 1021/80/1381 223/80/1382 190/80/1383
f 987/80/1312 1022/80/1384 1021/80/1385 993/80/1305
f 991/80/1355 1018/80/1386 1022/80/1387 987/80/1356
s 1
f 256/88/315 227/80/318 1024/80/1388 1043/89/1389
f 1043/89/1389 1024/80/1388 1023/80/1390 1044/89/1391
f 1025/13/1392 972/13/1296 1104/13/1393 1103/13/1394
f 1027/13/1395 1098/13/1396 1099/90/1397 1028/13/1398
f 233/13/328 170/13/221 977/13/1297 1026/13/1399
f 1034/13/1400 1132/13/1401 1134/13/1402 1033/13/1403
f 1113/13/1404 239/13/337 240/13/336 1112/87/1405
f 1442/80/1406 1244/80/1407 1248/80/1408 1440/80/1409
f 1032/13/1410 1034/13/1400 1033/13/1403 1031/13/1411
f 1494/91/1412 1503/92/1413 1132/13/1401 1034/13/1400
f 1492/93/1414 1494/91/1412 1034/13/1400 1032/13/1410
f 1119/83/1278 1124/94/1415 1015/13/1301 966/13/1279
f 1124/94/1415 1125/95/1416 968/13/1299 1015/13/1301
s 0
f 1018/80/1386 1019/80/1417 1036/80/1418 1035/80/1419
s 1
f 1024/80/1388 1041/80/1420 1040/80/1421 1023/80/1390
s 0
f 1021/80/1381 1038/80/1422 245/80/355 223/80/354
f 1019/80/1423 1020/80/1424 1037/80/1425 1036/80/1426
f 1022/80/1427 1039/80/1428 1038/80/1429 1021/80/1381
s 1
f 227/80/318 249/80/364 1041/80/1420 1024/80/1388
s 0
f 1020/80/1430 1023/80/1431 1040/80/1432 1037/80/1433
f 1018/80/1386 1035/80/1419 1039/80/1428 1022/80/1387
s 1
f 1067/96/1434 1043/89/1389 1044/89/1391 1068/97/1435
f 284/97/373 256/88/315 1043/89/1389 1067/96/1434
f 1073/98/1436 1068/97/1435 1044/89/1391 1051/99/1437
f 1063/100/1438 1070/80/1439 1017/80/1371 965/13/1303
f 1069/89/1440 1045/80/1441 1047/80/1442 1071/101/1443
s 0
f 1060/80/1444 282/80/386 200/80/385 1004/80/1445
s 1
f 1072/102/1446 1063/100/1438 965/13/1303 997/84/1284
f 1071/101/1443 1047/80/1442 1012/80/1447 1072/102/1446
f 1008/80/1448 1012/80/1447 991/80/1355 1006/80/1357
f 1047/80/1442 1018/80/1386 991/80/1355 1012/80/1447
s 0
f 1019/80/1417 1018/80/1449 1047/80/1442 1045/80/1441
s 1
f 1069/89/1440 1073/98/1436 1051/99/1437 1045/80/1441
f 970/13/1300 1049/13/1298 1050/85/1287 981/86/1285
f 981/86/1285 1050/85/1287 1048/85/1290 969/13/1286
s 0
f 1019/80/1417 1045/80/1441 1051/99/1437 1020/80/1450
f 1020/80/1451 1051/99/1437 1044/89/1452 1023/80/1453
f 1148/80/1454 1057/80/1455 1054/80/1456 1145/80/1457
f 1149/80/1458 1055/80/1459 265/80/1460 372/80/398
s 1
f 377/80/401 269/80/404 1058/80/1461 1146/80/1462
s 0
f 1150/80/1463 1053/80/1464 1052/80/1465 1147/80/1466
s 1
f 1146/80/1462 1058/80/1461 1057/80/1455 1148/80/1454
s 0
f 1151/80/1467 1056/80/1468 1055/80/1469 1149/80/1458
f 1147/80/1470 1052/80/1471 1056/80/1468 1151/80/1472
f 1145/80/1457 1054/80/1473 1053/80/1474 1150/80/1463
s 1
f 969/13/1286 1048/85/1290 1073/98/1436 1069/89/1440
f 967/13/1283 1071/101/1443 1072/102/1446 997/84/1284
f 1012/80/1447 1008/103/1448 1063/100/1438 1072/102/1446
s 0
f 1003/80/1343 188/80/293 282/80/417 1060/80/1475
s 1
f 969/13/1286 1069/89/1440 1071/101/1443 967/13/1283
f 1008/103/1448 1046/80/1476 1070/80/1439 1063/100/1438
f 1048/85/1290 971/13/1289 1068/97/1435 1073/98/1436
f 169/13/213 284/97/373 1067/96/1434 976/87/1292
f 976/87/1292 1067/96/1434 1068/97/1435 971/13/1289
s 0
f 989/80/1477 1061/80/1323 1070/80/1478 1046/80/1479
f 1010/80/1361 1011/80/1328 1065/80/1480 1064/80/1364
f 1534/80/1481 1007/80/1482 1009/80/1366 1537/80/1483
f 1010/80/1484 1064/80/1485 1066/80/1486 1014/80/1487
f 992/80/1488 1003/80/1343 1060/80/1335 1062/80/1334
f 1005/80/1489 995/80/1347 1061/80/1323 1059/80/1490
f 1536/80/1363 1014/80/1362 1066/80/1354 1539/80/1375
f 1055/80/1459 1077/80/1491 291/80/1492 265/80/433
s 1
f 269/80/404 295/80/437 1080/80/1493 1058/80/1461
s 0
f 1053/80/1474 1075/80/1494 1074/80/1495 1052/80/1465
s 1
f 1058/80/1461 1080/80/1493 1079/80/1496 1057/80/1455
s 0
f 1056/80/1497 1078/80/1498 1077/80/1499 1055/80/1469
f 1052/80/1465 1074/80/1500 1078/80/1501 1056/80/1497
f 1054/80/1502 1076/80/1503 1075/80/1504 1053/80/1474
f 1057/80/1505 1079/80/1506 1076/80/1503 1054/80/1456
s 1
f 1090/80/1507 1088/80/1508 1087/80/1509 1089/80/1510
s 0
f 1092/80/1511 1086/80/1512 1085/80/1513 1091/80/1514
f 1093/80/1515 1081/80/1516 1086/80/1512 1092/80/1511
f 1095/80/1517 1083/80/1518 1082/80/1519 1094/80/1520
f 1089/80/1510 1087/80/1521 1083/80/1522 1095/80/1523
f 1091/80/1524 1085/80/1525 300/80/1526 316/80/468
s 1
f 317/80/471 1084/80/1527 1088/80/1508 1090/80/1507
s 0
f 1094/80/1528 1082/80/1529 1081/80/1530 1093/80/1531
f 1075/80/1532 1094/80/1528 1093/80/1531 1074/80/1495
s 1
f 295/80/437 317/80/471 1090/80/1507 1080/80/1493
s 0
f 1077/80/1491 1091/80/1533 316/80/468 291/80/481
f 1079/80/1496 1089/80/1534 1095/80/1523 1076/80/1535
f 1076/80/1535 1095/80/1523 1094/80/1536 1075/80/1532
f 1074/80/1495 1093/80/1515 1092/80/1537 1078/80/1538
f 1078/80/1498 1092/80/1511 1091/80/1539 1077/80/1499
s 1
f 1080/80/1493 1090/80/1507 1089/80/1510 1079/80/1496
f 977/13/1297 972/13/1296 1025/13/1392 1026/13/1399
f 1104/13/1393 1434/13/1540 1432/13/1541 1103/13/1394
f 1104/13/1393 1105/104/1542 1433/84/1543 1434/13/1540
f 1105/104/1542 1106/13/1544 1430/13/1545 1433/84/1543
f 1532/105/1546 1524/88/1547 1223/80/1548 1471/80/1549
f 1508/106/1550 1492/93/1414 1032/13/1410 1265/13/1551
f 1049/13/1298 970/13/1300 1106/13/1544 1105/104/1542
f 972/13/1296 1049/13/1298 1105/104/1542 1104/13/1393
f 1508/106/1550 1265/13/1551 1101/13/1552 1495/97/1553
f 970/13/1300 968/13/1299 1102/80/1554 1106/13/1544
f 1496/13/1555 1430/13/1545 1431/107/1556 1495/97/1553
f 1127/108/1557 1126/109/1558 1431/107/1556 1102/80/1554
f 1125/95/1416 1127/108/1557 1102/80/1554 968/13/1299
f 1456/110/1559 1109/4/1560 1107/19/1561 1444/19/1562
f 1459/5/1563 1110/5/1564 1109/4/1560 1456/110/1559
f 1444/19/1562 1107/19/1561 1111/23/1565 1445/23/1566
f 1445/23/1566 1111/23/1565 1108/22/1567 1446/22/1568
f 951/28/1271 957/28/1268 1127/108/1557 1125/95/1416
f 699/80/519 334/80/520 1110/5/1564 1459/5/1563
f 1114/13/1569 1113/13/1404 1112/87/1405 1115/87/1570
f 753/89/523 1498/111/1571 1110/5/1564 334/80/520
f 1116/13/1572 1114/13/1569 1115/87/1570 1117/81/1573
f 1499/112/1574 1498/111/1571 1113/13/1404 1114/13/1569
f 1128/85/1575 1116/13/1572 1117/81/1573 1131/81/1576
f 1500/3/1577 1499/112/1574 1114/13/1569 1116/13/1572
f 957/28/1268 960/28/1266 1126/109/1558 1127/108/1557
f 960/28/1266 958/9/1263 1121/113/1578 1126/109/1558
f 962/30/1272 951/28/1271 1125/95/1416 1124/94/1415
f 950/25/1270 962/30/1272 1124/94/1415 1119/83/1278
f 958/9/1263 959/22/1262 1123/114/1579 1121/113/1578
f 959/22/1262 948/22/1259 1133/115/1580 1123/114/1579
f 954/13/1265 953/12/1264 1120/82/1277 1118/81/1275
f 953/12/1264 950/25/1270 1119/83/1278 1120/82/1277
f 954/13/1265 1118/81/1275 342/80/194 156/80/185
f 1447/116/1581 1446/22/1568 1108/22/1567 1122/115/1582
f 1029/13/1583 1129/13/1584 1130/81/1585 1030/13/1586
f 1129/13/1584 1128/85/1575 1131/81/1576 1130/81/1585
f 1501/117/1587 1500/3/1577 1116/13/1572 1128/85/1575
f 1502/115/1588 1501/117/1587 1128/85/1575 1129/13/1584
f 1493/92/1589 1122/115/1582 1108/22/1567 1502/115/1588
f 1514/118/1590 1504/92/1591 1137/13/1592 1455/13/1593
f 1455/13/1593 1137/13/1592 1135/13/1594 1448/81/1595
f 1447/116/1581 1122/115/1582 1136/115/1596 1449/119/1597
f 1504/92/1591 1493/92/1589 1029/13/1583 1137/13/1592
f 1137/13/1592 1029/13/1583 1030/13/1586 1135/13/1594
s 0
f 1037/80/1425 1138/80/1598 1143/80/1599 1036/80/1418
f 1035/80/1600 1142/80/1601 1144/80/1602 1039/80/1428
f 1039/80/1603 1144/80/1604 1140/80/1605 1038/80/1429
s 1
f 1041/80/1420 1141/80/1606 1139/80/1607 1040/80/1421
s 0
f 1036/80/1418 1143/80/1608 1142/80/1609 1035/80/1419
s 1
f 249/80/364 367/80/562 1141/80/1606 1041/80/1420
s 0
f 1038/80/1429 1140/80/1610 364/80/563 245/80/355
f 1040/80/1421 1139/80/1611 1138/80/1612 1037/80/1613
f 1299/80/1614 1145/80/1615 1150/80/1463 1297/80/1616
f 1301/80/1617 1147/80/1618 1151/80/1619 1298/80/1620
f 1298/80/1620 1151/80/1472 1149/80/1621 1296/80/1622
s 1
f 1300/80/1623 1146/80/1462 1148/80/1454 1295/80/1624
s 0
f 1297/80/1616 1150/80/1463 1147/80/1470 1301/80/1617
s 1
f 543/80/579 377/80/401 1146/80/1462 1300/80/1623
s 0
f 1296/80/1622 1149/80/1625 372/80/398 547/80/1626
f 1295/80/1624 1148/80/1627 1145/80/1628 1299/80/1629
s 1
f 1180/104/1630 1156/81/1631 1152/13/1632 1183/104/1633
f 1183/104/1633 1152/13/1632 1158/13/1634 1185/13/1635
f 1186/87/1636 1153/87/1637 1154/87/1638 1189/104/1639
f 1190/120/1640 1155/81/1641 1157/81/1642 1193/121/1643
f 426/84/596 381/13/597 1153/87/1637 1186/87/1636
f 1189/104/1639 1154/87/1638 1155/81/1641 1190/120/1640
f 1193/121/1643 1157/81/1642 1156/81/1631 1180/104/1630
f 1231/104/1644 1164/81/1645 1163/81/1646 1226/121/1647
f 1233/104/1648 1162/81/1649 1164/81/1645 1231/104/1644
f 1235/104/1650 1160/87/1651 1161/87/1652 1228/104/1653
f 1237/84/1654 1159/13/1655 1165/13/1656 1230/13/1657
f 1226/121/1647 1163/81/1646 1159/13/1655 1237/84/1654
f 1228/104/1653 1161/87/1652 1162/81/1649 1233/104/1648
f 479/122/612 389/13/613 1160/87/1651 1235/104/1650
f 440/123/614 403/122/617 1169/87/1658 1204/122/1659
f 1200/121/1660 1170/81/1661 1168/104/1662 1203/124/1663
f 1199/13/1664 1167/13/1665 1171/125/1666 1205/13/1667
f 1205/13/1667 1171/125/1666 1172/125/1668 1201/13/1669
f 1204/122/1659 1169/87/1658 1170/81/1661 1200/121/1660
f 1203/124/1663 1168/104/1662 1166/13/1670 1202/13/1671
f 1202/13/1671 1166/13/1670 1167/13/1665 1199/13/1664
f 1252/126/1672 1173/13/1673 1177/13/1674 1240/13/1675
f 1251/120/1676 1174/127/1677 1173/13/1673 1252/126/1672
f 1242/128/1678 1175/122/1679 1178/121/1680 1239/120/1681
f 1241/13/1682 1176/13/1683 1179/13/1684 1267/13/1685
f 1240/13/1675 1177/13/1674 1176/13/1683 1241/13/1682
f 1239/120/1681 1178/121/1680 1174/127/1677 1251/120/1676
f 483/13/644 408/84/645 1175/122/1679 1242/128/1678
f 1131/81/1576 1192/125/1686 1181/87/1687 1130/81/1585
f 1290/129/1688 1193/121/1643 1180/104/1630 1284/104/1689
f 1115/87/1570 1188/120/1690 1191/81/1691 1117/81/1573
f 1288/130/1692 1189/104/1639 1190/120/1640 1289/121/1693
f 240/13/336 427/13/655 1187/104/1694 1112/87/1405
f 536/13/656 426/84/596 1186/87/1636 1287/130/1695
f 1117/81/1573 1191/81/1691 1192/125/1686 1131/81/1576
f 1289/121/1693 1190/120/1640 1193/121/1643 1290/129/1688
f 1112/87/1405 1187/104/1694 1188/120/1690 1115/87/1570
f 1287/130/1695 1186/87/1636 1189/104/1639 1288/130/1692
f 1030/13/1586 1182/84/1696 1184/84/1697 1135/13/1594
f 1285/104/1698 1183/104/1633 1185/13/1635 1286/13/1699
f 1130/81/1585 1181/87/1687 1182/84/1696 1030/13/1586
f 1284/104/1689 1180/104/1630 1183/104/1633 1285/104/1698
f 1293/131/1700 1291/80/1701 1194/80/1702 1196/132/1703
f 1294/133/1704 1292/136/1705 1195/135/1706 1268/134/1707
f 1292/136/1705 1293/131/1700 1196/132/1703 1195/135/1706
f 1269/137/1708 1267/13/1685 1179/13/1684 1197/138/1709
f 1173/13/1673 1202/13/1671 1199/13/1664 1177/13/1674
f 1174/127/1677 1203/124/1663 1202/13/1671 1173/13/1673
f 1175/122/1679 1204/122/1659 1200/121/1660 1178/121/1680
f 1176/13/1683 1205/13/1667 1201/13/1669 1179/13/1684
f 1177/13/1674 1199/13/1664 1205/13/1667 1176/13/1683
f 1178/121/1680 1200/121/1660 1203/124/1663 1174/127/1677
f 408/84/645 440/123/614 1204/122/1659 1175/122/1679
f 1198/132/1710 1197/138/1709 1179/13/1684 1201/13/1669
f 1448/81/1595 1135/13/1594 1184/84/1697 1454/139/1711
f 1033/13/1403 1134/13/1402 1195/135/1706 1196/132/1703
f 1031/13/1411 1033/13/1403 1196/132/1703 1194/80/1702
f 1172/125/1668 1350/80/1712 1198/132/1710 1201/13/1669
f 1100/13/1713 1426/13/1714 1427/80/1715 1206/80/1716
f 1097/13/1717 1100/13/1713 1206/80/1716 1207/80/1718
f 1099/90/1397 1097/13/1717 1207/80/1718 1208/80/1719
f 1028/13/1398 1099/90/1397 1208/80/1719 1209/80/1720
f 1103/13/1394 1213/13/1721 1042/13/1722 1025/13/1392
f 1026/13/1399 1212/13/1723 447/13/685 233/13/328
f 1025/13/1392 1042/13/1722 1212/13/1723 1026/13/1399
f 1212/13/1723 1217/13/1724 454/13/687 447/13/685
f 1212/13/1723 1042/13/1722 1218/13/1725 1217/13/1724
f 1221/140/1726 1216/13/1727 1213/13/1721 1211/141/1728
f 1216/13/1727 1221/140/1726 1214/13/1729 1215/13/1730
f 1217/13/1724 1215/13/1730 453/13/695 454/13/687
f 1216/13/1727 1215/13/1730 1217/13/1724 1218/13/1725
f 1042/13/1722 1213/13/1721 1216/13/1727 1218/13/1725
f 450/13/696 453/13/695 1215/13/1730 1214/13/1729
f 1243/80/1731 1428/80/1732 1222/80/1733 1209/80/1720
f 1528/88/1734 1530/89/1735 1428/80/1732 1243/80/1731
f 1505/142/1736 1209/80/1720 1222/80/1733 1510/143/1737
f 1491/13/1738 1505/142/1736 1211/141/1728 1432/13/1541
f 1229/13/1739 1351/80/1740 1350/80/1712 1172/125/1668
f 1525/88/1741 1224/80/1742 1352/80/1743 1529/89/1744
f 1230/13/1657 1529/89/1744 1352/80/1743 1523/80/1745
f 403/122/617 480/122/713 1236/122/1746 1169/87/1658
f 480/122/713 479/122/612 1235/104/1650 1236/122/1746
f 1170/81/1661 1227/13/1747 1234/144/1748 1168/104/1662
f 1227/13/1747 1228/104/1653 1233/104/1648 1234/144/1748
f 1167/13/1665 1225/13/1749 1238/13/1750 1171/125/1666
f 1225/13/1749 1226/121/1647 1237/84/1654 1238/13/1750
f 1171/125/1666 1238/13/1750 1229/13/1739 1172/125/1668
f 1238/13/1750 1237/84/1654 1230/13/1657 1229/13/1739
f 1169/87/1658 1236/122/1746 1227/13/1747 1170/81/1661
f 1236/122/1746 1235/104/1650 1228/104/1653 1227/13/1747
f 1168/104/1662 1234/144/1748 1232/104/1751 1166/13/1670
f 1234/144/1748 1233/104/1648 1231/104/1644 1232/104/1751
f 1166/13/1670 1232/104/1751 1225/13/1749 1167/13/1665
f 1232/104/1751 1231/104/1644 1226/121/1647 1225/13/1749
f 1208/80/1719 1207/80/1718 1352/80/1743 1224/80/1742
f 155/80/187 501/80/720 1262/5/1752 956/5/1260
f 1132/13/1401 1255/87/1753 1254/13/1754 1134/13/1402
f 948/22/1259 952/22/1258 1258/22/1755 1256/145/1756
f 1503/92/1413 1507/146/1757 1255/87/1753 1132/13/1401
f 961/23/1269 1259/23/1758 1258/22/1755 952/22/1258
f 389/13/613 511/13/728 1257/87/1759 1160/87/1651
f 1462/147/1760 1294/133/1704 1268/134/1707 1454/139/1711
f 707/13/730 483/13/644 1242/128/1678 1452/104/1761
f 1461/144/1762 1239/120/1681 1251/120/1676 1451/121/1763
f 1162/81/1649 1261/121/1764 1260/81/1765 1164/81/1645
f 1134/13/1402 1254/13/1754 1268/134/1707 1195/135/1706
f 1224/80/1742 1243/80/1731 1209/80/1720 1208/80/1719
f 1159/13/1655 1247/13/1766 1246/13/1767 1165/13/1656
f 691/148/738 684/151/741 1436/150/1768 1439/149/1769
f 1161/87/1652 1250/81/1770 1261/121/1764 1162/81/1649
f 1450/87/1771 1252/126/1672 1240/13/1675 1458/13/1772
f 1452/104/1761 1242/128/1678 1239/120/1681 1461/144/1762
f 1458/13/1772 1240/13/1675 1241/13/1682 1453/13/1773
f 1164/81/1645 1260/81/1765 1249/104/1774 1163/81/1646
f 1460/152/1775 1457/104/1776 1267/13/1685 1269/137/1708
f 1160/87/1651 1257/87/1759 1250/81/1770 1161/87/1652
f 948/22/1259 1256/145/1756 1253/153/1777 1133/115/1580
f 1451/121/1763 1251/120/1676 1252/126/1672 1450/87/1771
f 1453/13/1773 1241/13/1682 1267/13/1685 1457/104/1776
f 1163/81/1646 1249/104/1774 1247/13/1766 1159/13/1655
f 1525/88/1741 1528/88/1734 1243/80/1731 1224/80/1742
s 0
f 1407/80/1778 1408/80/1779 1206/80/1780 1427/80/1781
s 1
f 949/19/1267 1264/154/1782 1259/23/1758 961/23/1269
f 956/5/1260 1262/5/1752 1263/155/1783 955/4/1261
f 955/4/1261 1263/155/1783 1264/154/1782 949/19/1267
f 834/34/1161 1270/157/1784 1275/156/1785 824/2/1095
f 835/1/1092 1271/159/1786 1276/158/1787 833/8/1104
f 904/10/1108 1283/161/1788 1277/160/1789 836/7/1117
f 837/35/1162 1272/162/1790 1270/157/1784 834/34/1161
f 839/11/1113 1273/164/1791 1278/163/1792 838/11/1110
f 905/37/1164 1282/165/1793 1272/162/1790 837/35/1162
f 824/2/1095 1275/156/1785 1271/159/1786 835/1/1092
f 836/7/1117 1277/160/1789 1279/166/1794 840/7/1103
f 841/7/1100 1274/160/1795 1280/9/1796 842/9/1106
f 842/9/1106 1280/9/1796 1316/167/1797 1319/38/1163
f 843/14/1119 1281/168/1798 1273/164/1791 839/11/1113
f 840/7/1103 1279/166/1794 1274/160/1795 841/7/1100
f 838/11/1110 1278/163/1792 1282/165/1793 905/37/1164
f 833/8/1104 1276/158/1787 1283/161/1788 904/10/1108
f 1460/152/1775 1269/137/1708 1294/133/1704 1462/147/1760
f 1197/138/1709 1198/132/1710 1293/131/1700 1292/136/1705
f 1269/137/1708 1197/138/1709 1292/136/1705 1294/133/1704
f 1198/132/1710 1350/80/1712 1291/80/1701 1293/131/1700
f 1181/87/1687 1284/104/1689 1285/104/1698 1182/84/1696
f 1182/84/1696 1285/104/1698 1286/13/1699 1184/84/1697
f 1187/104/1694 1287/130/1695 1288/130/1692 1188/120/1690
f 1191/81/1691 1289/121/1693 1290/129/1688 1192/125/1686
f 427/13/655 536/13/656 1287/130/1695 1187/104/1694
f 1188/120/1690 1288/130/1692 1289/121/1693 1191/81/1691
f 1192/125/1686 1290/129/1688 1284/104/1689 1181/87/1687
s 0
f 1139/80/1607 1295/80/1799 1299/80/1800 1138/80/1801
f 1140/80/1802 1296/80/1803 547/80/1804 364/80/1805
s 1
f 367/80/562 543/80/579 1300/80/1623 1141/80/1606
s 0
f 1143/80/1806 1297/80/1807 1301/80/1617 1142/80/1808
s 1
f 1141/80/1606 1300/80/1623 1295/80/1624 1139/80/1607
s 0
f 1144/80/1604 1298/80/1809 1296/80/1810 1140/80/1610
f 1142/80/1808 1301/80/1811 1298/80/1620 1144/80/1604
f 1138/80/1598 1299/80/1614 1297/80/1616 1143/80/1599
s 1
f 937/59/1229 1303/170/1812 1310/169/1813 947/58/1230
f 941/63/1233 1305/172/1814 1309/171/1815 946/62/1234
f 942/66/1237 1306/174/1816 1315/173/1817 943/66/1238
f 945/68/1241 1308/176/1818 1314/175/1819 940/63/1242
f 944/9/1245 1307/178/1820 1317/177/1821 1318/71/1246
f 943/66/1238 1315/173/1817 1307/178/1820 944/9/1245
f 938/66/1249 1304/173/1822 1306/174/1816 942/66/1237
f 935/75/1251 1302/180/1823 1312/179/1824 936/74/1252
f 946/62/1234 1309/171/1815 1313/181/1825 939/77/1254
f 940/63/1242 1314/175/1819 1305/172/1814 941/63/1233
f 939/77/1254 1313/181/1825 1311/182/1826 934/79/1256
f 947/58/1230 1310/169/1813 1304/173/1822 938/66/1249
f 936/74/1252 1312/179/1824 1303/170/1812 937/59/1229
f 934/79/1256 1311/182/1826 1302/180/1823 935/75/1251
f 1334/70/1247 1326/67/1240 1281/168/1798 1316/167/1797
f 1316/167/1797 1281/168/1798 843/14/1119 1319/38/1163
f 1349/33/1143 1341/26/1144 1308/176/1818 1317/177/1821
f 1317/177/1821 1308/176/1818 945/68/1241 1318/71/1246
f 1318/71/1246 945/68/1241 1326/67/1240 1334/70/1247
f 1270/157/1784 1329/78/1257 1320/72/1250 1275/156/1785
f 1271/159/1786 1330/73/1253 1321/56/1228 1276/158/1787
f 1283/161/1788 1328/57/1231 1322/64/1248 1277/160/1789
f 1272/162/1790 1331/76/1255 1329/78/1257 1270/157/1784
f 1273/164/1791 1332/60/1243 1323/60/1232 1278/163/1792
f 1282/165/1793 1327/61/1235 1331/76/1255 1272/162/1790
f 1275/156/1785 1320/72/1250 1330/73/1253 1271/159/1786
f 1277/160/1789 1322/64/1248 1324/64/1236 1279/166/1794
f 1274/160/1795 1333/65/1239 1325/69/1244 1280/9/1796
f 1280/9/1796 1325/69/1244 1334/70/1247 1316/167/1797
f 1281/168/1798 1326/67/1240 1332/60/1243 1273/164/1791
f 1279/166/1794 1324/64/1236 1333/65/1239 1274/160/1795
f 1278/163/1792 1323/60/1232 1327/61/1235 1282/165/1793
f 1276/158/1787 1321/56/1228 1328/57/1231 1283/161/1788
f 829/9/1141 831/28/1145 1341/26/1144 1349/33/1143
f 1303/170/1812 1336/18/1124 1343/20/1125 1310/169/1813
f 1305/172/1814 1338/27/1134 1342/29/1135 1309/171/1815
f 1306/174/1816 1339/21/1138 1348/31/1139 1315/173/1817
f 1308/176/1818 1341/26/1144 1347/26/1131 1314/175/1819
f 1307/178/1820 1340/32/1142 1349/33/1143 1317/177/1821
f 1315/173/1817 1348/31/1139 1340/32/1142 1307/178/1820
f 1304/173/1822 1337/21/1128 1339/21/1138 1306/174/1816
f 1302/180/1823 1335/16/1121 1345/17/1122 1312/179/1824
f 1309/171/1815 1342/29/1135 1346/24/1129 1313/181/1825
f 1314/175/1819 1347/26/1131 1338/27/1134 1305/172/1814
f 1313/181/1825 1346/24/1129 1344/15/1120 1311/182/1826
f 1310/169/1813 1343/20/1125 1337/21/1128 1304/173/1822
f 1312/179/1824 1345/17/1122 1336/18/1124 1303/170/1812
f 1311/182/1826 1344/15/1120 1335/16/1121 1302/180/1823
s 0
f 1351/80/1827 1355/80/1828 1353/80/1829 1350/80/1830
f 1291/80/1701 1357/80/1831 1397/80/1832 1194/80/1833
f 1352/80/1743 1356/80/1834 1522/80/1835 1523/80/1745
s 1
f 1530/89/1735 1526/183/1836 1425/80/1837 1428/80/1732
s 0
f 1350/80/1838 1353/80/1829 1357/80/1839 1291/80/1701
f 1207/80/1840 1356/80/1834 1352/80/1743
f 1207/80/1841 1360/80/1842 1362/80/1843 1356/80/1844
f 1355/80/1845 1361/80/1846 1359/80/1847 1353/80/1829
f 1357/80/1839 1363/80/1848 1400/80/1849 1397/80/1832
f 1356/80/1850 1362/80/1851 1518/80/1852 1522/80/1853
s 1
f 1471/80/1549 1223/80/1548 1210/80/1854 1470/80/1855
s 0
f 1353/80/1829 1359/80/1856 1363/80/1857 1357/80/1839
f 1362/80/1858 1376/80/1859 1519/80/1860 1518/80/1861
s 1
f 1101/13/1552 1265/13/1551 1426/13/1714 1100/13/1713
s 0
f 1359/80/1862 1371/80/1863 1372/80/1864 1363/80/1865
f 1360/80/1842 1374/80/1866 1376/80/1859 1362/80/1858
f 1361/80/1867 1375/80/1868 1371/80/1869 1359/80/1847
f 1363/80/1848 1372/80/1870 1398/80/1871 1400/80/1849
f 1394/80/1872 1393/80/1873 1380/80/1874 1379/80/1875
f 1370/80/1876 1372/80/1870 1371/80/1877 1365/80/1878
s 1
f 1531/102/1879 1527/89/1880 1244/80/1407 1442/80/1406
s 0
f 1367/80/1881 1374/80/1882 1206/80/1780 1408/80/1779
f 1365/80/1883 1371/80/1877 1375/80/1884 1368/80/1885
f 1368/80/1886 1375/80/1884 1519/80/1860 1520/80/1887
f 1369/80/1888 1376/80/1859 1374/80/1866 1367/80/1881
f 1364/80/1889 1373/80/1890 1398/80/1891 1399/80/1892
f 1369/80/1888 1367/80/1881 1396/80/1893 1395/80/1894
f 1408/80/1779 1542/80/1895 1409/80/1896 1382/80/1897
f 1393/80/1873 1521/80/1898 1516/80/1899 1380/80/1900
f 1394/80/1901 1392/80/1902 1370/80/1903 1365/80/1883
f 1395/80/1894 1396/80/1904 1382/80/1897 1381/80/1905
f 1367/80/1906 1408/80/1779 1382/80/1897 1396/80/1893
f 1415/80/1907 1544/80/1908 1541/80/1909 1412/80/1910
f 1389/80/1911 1388/80/1912 1379/80/1913 1380/80/1914
f 1360/80/1915 1207/80/1841 1206/80/1780 1374/80/1916
f 1384/80/1917 1383/80/1918 1378/80/1919 1379/80/1913
f 1388/80/1912 1387/80/1920 1386/80/1921 1385/80/1922
f 1388/80/1923 1385/80/1924 1384/80/1925 1379/80/1913
f 1383/80/1926 1384/80/1925 1385/80/1922 1386/80/1927
f 1364/80/1928 1399/80/1929 1401/80/1930 1402/80/1931
f 1379/80/1875 1378/80/1932 1392/80/1933 1394/80/1872
f 1368/80/1934 1520/80/1935 1521/80/1898 1393/80/1936
f 1365/80/1937 1368/80/1934 1393/80/1936 1394/80/1901
f 1398/80/1871 1372/80/1864 1370/80/1876 1399/80/1929
f 1399/80/1929 1370/80/1876 1392/80/1902 1401/80/1930
f 1398/80/1938 1373/80/1890 1358/80/1939 1400/80/1849
f 1400/80/1849 1358/80/1940 1194/80/1702 1397/80/1941
f 1392/80/1942 1378/80/1919 1383/80/1943 1401/80/1944
f 1402/80/1945 1386/80/1921 1387/80/1946 1550/80/1947
f 1401/80/1948 1383/80/1918 1386/80/1927 1402/80/1949
f 1373/80/1950 1364/80/1889 1404/80/1951 1405/80/1952
f 1387/80/1946 1388/80/1912 1551/80/1953 1550/80/1947
f 1389/80/1954 1423/80/1955 1549/80/1956 1552/80/1957
f 1424/80/1958 1406/80/1959 1411/80/1960 1421/80/1961
f 1377/80/1962 1408/80/1963 1407/80/1964 1366/80/1965
f 1391/80/1966 1409/80/1967 1542/80/1968 1545/80/1969
s 1
f 1096/13/1970 1101/13/1552 1100/13/1713 1097/13/1717
s 0
f 1403/80/1971 1410/80/1972 1546/80/1973 1547/80/1974
f 1412/80/1975 1419/80/1976 1403/80/1971 1415/80/1907
f 1194/80/1977 1358/80/1978 1373/80/1890 1405/80/1979
f 1418/80/1980 1413/80/1981 1548/80/1982 1543/80/1983
f 1417/80/1984 1414/80/1985 1422/80/1986 1424/80/1987
f 1419/80/1976 1412/80/1988 1413/80/1981 1418/80/1989
f 1366/80/1965 1419/80/1990 1418/80/1989 1377/80/1991
f 1422/80/1992 1416/80/1993 1406/80/1994 1424/80/1995
f 1391/80/1996 1417/80/1997 1424/80/1958 1421/80/1961
f 1377/80/1998 1418/80/1989 1543/80/1999 1545/80/2000
f 1406/80/1994 1416/80/2001 1544/80/2002 1547/80/2003
f 1390/80/2004 1517/80/2005 1516/80/2006 1381/80/2007
f 1409/80/2008 1390/80/2009 1381/80/2010 1382/80/2011
f 1549/80/2012 1405/80/1952 1404/80/1951 1552/80/1957
f 1423/80/2013 1411/80/2014 1546/80/2015 1549/80/2016
f 1423/80/1955 1389/80/1954 1517/80/2017 1420/80/2018
f 1420/80/2018 1409/80/2008 1391/80/2019 1421/80/1961
f 1412/80/1910 1541/80/1909 1548/80/2020 1413/80/2021
s 1
f 1265/13/1551 1032/13/1410 1031/13/1411 1426/13/1714
s 0
f 1366/80/2022 1407/80/1778 1405/80/1952 1410/80/1972
f 1411/80/1960 1423/80/2023 1420/80/2024 1421/80/2025
f 1427/80/1781 1194/80/2026 1405/80/2027 1407/80/1778
s 1
f 1426/13/1714 1031/13/1411 1194/80/1702 1427/80/1715
f 1098/13/1396 1096/13/1970 1097/13/1717 1099/90/1397
f 1496/13/1555 1096/13/1970 1098/13/1396 1497/122/2028
f 1428/80/1732 1425/80/1837 1354/80/2029 1222/80/1733
f 1509/104/2030 1027/13/1395 1028/13/1398 1491/13/1738
f 1430/13/1545 1106/13/1544 1102/80/1554 1431/107/1556
f 1497/122/2028 1098/13/1396 1027/13/1395 1509/104/2030
f 1211/141/1728 1213/13/1721 1103/13/1394 1432/13/1541
f 684/151/741 450/13/696 1214/13/1729 1436/150/1768
f 1439/149/1769 1443/185/2031 1437/107/2032 1435/184/2033
f 1474/186/2034 1438/189/2035 688/188/1001 730/187/1000
f 1513/190/2036 1443/185/2031 1214/13/1729 1511/101/2037
f 1473/191/2038 1219/80/2039 1438/189/2035 1474/186/2034
f 1511/101/2037 1510/143/1737 1222/80/1733 1354/80/2029
f 1515/192/2040 1473/191/2038 1437/107/2032 1512/191/2041
f 1512/191/2041 1437/107/2032 1443/185/2031 1513/190/2036
f 1438/189/2035 1219/80/2039 458/80/1009 688/188/1001
f 1436/150/1768 1214/13/1729 1443/185/2031 1439/149/1769
f 1526/183/1836 1531/102/1879 1442/80/1406 1425/80/1837
f 686/193/1010 691/148/738 1439/149/1769 1435/184/2033
f 1425/80/1837 1442/80/1406 1440/80/1409 1354/80/2029
f 1185/13/1635 1460/152/1775 1462/147/1760 1286/13/1699
f 1152/13/1632 1453/13/1773 1457/104/1776 1158/13/1634
f 1155/81/1641 1451/121/1763 1450/87/1771 1157/81/1642
f 1185/13/1635 1158/13/1634 1457/104/1776 1460/152/1775
f 1156/81/1631 1458/13/1772 1453/13/1773 1152/13/1632
f 1153/87/1637 1452/104/1761 1461/144/1762 1154/87/1638
f 1157/81/1642 1450/87/1771 1458/13/1772 1156/81/1631
f 1154/87/1638 1461/144/1762 1451/121/1763 1155/81/1641
f 381/13/597 707/13/730 1452/104/1761 1153/87/1637
f 1286/13/1699 1462/147/1760 1454/139/1711 1184/84/1697
f 1254/13/1754 1448/81/1595 1454/139/1711 1268/134/1707
f 1256/145/1756 1447/116/1581 1449/119/1597 1253/153/1777
f 1255/87/1753 1455/13/1593 1448/81/1595 1254/13/1754
f 1507/146/1757 1514/118/1590 1455/13/1593 1255/87/1753
f 1256/145/1756 1258/22/1755 1446/22/1568 1447/116/1581
f 501/80/720 699/80/519 1459/5/1563 1262/5/1752
f 1259/23/1758 1445/23/1566 1446/22/1568 1258/22/1755
f 1264/154/1782 1444/19/1562 1445/23/1566 1259/23/1758
f 1262/5/1752 1459/5/1563 1456/110/1559 1263/155/1783
f 1263/155/1783 1456/110/1559 1444/19/1562 1264/154/1782
f 511/13/728 717/80/1012 1465/80/2042 1257/87/1759
f 1257/87/1759 1465/80/2042 1464/80/2043 1250/81/1770
f 1250/81/1770 1464/80/2043 1463/80/2044 1261/121/1764
f 1261/121/1764 1463/80/2044 1249/104/1774 1260/81/1765
f 1475/80/2045 1468/80/2046 1467/80/2047 1480/80/2048
f 738/80/1019 722/80/1022 1469/80/2049 1483/80/2050
f 1483/80/2050 1469/80/2049 1468/80/2046 1475/80/2045
f 1480/80/2048 1467/80/2047 1466/104/2051 1486/104/2052
f 1506/80/2053 1219/80/2039 1473/191/2038 1515/192/2040
f 1437/107/2032 1473/191/2038 1474/186/2034 1435/184/2033
f 1435/184/2033 1474/186/2034 730/187/1000 686/193/1010
f 1244/80/1407 1471/80/1549 1470/80/1855 1248/80/1408
f 1527/89/1880 1532/105/1546 1471/80/1549 1244/80/1407
f 1463/80/2044 1478/80/2054 1484/104/2055 1249/104/1774
f 1478/80/2054 1479/80/2056 1485/87/2057 1484/104/2055
f 1479/80/2056 1480/80/2048 1486/104/2052 1485/87/2057
f 1465/80/2042 1481/80/2058 1477/80/2059 1464/80/2043
f 1481/80/2058 1482/80/2060 1476/80/2061 1477/80/2059
f 1482/80/2060 1483/80/2050 1475/80/2045 1476/80/2061
f 717/80/1012 740/80/1034 1481/80/2058 1465/80/2042
f 740/80/1034 739/80/1035 1482/80/2060 1481/80/2058
f 739/80/1035 738/80/1019 1483/80/2050 1482/80/2060
f 1464/80/2043 1477/80/2059 1478/80/2054 1463/80/2044
f 1477/80/2059 1476/80/2061 1479/80/2056 1478/80/2054
f 1476/80/2061 1475/80/2045 1480/80/2048 1479/80/2056
f 1429/13/2062 1246/13/1767 1247/13/1766 1489/120/2063
f 1266/13/2064 1429/13/2062 1489/120/2063 1487/13/2065
f 1441/13/2066 1266/13/2064 1487/13/2065 1490/120/2067
f 1245/13/2068 1441/13/2066 1490/120/2067 1488/87/2069
f 1487/13/2065 1485/87/2057 1486/104/2052 1490/120/2067
f 1247/13/1766 1249/104/1774 1484/104/2055 1489/120/2063
f 1490/120/2067 1486/104/2052 1466/104/2051 1488/87/2069
f 1489/120/2063 1484/104/2055 1485/87/2057 1487/13/2065
f 1210/80/1854 1506/80/2053 1515/192/2040 1470/80/1855
f 1253/153/1777 1449/119/1597 1514/118/1590 1507/146/1757
f 1248/80/1408 1512/191/2041 1513/190/2036 1440/80/1409
f 1470/80/1855 1515/192/2040 1512/191/2041 1248/80/1408
f 1214/13/1729 1221/140/1726 1510/143/1737 1511/101/2037
f 1440/80/1409 1513/190/2036 1511/101/2037 1354/80/2029
f 1433/84/1543 1497/122/2028 1509/104/2030 1434/13/1540
f 1434/13/1540 1509/104/2030 1491/13/1738 1432/13/1541
f 1430/13/1545 1496/13/1555 1497/122/2028 1433/84/1543
f 1133/115/1580 1253/153/1777 1507/146/1757 1503/92/1413
f 1028/13/1398 1209/80/1720 1505/142/1736 1491/13/1738
f 1211/141/1728 1505/142/1736 1510/143/1737 1221/140/1726
f 1136/115/1596 1122/115/1582 1493/92/1589 1504/92/1591
f 1449/119/1597 1136/115/1596 1504/92/1591 1514/118/1590
f 1029/13/1583 1493/92/1589 1502/115/1588 1129/13/1584
f 1108/22/1567 1111/23/1565 1501/117/1587 1502/115/1588
f 1111/23/1565 1107/19/1561 1500/3/1577 1501/117/1587
f 1107/19/1561 1109/4/1560 1499/112/1574 1500/3/1577
f 1109/4/1560 1110/5/1564 1498/111/1571 1499/112/1574
f 239/13/337 1113/13/1404 1498/111/1571 753/89/523
f 1096/13/1970 1496/13/1555 1495/97/1553 1101/13/1552
f 1126/109/1558 1508/106/1550 1495/97/1553 1431/107/1556
f 1126/109/1558 1121/113/1578 1492/93/1414 1508/106/1550
f 1121/113/1578 1123/114/1579 1494/91/1412 1492/93/1414
f 1123/114/1579 1133/115/1580 1503/92/1413 1494/91/1412
s 0
f 1419/80/1976 1366/80/1965 1410/80/1972 1403/80/2070
s 1
f 1245/13/2068 1472/125/2071 1532/105/1546 1527/89/1880
s 0
f 1521/80/1898 1395/80/1894 1381/80/2007 1516/80/2006
f 1517/80/2005 1389/80/1911 1380/80/1914 1516/80/2006
f 1517/80/2005 1390/80/2004 1409/80/2072 1420/80/2018
f 1520/80/2073 1369/80/2074 1395/80/1894 1521/80/1898
f 1519/80/1860 1375/80/1884 1361/80/2075 1518/80/1861
f 1519/80/2076 1376/80/1859 1369/80/2077 1520/80/1887
f 1518/80/1861 1361/80/2078 1355/80/2079 1522/80/1853
s 1
f 1523/80/1745 1351/80/1740 1229/13/1739 1230/13/1657
s 0
f 1522/80/1853 1355/80/2079 1351/80/1740 1523/80/2080
s 1
f 1266/13/2064 1441/13/2066 1531/102/1879 1526/183/1836
f 1441/13/2066 1245/13/2068 1527/89/1880 1531/102/1879
f 1429/13/2062 1266/13/2064 1526/183/1836 1530/89/1735
f 1165/13/1656 1246/13/1767 1528/88/1734 1525/88/1741
f 1165/13/1656 1525/88/1741 1529/89/1744 1230/13/1657
f 1246/13/1767 1429/13/2062 1530/89/1735 1528/88/1734
f 1472/125/2071 1220/13/2081 1524/88/1547 1532/105/1546
f 979/13/1302 983/13/1294 975/13/1280 966/13/1279
s 0
f 1000/80/1325 1537/80/1483 1540/80/2082 1059/80/2083
f 996/80/1337 1536/80/1363 1539/80/2084 1062/80/1334
f 1001/80/1342 1534/80/2085 1537/80/2086 1000/80/2087
f 1005/80/1348 1538/80/2088 1535/80/1379 994/80/2089
f 1062/80/1334 1539/80/1375 1533/80/1376 992/80/1488
f 994/80/2090 1535/80/2091 1536/80/2092 996/80/1337
f 992/80/2093 1533/80/1330 1534/80/2094 1001/80/1341
f 1059/80/2083 1540/80/2095 1538/80/1329 1005/80/2096
f 1537/80/1483 1009/80/2097 1065/80/1327 1540/80/1326
f 1551/80/2098 1552/80/2099 1404/80/2100 1550/80/1947
f 1542/80/2101 1408/80/2102 1377/80/2103 1545/80/2000
f 1541/80/1909 1422/80/2104 1414/80/1985 1548/80/2105
f 1546/80/2106 1411/80/2014 1406/80/2107 1547/80/1974
f 1544/80/2108 1416/80/2001 1422/80/2104 1541/80/2109
f 1544/80/2002 1415/80/2110 1403/80/1971 1547/80/2111
f 1548/80/2112 1414/80/2113 1417/80/1997 1543/80/1983
f 1543/80/1999 1417/80/2114 1391/80/2115 1545/80/2116
f 1546/80/2015 1410/80/1972 1405/80/2117 1549/80/2012
f 1550/80/2118 1404/80/2119 1364/80/2120 1402/80/2121
f 1388/80/2122 1389/80/1954 1552/80/1957 1551/80/2123
s 1
f 857/9/1107 842/9/1106 1319/38/1163
o Cube.001
v 0.621258 -0.222501 0.557820
v 0.621258 0.450725 0.557820
v 0.621258 -0.222501 -0.115406
v 0.621258 0.450725 -0.115406
v 1.294484 -0.222501 0.557819
v 1.294484 0.450725 0.557819
v 1.294484 -0.222501 -0.115406
v 1.294484 0.450725 -0.115406
v 0.569184 -0.274575 0.026863
v 0.545606 -0.298153 0.221207
v 0.569184 -0.274575 0.415550
v 0.569184 -0.080232 0.609894
v 0.545606 0.114112 0.633472
v 0.569184 0.308456 0.609894
v 0.569184 0.502799 0.415550
v 0.545606 0.526377 0.221207
v 0.569184 0.502799 0.026863
v 0.569184 0.308456 -0.167480
v 0.545606 0.114112 -0.191058
v 0.569184 -0.080232 -0.167480
v 1.152215 -0.274575 -0.167480
v 0.957871 -0.298153 -0.191058
v 0.763528 -0.274575 -0.167480
v 0.763528 0.502799 -0.167480
v 0.957871 0.526377 -0.191058
v 1.152215 0.502799 -0.167480
v 1.346558 0.308455 -0.167480
v 1.370136 0.114112 -0.191058
v 1.346558 -0.080231 -0.167480
v 1.346558 -0.274575 0.415550
v 1.370136 -0.298153 0.221207
v 1.346558 -0.274575 0.026863
v 1.346558 0.502799 0.026863
v 1.370136 0.526377 0.221207
v 1.346558 0.502799 0.415550
v 1.346558 0.308455 0.609894
v 1.370136 0.114112 0.633471
v 1.346558 -0.080231 0.609894
v 0.763528 -0.274575 0.609894
v 0.957871 -0.298153 0.633471
v 1.152215 -0.274575 0.609893
v 1.152215 0.502799 0.609893
v 0.957871 0.526377 0.633471
v 0.763528 0.502799 0.609894
v 1.195892 0.590154 -0.016815
v 1.218610 0.635590 0.221206
v 1.195893 0.590154 0.459228
v 0.957871 0.635590 -0.039533
v 0.957871 0.697142 0.221206
v 0.957871 0.635590 0.481946
v 0.719850 0.590154 -0.016815
v 0.697132 0.635590 0.221206
v 0.719850 0.590155 0.459228
v 0.719850 -0.361930 -0.016815
v 0.697132 -0.407366 0.221206
v 0.719850 -0.361931 0.459228
v 0.957871 -0.407366 -0.039533
v 0.957871 -0.468918 0.221206
v 0.957871 -0.407366 0.481946
v 1.195892 -0.361930 -0.016815
v 1.218610 -0.407366 0.221206
v 1.195893 -0.361930 0.459228
v 1.195893 -0.123909 0.697249
v 0.957871 -0.146627 0.742685
v 0.719850 -0.123909 0.697249
v 1.218611 0.114112 0.742685
v 0.957871 0.114112 0.804237
v 0.697132 0.114112 0.742685
v 1.195893 0.352133 0.697249
v 0.957871 0.374851 0.742685
v 0.719850 0.352133 0.697249
v 1.433913 -0.123909 -0.016815
v 1.479349 -0.146627 0.221206
v 1.433914 -0.123909 0.459228
v 1.479349 0.114112 -0.039532
v 1.540901 0.114112 0.221206
v 1.479349 0.114112 0.481945
v 1.433913 0.352133 -0.016815
v 1.479349 0.374851 0.221206
v 1.433914 0.352133 0.459228
v 0.719850 -0.123909 -0.254836
v 0.957871 -0.146627 -0.300272
v 1.195892 -0.123909 -0.254835
v 0.697132 0.114112 -0.300272
v 0.957871 0.114112 -0.361824
v 1.218610 0.114112 -0.300271
v 0.719850 0.352133 -0.254836
v 0.957871 0.374851 -0.300272
v 1.195892 0.352133 -0.254835
v 0.481829 -0.123909 0.459228
v 0.436393 -0.146627 0.221206
v 0.481829 -0.123909 -0.016815
v 0.436393 0.114112 0.481946
v 0.374841 0.114112 0.221206
v 0.436393 0.114112 -0.039533
v 0.481829 0.352133 0.459228
v 0.436393 0.374851 0.221206
v 0.481829 0.352133 -0.016815
v -0.621258 -0.222501 0.557820
v -0.621258 0.450725 0.557820
v -0.621258 -0.222501 -0.115406
v -0.621258 0.450725 -0.115406
v -1.294484 -0.222501 0.557819
v -1.294484 0.450725 0.557819
v -1.294484 -0.222501 -0.115406
v -1.294484 0.450725 -0.115406
v -0.569184 -0.274575 0.026863
v -0.545606 -0.298153 0.221207
v -0.569184 -0.274575 0.415550
v -0.569184 -0.080232 0.609894
v -0.545606 0.114112 0.633472
v -0.569184 0.308456 0.609894
v -0.569184 0.502799 0.415550
v -0.545606 0.526377 0.221207
v -0.569184 0.502799 0.026863
v -0.569184 0.308456 -0.167480
v -0.545606 0.114112 -0.191058
v -0.569184 -0.080232 -0.167480
v -1.152215 -0.274575 -0.167480
v -0.957871 -0.298153 -0.191058
v -0.763528 -0.274575 -0.167480
v -0.763528 0.502799 -0.167480
v -0.957871 0.526377 -0.191058
v -1.152215 0.502799 -0.167480
v -1.346558 0.308455 -0.167480
v -1.370136 0.114112 -0.191058
v -1.346558 -0.080231 -0.167480
v -1.346558 -0.274575 0.415550
v -1.370136 -0.298153 0.221207
v -1.346558 -0.274575 0.026863
v -1.346558 0.502799 0.026863
v -1.370136 0.526377 0.221207
v -1.346558 0.502799 0.415550
v -1.346558 0.308455 0.609894
v -1.370136 0.114112 0.633471
v -1.346558 -0.080231 0.609894
v -0.763528 -0.274575 0.609894
v -0.957871 -0.298153 0.633471
v -1.152215 -0.274575 0.609893
v -1.152215 0.502799 0.609893
v -0.957871 0.526377 0.633471
v -0.763528 0.502799 0.609894
v -1.195892 0.590154 -0.016815
v -1.218610 0.635590 0.221206
v -1.195893 0.590154 0.459228
v -0.957871 0.635590 -0.039533
v -0.957871 0.697142 0.221206
v -0.957871 0.635590 0.481946
v -0.719850 0.590154 -0.016815
v -0.697132 0.635590 0.221206
v -0.719850 0.590155 0.459228
v -0.719850 -0.361930 -0.016815
v -0.697132 -0.407366 0.221206
v -0.719850 -0.361931 0.459228
v -0.957871 -0.407366 -0.039533
v -0.957871 -0.468918 0.221206
v -0.957871 -0.407366 0.481946
v -1.195892 -0.361930 -0.016815
v -1.218610 -0.407366 0.221206
v -1.195893 -0.361930 0.459228
v -1.195893 -0.123909 0.697249
v -0.957871 -0.146627 0.742685
v -0.719850 -0.123909 0.697249
v -1.218611 0.114112 0.742685
v -0.957871 0.114112 0.804237
v -0.697132 0.114112 0.742685
v -1.195893 0.352133 0.697249
v -0.957871 0.374851 0.742685
v -0.719850 0.352133 0.697249
v -1.433913 -0.123909 -0.016815
v -1.479349 -0.146627 0.221206
v -1.433914 -0.123909 0.459228
v -1.479349 0.114112 -0.039532
v -1.540901 0.114112 0.221206
v -1.479349 0.114112 0.481945
v -1.433913 0.352133 -0.016815
v -1.479349 0.374851 0.221206
v -1.433914 0.352133 0.459228
v -0.719850 -0.123909 -0.254836
v -0.957871 -0.146627 -0.300272
v -1.195892 -0.123909 -0.254835
v -0.697132 0.114112 -0.300272
v -0.957871 0.114112 -0.361824
v -1.218610 0.114112 -0.300271
v -0.719850 0.352133 -0.254836
v -0.957871 0.374851 -0.300272
v -1.195892 0.352133 -0.254835
v -0.481829 -0.123909 0.459228
v -0.436393 -0.146627 0.221206
v -0.481829 -0.123909 -0.016815
v -0.436393 0.114112 0.481946
v -0.374841 0.114112 0.221206
v -0.436393 0.114112 -0.039533
v -0.481829 0.352133 0.459228
v -0.436393 0.374851 0.221206
v -0.481829 0.352133 -0.016815
vn -0.5774 -0.5774 0.5773
vn -0.5774 0.5774 0.5774
vn -0.5773 -0.5774 -0.5774
vn -0.5773 0.5774 -0.5774
vn 0.5774 -0.5774 0.5773
vn 0.5774 0.5774 0.5774
vn 0.5774 -0.5773 -0.5774
vn 0.5774 0.5773 -0.5774
vn -0.6695 -0.6695 -0.3219
vn -0.7071 -0.7071 -0.0000
vn -0.6695 -0.6695 0.3219
vn -0.6695 -0.3219 0.6695
vn -0.7071 -0.0000 0.7071
vn -0.6695 0.3219 0.6695
vn -0.6695 0.6695 0.3219
vn -0.7071 0.7071 -0.0000
vn -0.6695 0.6695 -0.3219
vn -0.6695 0.3219 -0.6695
vn -0.7071 -0.0000 -0.7071
vn -0.6695 -0.3219 -0.6695
vn 0.3219 -0.6695 -0.6695
vn -0.0000 -0.7071 -0.7071
vn -0.3219 -0.6695 -0.6695
vn -0.3219 0.6695 -0.6695
vn -0.0000 0.7071 -0.7071
vn 0.3219 0.6695 -0.6695
vn 0.6695 0.3219 -0.6695
vn 0.7071 -0.0000 -0.7071
vn 0.6695 -0.3219 -0.6695
vn 0.6695 -0.6695 0.3219
vn 0.7071 -0.7071 -0.0000
vn 0.6695 -0.6695 -0.3219
vn 0.6695 0.6695 -0.3219
vn 0.7071 0.7071 -0.0000
vn 0.6695 0.6695 0.3219
vn 0.6695 0.3219 0.6695
vn 0.7071 -0.0000 0.7071
vn 0.6695 -0.3219 0.6695
vn -0.3219 -0.6695 0.6695
vn -0.0000 -0.7071 0.7071
vn 0.3219 -0.6695 0.6695
vn 0.3219 0.6695 0.6695
vn -0.0000 0.7071 0.7071
vn -0.3219 0.6695 0.6695
vn 0.3756 0.8472 -0.3756
vn 0.4004 0.9163 -0.0000
vn 0.3756 0.8472 0.3756
vn -0.0000 0.9163 -0.4004
vn -0.0000 1.0000 -0.0000
vn -0.0000 0.9163 0.4004
vn -0.3756 0.8472 -0.3756
vn -0.4004 0.9163 -0.0000
vn -0.3756 0.8472 0.3756
vn -0.3756 -0.8472 -0.3756
vn -0.4004 -0.9163 -0.0000
vn -0.3756 -0.8472 0.3756
vn -0.0000 -0.9163 -0.4004
vn -0.0000 -1.0000 -0.0000
vn -0.0000 -0.9163 0.4004
vn 0.3756 -0.8472 -0.3756
vn 0.4004 -0.9163 -0.0000
vn 0.3756 -0.8472 0.3756
vn 0.3756 -0.3756 0.8472
vn -0.0000 -0.4004 0.9163
vn -0.3756 -0.3756 0.8472
vn 0.4004 -0.0000 0.9163
vn -0.0000 -0.0000 1.0000
vn -0.4004 -0.0000 0.9163
vn 0.3756 0.3756 0.8472
vn -0.0000 0.4004 0.9163
vn -0.3756 0.3756 0.8472
vn 0.8472 -0.3756 -0.3756
vn 0.9163 -0.4004 -0.0000
vn 0.8472 -0.3756 0.3756
vn 0.9163 -0.0000 -0.4004
vn 1.0000 -0.0000 -0.0000
vn 0.9163 -0.0000 0.4004
vn 0.8472 0.3756 -0.3756
vn 0.9163 0.4004 -0.0000
vn 0.8472 0.3756 0.3756
vn -0.3756 -0.3756 -0.8472
vn -0.0000 -0.4004 -0.9163
vn 0.3756 -0.3756 -0.8472
vn -0.4004 -0.0000 -0.9163
vn -0.0000 -0.0000 -1.0000
vn 0.4004 -0.0000 -0.9163
vn -0.3756 0.3756 -0.8472
vn -0.0000 0.4004 -0.9163
vn 0.3756 0.3756 -0.8472
vn -0.8472 -0.3756 0.3756
vn -0.9163 -0.4004 -0.0000
vn -0.8472 -0.3756 -0.3756
vn -0.9163 -0.0000 0.4004
vn -1.0000 -0.0000 -0.0000
vn -0.9163 -0.0000 -0.4004
vn -0.8472 0.3756 0.3756
vn -0.9163 0.4004 -0.0000
vn -0.8472 0.3756 -0.3756
vn 0.5774 -0.5774 0.5774
vn 0.5773 0.5774 0.5774
vn 0.5773 -0.5774 -0.5774
vn 0.5773 0.5774 -0.5774
vn -0.5774 -0.5773 -0.5774
vn -0.5774 0.5773 -0.5774
vt 0.562500 0.187500
vt 0.625000 0.187500
vt 0.625000 0.250000
vt 0.562500 0.250000
vt 0.562500 0.437500
vt 0.625000 0.437500
vt 0.625000 0.500000
vt 0.562500 0.500000
vt 0.562500 0.687500
vt 0.625000 0.687500
vt 0.625000 0.750000
vt 0.562500 0.750000
vt 0.562500 0.937500
vt 0.625000 0.937500
vt 0.625000 1.000000
vt 0.562500 1.000000
vt 0.312500 0.687500
vt 0.375000 0.687500
vt 0.375000 0.750000
vt 0.312500 0.750000
vt 0.812500 0.687500
vt 0.875000 0.687500
vt 0.875000 0.750000
vt 0.812500 0.750000
vt 0.687500 0.687500
vt 0.687500 0.750000
vt 0.750000 0.687500
vt 0.750000 0.750000
vt 0.687500 0.500000
vt 0.687500 0.562500
vt 0.625000 0.562500
vt 0.687500 0.625000
vt 0.625000 0.625000
vt 0.750000 0.500000
vt 0.750000 0.562500
vt 0.750000 0.625000
vt 0.812500 0.500000
vt 0.812500 0.562500
vt 0.812500 0.625000
vt 0.875000 0.500000
vt 0.875000 0.562500
vt 0.875000 0.625000
vt 0.125000 0.687500
vt 0.187500 0.687500
vt 0.187500 0.750000
vt 0.125000 0.750000
vt 0.250000 0.687500
vt 0.250000 0.750000
vt 0.125000 0.500000
vt 0.187500 0.500000
vt 0.187500 0.562500
vt 0.125000 0.562500
vt 0.187500 0.625000
vt 0.125000 0.625000
vt 0.250000 0.500000
vt 0.250000 0.562500
vt 0.250000 0.625000
vt 0.312500 0.500000
vt 0.312500 0.562500
vt 0.312500 0.625000
vt 0.375000 0.500000
vt 0.375000 0.562500
vt 0.375000 0.625000
vt 0.375000 0.937500
vt 0.437500 0.937500
vt 0.437500 1.000000
vt 0.375000 1.000000
vt 0.500000 0.937500
vt 0.500000 1.000000
vt 0.437500 0.750000
vt 0.437500 0.812500
vt 0.375000 0.812500
vt 0.437500 0.875000
vt 0.375000 0.875000
vt 0.500000 0.750000
vt 0.500000 0.812500
vt 0.500000 0.875000
vt 0.562500 0.812500
vt 0.562500 0.875000
vt 0.625000 0.812500
vt 0.625000 0.875000
vt 0.437500 0.687500
vt 0.500000 0.687500
vt 0.437500 0.500000
vt 0.437500 0.562500
vt 0.437500 0.625000
vt 0.500000 0.500000
vt 0.500000 0.562500
vt 0.500000 0.625000
vt 0.562500 0.562500
vt 0.562500 0.625000
vt 0.375000 0.437500
vt 0.437500 0.437500
vt 0.500000 0.437500
vt 0.375000 0.250000
vt 0.437500 0.250000
vt 0.437500 0.312500
vt 0.375000 0.312500
vt 0.437500 0.375000
vt 0.375000 0.375000
vt 0.500000 0.250000
vt 0.500000 0.312500
vt 0.500000 0.375000
vt 0.562500 0.312500
vt 0.562500 0.375000
vt 0.625000 0.312500
vt 0.625000 0.375000
vt 0.375000 0.187500
vt 0.437500 0.187500
vt 0.500000 0.187500
vt 0.375000 0.000000
vt 0.437500 0.000000
vt 0.437500 0.062500
vt 0.375000 0.062500
vt 0.437500 0.125000
vt 0.375000 0.125000
vt 0.500000 0.000000
vt 0.500000 0.062500
vt 0.500000 0.125000
vt 0.562500 0.000000
vt 0.562500 0.062500
vt 0.562500 0.125000
vt 0.625000 0.000000
vt 0.625000 0.062500
vt 0.625000 0.125000
s 1
f 1650/194/2221 1569/195/2140 1556/196/2127 1570/197/2141
f 1641/198/2212 1578/199/2149 1560/200/2131 1579/201/2150
f 1632/202/2203 1587/203/2158 1558/204/2129 1588/205/2159
f 1623/206/2194 1596/207/2167 1554/208/2125 1566/209/2137
f 1614/210/2185 1582/211/2153 1557/212/2128 1593/213/2164
f 1605/214/2176 1567/215/2138 1554/216/2125 1596/217/2167
f 1587/203/2158 1599/218/2170 1594/219/2165 1558/204/2129
f 1599/218/2170 1602/220/2173 1595/221/2166 1594/219/2165
f 1602/220/2173 1605/214/2176 1596/217/2167 1595/221/2166
f 1560/200/2131 1578/222/2149 1597/223/2168 1585/224/2156
f 1585/224/2156 1597/223/2168 1598/225/2169 1586/226/2157
f 1586/226/2157 1598/225/2169 1599/218/2170 1587/203/2158
f 1578/222/2149 1577/227/2148 1600/228/2171 1597/223/2168
f 1597/223/2168 1600/228/2171 1601/229/2172 1598/225/2169
f 1598/225/2169 1601/229/2172 1602/220/2173 1599/218/2170
f 1577/227/2148 1576/230/2147 1603/231/2174 1600/228/2171
f 1600/228/2171 1603/231/2174 1604/232/2175 1601/229/2172
f 1601/229/2172 1604/232/2175 1605/214/2176 1602/220/2173
f 1576/230/2147 1556/233/2127 1569/234/2140 1603/231/2174
f 1603/231/2174 1569/234/2140 1568/235/2139 1604/232/2175
f 1604/232/2175 1568/235/2139 1567/215/2138 1605/214/2176
f 1563/236/2134 1608/237/2179 1591/238/2162 1553/239/2124
f 1608/237/2179 1611/240/2182 1592/241/2163 1591/238/2162
f 1611/240/2182 1614/210/2185 1593/213/2164 1592/241/2163
f 1555/242/2126 1575/243/2146 1606/244/2177 1561/245/2132
f 1561/245/2132 1606/244/2177 1607/246/2178 1562/247/2133
f 1562/247/2133 1607/246/2178 1608/237/2179 1563/236/2134
f 1575/243/2146 1574/248/2145 1609/249/2180 1606/244/2177
f 1606/244/2177 1609/249/2180 1610/250/2181 1607/246/2178
f 1607/246/2178 1610/250/2181 1611/240/2182 1608/237/2179
f 1574/248/2145 1573/251/2144 1612/252/2183 1609/249/2180
f 1609/249/2180 1612/252/2183 1613/253/2184 1610/250/2181
f 1610/250/2181 1613/253/2184 1614/210/2185 1611/240/2182
f 1573/251/2144 1559/254/2130 1584/255/2155 1612/252/2183
f 1612/252/2183 1584/255/2155 1583/256/2154 1613/253/2184
f 1613/253/2184 1583/256/2154 1582/211/2153 1614/210/2185
f 1591/257/2162 1617/258/2188 1564/259/2135 1553/260/2124
f 1617/258/2188 1620/261/2191 1565/262/2136 1564/259/2135
f 1620/261/2191 1623/206/2194 1566/209/2137 1565/262/2136
f 1557/212/2128 1590/263/2161 1615/264/2186 1593/265/2164
f 1593/265/2164 1615/264/2186 1616/266/2187 1592/267/2163
f 1592/267/2163 1616/266/2187 1617/258/2188 1591/257/2162
f 1590/263/2161 1589/268/2160 1618/269/2189 1615/264/2186
f 1615/264/2186 1618/269/2189 1619/270/2190 1616/266/2187
f 1616/266/2187 1619/270/2190 1620/261/2191 1617/258/2188
f 1589/268/2160 1588/205/2159 1621/271/2192 1618/269/2189
f 1618/269/2189 1621/271/2192 1622/272/2193 1619/270/2190
f 1619/270/2190 1622/272/2193 1623/206/2194 1620/261/2191
f 1588/205/2159 1558/204/2129 1594/273/2165 1621/271/2192
f 1621/271/2192 1594/273/2165 1595/274/2166 1622/272/2193
f 1622/272/2193 1595/274/2166 1596/207/2167 1623/206/2194
f 1582/211/2153 1626/275/2197 1590/263/2161 1557/212/2128
f 1626/275/2197 1629/276/2200 1589/268/2160 1590/263/2161
f 1629/276/2200 1632/202/2203 1588/205/2159 1589/268/2160
f 1559/254/2130 1581/277/2152 1624/278/2195 1584/255/2155
f 1584/255/2155 1624/278/2195 1625/279/2196 1583/256/2154
f 1583/256/2154 1625/279/2196 1626/275/2197 1582/211/2153
f 1581/277/2152 1580/280/2151 1627/281/2198 1624/278/2195
f 1624/278/2195 1627/281/2198 1628/282/2199 1625/279/2196
f 1625/279/2196 1628/282/2199 1629/276/2200 1626/275/2197
f 1580/280/2151 1579/201/2150 1630/283/2201 1627/281/2198
f 1627/281/2198 1630/283/2201 1631/284/2202 1628/282/2199
f 1628/282/2199 1631/284/2202 1632/202/2203 1629/276/2200
f 1579/201/2150 1560/200/2131 1585/224/2156 1630/283/2201
f 1630/283/2201 1585/224/2156 1586/226/2157 1631/284/2202
f 1631/284/2202 1586/226/2157 1587/203/2158 1632/202/2203
f 1573/285/2144 1635/286/2206 1581/277/2152 1559/254/2130
f 1635/286/2206 1638/287/2209 1580/280/2151 1581/277/2152
f 1638/287/2209 1641/198/2212 1579/201/2150 1580/280/2151
f 1555/288/2126 1572/289/2143 1633/290/2204 1575/291/2146
f 1575/291/2146 1633/290/2204 1634/292/2205 1574/293/2145
f 1574/293/2145 1634/292/2205 1635/286/2206 1573/285/2144
f 1572/289/2143 1571/294/2142 1636/295/2207 1633/290/2204
f 1633/290/2204 1636/295/2207 1637/296/2208 1634/292/2205
f 1634/292/2205 1637/296/2208 1638/287/2209 1635/286/2206
f 1571/294/2142 1570/197/2141 1639/297/2210 1636/295/2207
f 1636/295/2207 1639/297/2210 1640/298/2211 1637/296/2208
f 1637/296/2208 1640/298/2211 1641/198/2212 1638/287/2209
f 1570/197/2141 1556/196/2127 1576/299/2147 1639/297/2210
f 1639/297/2210 1576/299/2147 1577/300/2148 1640/298/2211
f 1640/298/2211 1577/300/2148 1578/199/2149 1641/198/2212
f 1561/301/2132 1644/302/2215 1572/289/2143 1555/288/2126
f 1644/302/2215 1647/303/2218 1571/294/2142 1572/289/2143
f 1647/303/2218 1650/194/2221 1570/197/2141 1571/294/2142
f 1553/304/2124 1564/305/2135 1642/306/2213 1563/307/2134
f 1563/307/2134 1642/306/2213 1643/308/2214 1562/309/2133
f 1562/309/2133 1643/308/2214 1644/302/2215 1561/301/2132
f 1564/305/2135 1565/310/2136 1645/311/2216 1642/306/2213
f 1642/306/2213 1645/311/2216 1646/312/2217 1643/308/2214
f 1643/308/2214 1646/312/2217 1647/303/2218 1644/302/2215
f 1565/310/2136 1566/313/2137 1648/314/2219 1645/311/2216
f 1645/311/2216 1648/314/2219 1649/315/2220 1646/312/2217
f 1646/312/2217 1649/315/2220 1650/194/2221 1647/303/2218
f 1566/313/2137 1554/316/2125 1567/317/2138 1648/314/2219
f 1648/314/2219 1567/317/2138 1568/318/2139 1649/315/2220
f 1649/315/2220 1568/318/2139 1569/195/2140 1650/194/2221
f 1748/194/2201 1668/197/2150 1654/196/2225 1667/195/2156
f 1739/198/2210 1677/201/2141 1658/200/2227 1676/199/2147
f 1730/202/2219 1686/205/2137 1656/204/2125 1685/203/2138
f 1721/206/2192 1664/209/2159 1652/208/2223 1694/207/2165
f 1712/210/2179 1691/213/2162 1655/212/2124 1680/211/2134
f 1703/214/2170 1694/217/2165 1652/216/2223 1665/215/2158
f 1685/203/2138 1656/204/2125 1692/219/2167 1697/218/2176
f 1697/218/2176 1692/219/2167 1693/221/2166 1700/220/2173
f 1700/220/2173 1693/221/2166 1694/217/2165 1703/214/2170
f 1658/200/2227 1683/224/2140 1695/223/2174 1676/222/2147
f 1683/224/2140 1684/226/2139 1696/225/2175 1695/223/2174
f 1684/226/2139 1685/203/2138 1697/218/2176 1696/225/2175
f 1676/222/2147 1695/223/2174 1698/228/2171 1675/227/2148
f 1695/223/2174 1696/225/2175 1699/229/2172 1698/228/2171
f 1696/225/2175 1697/218/2176 1700/220/2173 1699/229/2172
f 1675/227/2148 1698/228/2171 1701/231/2168 1674/230/2149
f 1698/228/2171 1699/229/2172 1702/232/2169 1701/231/2168
f 1699/229/2172 1700/220/2173 1703/214/2170 1702/232/2169
f 1674/230/2149 1701/231/2168 1667/234/2156 1654/233/2225
f 1701/231/2168 1702/232/2169 1666/235/2157 1667/234/2156
f 1702/232/2169 1703/214/2170 1665/215/2158 1666/235/2157
f 1661/236/2153 1651/239/2222 1689/238/2164 1706/237/2185
f 1706/237/2185 1689/238/2164 1690/241/2163 1709/240/2182
f 1709/240/2182 1690/241/2163 1691/213/2162 1712/210/2179
f 1653/242/2224 1659/245/2155 1704/244/2183 1673/243/2144
f 1659/245/2155 1660/247/2154 1705/246/2184 1704/244/2183
f 1660/247/2154 1661/236/2153 1706/237/2185 1705/246/2184
f 1673/243/2144 1704/244/2183 1707/249/2180 1672/248/2145
f 1704/244/2183 1705/246/2184 1708/250/2181 1707/249/2180
f 1705/246/2184 1706/237/2185 1709/240/2182 1708/250/2181
f 1672/248/2145 1707/249/2180 1710/252/2177 1671/251/2146
f 1707/249/2180 1708/250/2181 1711/253/2178 1710/252/2177
f 1708/250/2181 1709/240/2182 1712/210/2179 1711/253/2178
f 1671/251/2146 1710/252/2177 1682/255/2132 1657/254/2226
f 1710/252/2177 1711/253/2178 1681/256/2133 1682/255/2132
f 1711/253/2178 1712/210/2179 1680/211/2134 1681/256/2133
f 1689/257/2164 1651/260/2222 1662/259/2161 1715/258/2186
f 1715/258/2186 1662/259/2161 1663/262/2160 1718/261/2189
f 1718/261/2189 1663/262/2160 1664/209/2159 1721/206/2192
f 1655/212/2124 1691/265/2162 1713/264/2188 1688/263/2135
f 1691/265/2162 1690/267/2163 1714/266/2187 1713/264/2188
f 1690/267/2163 1689/257/2164 1715/258/2186 1714/266/2187
f 1688/263/2135 1713/264/2188 1716/269/2191 1687/268/2136
f 1713/264/2188 1714/266/2187 1717/270/2190 1716/269/2191
f 1714/266/2187 1715/258/2186 1718/261/2189 1717/270/2190
f 1687/268/2136 1716/269/2191 1719/271/2194 1686/205/2137
f 1716/269/2191 1717/270/2190 1720/272/2193 1719/271/2194
f 1717/270/2190 1718/261/2189 1721/206/2192 1720/272/2193
f 1686/205/2137 1719/271/2194 1692/273/2167 1656/204/2125
f 1719/271/2194 1720/272/2193 1693/274/2166 1692/273/2167
f 1720/272/2193 1721/206/2192 1694/207/2165 1693/274/2166
f 1680/211/2134 1655/212/2124 1688/263/2135 1724/275/2213
f 1724/275/2213 1688/263/2135 1687/268/2136 1727/276/2216
f 1727/276/2216 1687/268/2136 1686/205/2137 1730/202/2219
f 1657/254/2226 1682/255/2132 1722/278/2215 1679/277/2143
f 1682/255/2132 1681/256/2133 1723/279/2214 1722/278/2215
f 1681/256/2133 1680/211/2134 1724/275/2213 1723/279/2214
f 1679/277/2143 1722/278/2215 1725/281/2218 1678/280/2142
f 1722/278/2215 1723/279/2214 1726/282/2217 1725/281/2218
f 1723/279/2214 1724/275/2213 1727/276/2216 1726/282/2217
f 1678/280/2142 1725/281/2218 1728/283/2221 1677/201/2141
f 1725/281/2218 1726/282/2217 1729/284/2220 1728/283/2221
f 1726/282/2217 1727/276/2216 1730/202/2219 1729/284/2220
f 1677/201/2141 1728/283/2221 1683/224/2140 1658/200/2227
f 1728/283/2221 1729/284/2220 1684/226/2139 1683/224/2140
f 1729/284/2220 1730/202/2219 1685/203/2138 1684/226/2139
f 1671/285/2146 1657/254/2226 1679/277/2143 1733/286/2204
f 1733/286/2204 1679/277/2143 1678/280/2142 1736/287/2207
f 1736/287/2207 1678/280/2142 1677/201/2141 1739/198/2210
f 1653/288/2224 1673/291/2144 1731/290/2206 1670/289/2152
f 1673/291/2144 1672/293/2145 1732/292/2205 1731/290/2206
f 1672/293/2145 1671/285/2146 1733/286/2204 1732/292/2205
f 1670/289/2152 1731/290/2206 1734/295/2209 1669/294/2151
f 1731/290/2206 1732/292/2205 1735/296/2208 1734/295/2209
f 1732/292/2205 1733/286/2204 1736/287/2207 1735/296/2208
f 1669/294/2151 1734/295/2209 1737/297/2212 1668/197/2150
f 1734/295/2209 1735/296/2208 1738/298/2211 1737/297/2212
f 1735/296/2208 1736/287/2207 1739/198/2210 1738/298/2211
f 1668/197/2150 1737/297/2212 1674/299/2149 1654/196/2225
f 1737/297/2212 1738/298/2211 1675/300/2148 1674/299/2149
f 1738/298/2211 1739/198/2210 1676/199/2147 1675/300/2148
f 1659/301/2155 1653/288/2224 1670/289/2152 1742/302/2195
f 1742/302/2195 1670/289/2152 1669/294/2151 1745/303/2198
f 1745/303/2198 1669/294/2151 1668/197/2150 1748/194/2201
f 1651/304/2222 1661/307/2153 1740/306/2197 1662/305/2161
f 1661/307/2153 1660/309/2154 1741/308/2196 1740/306/2197
f 1660/309/2154 1659/301/2155 1742/302/2195 1741/308/2196
f 1662/305/2161 1740/306/2197 1743/311/2200 1663/310/2160
f 1740/306/2197 1741/308/2196 1744/312/2199 1743/311/2200
f 1741/308/2196 1742/302/2195 1745/303/2198 1744/312/2199
f 1663/310/2160 1743/311/2200 1746/314/2203 1664/313/2159
f 1743/311/2200 1744/312/2199 1747/315/2202 1746/314/2203
f 1744/312/2199 1745/303/2198 1748/194/2201 1747/315/2202
f 1664/313/2159 1746/314/2203 1665/317/2158 1652/316/2223
f 1746/314/2203 1747/315/2202 1666/318/2157 1665/317/2158
f 1747/315/2202 1748/194/2201 1667/195/2156 1666/318/2157
